group_id,category,split,sample_key,sample_number,normal_class,anomaly_class,metadata_anomaly_class,metadata_label_matches_filename,rows,distinct_views,observed_views,missing_views,duplicate_views,five_rows,expected_camera_set,no_duplicate_cameras,single_category,single_split,single_sample_key,single_meta_prefix,single_normal_class,unique_image_paths,all_images_exist,declared_masks_exist,all_masks_correspond,all_categories_match,all_labels_match_filenames,valid_five_view_group
pcb::pcb_0001_NG_HS,pcb,test,pcb_0001_NG_HS,0001,OK,NG_HS,HS,True,5,5,"C1,C2,C3,C4,C5",,,True,True,True,True,True,True,True,True,True,True,True,True,True,True,True
pcb::pcb_0001_NG_QS,pcb,test,pcb_0001_NG_QS,0001,OK,NG_QS,QS,True,5,5,"C1,C2,C3,C4,C5",,,True,True,True,True,True,True,True,True,True,True,True,True,True,True,True
pcb::pcb_0001_NG_YW,pcb,test,pcb_0001_NG_YW,0001,OK,NG_YW,YW,True,5,5,"C1,C2,C3,C4,C5",,,True,True,True,True,True,True,True,True,True,True,True,True,True,True,True
pcb::pcb_0001_NG_ZW,pcb,test,pcb_0001_NG_ZW,0001,OK,NG_ZW,ZW,True,5,5,"C1,C2,C3,C4,C5",,,True,True,True,True,True,True,True,True,True,True,True,True,True,True,True
pcb::pcb_0001_OK,pcb,test,pcb_0001_OK,0001,OK,OK,OK,True,5,5,"C1,C2,C3,C4,C5",,,True,True,True,True,True,True,True,True,True,True,True,True,True,True,True
pcb::pcb_0002_NG_HS,pcb,test,pcb_0002_NG_HS,0002,OK,NG_HS,OK,False,5,5,"C1,C2,C3,C4,C5",,,True,True,True,True,True,True,True,True,True,True,True,True,True,True,True
pcb::pcb_0002_NG_QS,pcb,test,pcb_0002_NG_QS,0002,OK,NG_QS,OK,False,5,5,"C1,C2,C3,C4,C5",,,True,True,True,True,True,True,True,True,True,True,True,True,True,True,True
pcb::pcb_0002_NG_YW,pcb,test,pcb_0002_NG_YW,0002,OK,NG_YW,YW,True,5,5,"C1,C2,C3,C4,C5",,,True,True,True,True,True,True,True,True,True,True,True,True,True,True,True
pcb::pcb_0002_NG_ZW,pcb,test,pcb_0002_NG_ZW,0002,OK,NG_ZW,ZW,True,5,5,"C1,C2,C3,C4,C5",,,True,True,True,True,True,True,True,True,True,True,True,True,True,True,True
pcb::pcb_0002_OK,pcb,test,pcb_0002_OK,0002,OK,OK,OK,True,5,5,"C1,C2,C3,C4,C5",,,True,True,True,True,True,True,True,True,True,True,True,True,True,True,True
pcb::pcb_0003_NG_HS,pcb,test,pcb_0003_NG_HS,0003,OK,NG_HS,HS,True,5,5,"C1,C2,C3,C4,C5",,,True,True,True,True,True,True,True,True,True,True,True,True,True,True,True
pcb::pcb_0003_NG_QS,pcb,test,pcb_0003_NG_QS,0003,OK,NG_QS,QS,True,5,5,"C1,C2,C3,C4,C5",,,True,True,True,True,True,True,True,True,True,True,True,True,True,True,True
pcb::pcb_0003_NG_YW,pcb,test,pcb_0003_NG_YW,0003,OK,NG_YW,YW,True,5,5,"C1,C2,C3,C4,C5",,,True,True,True,True,True,True,True,True,True,True,True,True,True,True,True
pcb::pcb_0003_NG_ZW,pcb,test,pcb_0003_NG_ZW,0003,OK,NG_ZW,ZW,True,5,5,"C1,C2,C3,C4,C5",,,True,True,True,True,True,True,True,True,True,True,True,True,True,True,True
pcb::pcb_0003_OK,pcb,test,pcb_0003_OK,0003,OK,OK,OK,True,5,5,"C1,C2,C3,C4,C5",,,True,True,True,True,True,True,True,True,True,True,True,True,True,True,True
pcb::pcb_0004_NG_HS,pcb,test,pcb_0004_NG_HS,0004,OK,NG_HS,OK,False,5,5,"C1,C2,C3,C4,C5",,,True,True,True,True,True,True,True,True,True,True,True,True,True,True,True
pcb::pcb_0004_NG_QS,pcb,test,pcb_0004_NG_QS,0004,OK,NG_QS,QS,True,5,5,"C1,C2,C3,C4,C5",,,True,True,True,True,True,True,True,True,True,True,True,True,True,True,True
pcb::pcb_0004_NG_YW,pcb,test,pcb_0004_NG_YW,0004,OK,NG_YW,YW,True,5,5,"C1,C2,C3,C4,C5",,,True,True,True,True,True,True,True,True,True,True,True,True,True,True,True
pcb::pcb_0004_NG_ZW,pcb,test,pcb_0004_NG_ZW,0004,OK,NG_ZW,ZW,True,5,5,"C1,C2,C3,C4,C5",,,True,True,True,True,True,True,True,True,True,True,True,True,True,True,True
pcb::pcb_0004_OK,pcb,train,pcb_0004_OK,0004,OK,OK,OK,True,5,5,"C1,C2,C3,C4,C5",,,True,True,True,True,True,True,True,True,True,True,True,True,True,True,True
pcb::pcb_0005_NG_HS,pcb,test,pcb_0005_NG_HS,0005,OK,NG_HS,OK,False,5,5,"C1,C2,C3,C4,C5",,,True,True,True,True,True,True,True,True,True,True,True,True,True,True,True
pcb::pcb_0005_NG_QS,pcb,test,pcb_0005_NG_QS,0005,OK,NG_QS,QS,True,5,5,"C1,C2,C3,C4,C5",,,True,True,True,True,True,True,True,True,True,True,True,True,True,True,True
pcb::pcb_0005_NG_YW,pcb,test,pcb_0005_NG_YW,0005,OK,NG_YW,YW,True,5,5,"C1,C2,C3,C4,C5",,,True,True,True,True,True,True,True,True,True,True,True,True,True,True,True
pcb::pcb_0005_NG_ZW,pcb,test,pcb_0005_NG_ZW,0005,OK,NG_ZW,ZW,True,5,5,"C1,C2,C3,C4,C5",,,True,True,True,True,True,True,True,True,True,True,True,True,True,True,True
pcb::pcb_0005_OK,pcb,test,pcb_0005_OK,0005,OK,OK,OK,True,5,5,"C1,C2,C3,C4,C5",,,True,True,True,True,True,True,True,True,True,True,True,True,True,True,True
pcb::pcb_0006_NG_HS,pcb,test,pcb_0006_NG_HS,0006,OK,NG_HS,OK,False,5,5,"C1,C2,C3,C4,C5",,,True,True,True,True,True,True,True,True,True,True,True,True,True,True,True
pcb::pcb_0006_NG_QS,pcb,test,pcb_0006_NG_QS,0006,OK,NG_QS,QS,True,5,5,"C1,C2,C3,C4,C5",,,True,True,True,True,True,True,True,True,True,True,True,True,True,True,True
pcb::pcb_0006_NG_YW,pcb,test,pcb_0006_NG_YW,0006,OK,NG_YW,YW,True,5,5,"C1,C2,C3,C4,C5",,,True,True,True,True,True,True,True,True,True,True,True,True,True,True,True
pcb::pcb_0006_NG_ZW,pcb,test,pcb_0006_NG_ZW,0006,OK,NG_ZW,ZW,True,5,5,"C1,C2,C3,C4,C5",,,True,True,True,True,True,True,True,True,True,True,True,True,True,True,True
pcb::pcb_0006_OK,pcb,train,pcb_0006_OK,0006,OK,OK,OK,True,5,5,"C1,C2,C3,C4,C5",,,True,True,True,True,True,True,True,True,True,True,True,True,True,True,True
pcb::pcb_0007_NG_HS,pcb,test,pcb_0007_NG_HS,0007,OK,NG_HS,HS,True,5,5,"C1,C2,C3,C4,C5",,,True,True,True,True,True,True,True,True,True,True,True,True,True,True,True
pcb::pcb_0007_NG_QS,pcb,test,pcb_0007_NG_QS,0007,OK,NG_QS,QS,True,5,5,"C1,C2,C3,C4,C5",,,True,True,True,True,True,True,True,True,True,True,True,True,True,True,True
pcb::pcb_0007_NG_YW,pcb,test,pcb_0007_NG_YW,0007,OK,NG_YW,YW,True,5,5,"C1,C2,C3,C4,C5",,,True,True,True,True,True,True,True,True,True,True,True,True,True,True,True
pcb::pcb_0007_NG_ZW,pcb,test,pcb_0007_NG_ZW,0007,OK,NG_ZW,ZW,True,5,5,"C1,C2,C3,C4,C5",,,True,True,True,True,True,True,True,True,True,True,True,True,True,True,True
pcb::pcb_0007_OK,pcb,train,pcb_0007_OK,0007,OK,OK,OK,True,5,5,"C1,C2,C3,C4,C5",,,True,True,True,True,True,True,True,True,True,True,True,True,True,True,True
pcb::pcb_0008_NG_HS,pcb,test,pcb_0008_NG_HS,0008,OK,NG_HS,HS,True,5,5,"C1,C2,C3,C4,C5",,,True,True,True,True,True,True,True,True,True,True,True,True,True,True,True
pcb::pcb_0008_NG_QS,pcb,test,pcb_0008_NG_QS,0008,OK,NG_QS,QS,True,5,5,"C1,C2,C3,C4,C5",,,True,True,True,True,True,True,True,True,True,True,True,True,True,True,True
pcb::pcb_0008_NG_YW,pcb,test,pcb_0008_NG_YW,0008,OK,NG_YW,YW,True,5,5,"C1,C2,C3,C4,C5",,,True,True,True,True,True,True,True,True,True,True,True,True,True,True,True
pcb::pcb_0008_NG_ZW,pcb,test,pcb_0008_NG_ZW,0008,OK,NG_ZW,ZW,True,5,5,"C1,C2,C3,C4,C5",,,True,True,True,True,True,True,True,True,True,True,True,True,True,True,True
pcb::pcb_0008_OK,pcb,test,pcb_0008_OK,0008,OK,OK,OK,True,5,5,"C1,C2,C3,C4,C5",,,True,True,True,True,True,True,True,True,True,True,True,True,True,True,True
pcb::pcb_0009_NG_HS,pcb,test,pcb_0009_NG_HS,0009,OK,NG_HS,HS,True,5,5,"C1,C2,C3,C4,C5",,,True,True,True,True,True,True,True,True,True,True,True,True,True,True,True
pcb::pcb_0009_NG_QS,pcb,test,pcb_0009_NG_QS,0009,OK,NG_QS,QS,True,5,5,"C1,C2,C3,C4,C5",,,True,True,True,True,True,True,True,True,True,True,True,True,True,True,True
pcb::pcb_0009_NG_YW,pcb,test,pcb_0009_NG_YW,0009,OK,NG_YW,YW,True,5,5,"C1,C2,C3,C4,C5",,,True,True,True,True,True,True,True,True,True,True,True,True,True,True,True
pcb::pcb_0009_NG_ZW,pcb,test,pcb_0009_NG_ZW,0009,OK,NG_ZW,ZW,True,5,5,"C1,C2,C3,C4,C5",,,True,True,True,True,True,True,True,True,True,True,True,True,True,True,True
pcb::pcb_0009_OK,pcb,train,pcb_0009_OK,0009,OK,OK,OK,True,5,5,"C1,C2,C3,C4,C5",,,True,True,True,True,True,True,True,True,True,True,True,True,True,True,True
pcb::pcb_0010_NG_HS,pcb,test,pcb_0010_NG_HS,0010,OK,NG_HS,HS,True,5,5,"C1,C2,C3,C4,C5",,,True,True,True,True,True,True,True,True,True,True,True,True,True,True,True
pcb::pcb_0010_NG_QS,pcb,test,pcb_0010_NG_QS,0010,OK,NG_QS,QS,True,5,5,"C1,C2,C3,C4,C5",,,True,True,True,True,True,True,True,True,True,True,True,True,True,True,True
pcb::pcb_0010_NG_YW,pcb,test,pcb_0010_NG_YW,0010,OK,NG_YW,YW,True,5,5,"C1,C2,C3,C4,C5",,,True,True,True,True,True,True,True,True,True,True,True,True,True,True,True
pcb::pcb_0010_NG_ZW,pcb,test,pcb_0010_NG_ZW,0010,OK,NG_ZW,ZW,True,5,5,"C1,C2,C3,C4,C5",,,True,True,True,True,True,True,True,True,True,True,True,True,True,True,True
pcb::pcb_0010_OK,pcb,train,pcb_0010_OK,0010,OK,OK,OK,True,5,5,"C1,C2,C3,C4,C5",,,True,True,True,True,True,True,True,True,True,True,True,True,True,True,True
pcb::pcb_0011_NG_HS,pcb,test,pcb_0011_NG_HS,0011,OK,NG_HS,HS,False,5,5,"C1,C2,C3,C4,C5",,,True,True,True,True,True,True,True,True,True,True,True,True,True,True,True
pcb::pcb_0011_NG_QS,pcb,test,pcb_0011_NG_QS,0011,OK,NG_QS,QS,True,5,5,"C1,C2,C3,C4,C5",,,True,True,True,True,True,True,True,True,True,True,True,True,True,True,True
pcb::pcb_0011_NG_YW,pcb,test,pcb_0011_NG_YW,0011,OK,NG_YW,YW,True,5,5,"C1,C2,C3,C4,C5",,,True,True,True,True,True,True,True,True,True,True,True,True,True,True,True
pcb::pcb_0011_NG_ZW,pcb,test,pcb_0011_NG_ZW,0011,OK,NG_ZW,ZW,True,5,5,"C1,C2,C3,C4,C5",,,True,True,True,True,True,True,True,True,True,True,True,True,True,True,True
pcb::pcb_0011_OK,pcb,train,pcb_0011_OK,0011,OK,OK,OK,True,5,5,"C1,C2,C3,C4,C5",,,True,True,True,True,True,True,True,True,True,True,True,True,True,True,True
pcb::pcb_0012_NG_HS,pcb,test,pcb_0012_NG_HS,0012,OK,NG_HS,HS,True,5,5,"C1,C2,C3,C4,C5",,,True,True,True,True,True,True,True,True,True,True,True,True,True,True,True
pcb::pcb_0012_NG_QS,pcb,test,pcb_0012_NG_QS,0012,OK,NG_QS,QS,True,5,5,"C1,C2,C3,C4,C5",,,True,True,True,True,True,True,True,True,True,True,True,True,True,True,True
pcb::pcb_0012_NG_YW,pcb,test,pcb_0012_NG_YW,0012,OK,NG_YW,YW,True,5,5,"C1,C2,C3,C4,C5",,,True,True,True,True,True,True,True,True,True,True,True,True,True,True,True
pcb::pcb_0012_NG_ZW,pcb,test,pcb_0012_NG_ZW,0012,OK,NG_ZW,ZW,True,5,5,"C1,C2,C3,C4,C5",,,True,True,True,True,True,True,True,True,True,True,True,True,True,True,True
pcb::pcb_0012_OK,pcb,train,pcb_0012_OK,0012,OK,OK,OK,True,5,5,"C1,C2,C3,C4,C5",,,True,True,True,True,True,True,True,True,True,True,True,True,True,True,True
pcb::pcb_0013_NG_HS,pcb,test,pcb_0013_NG_HS,0013,OK,NG_HS,HS,True,5,5,"C1,C2,C3,C4,C5",,,True,True,True,True,True,True,True,True,True,True,True,True,True,True,True
pcb::pcb_0013_NG_QS,pcb,test,pcb_0013_NG_QS,0013,OK,NG_QS,QS,True,5,5,"C1,C2,C3,C4,C5",,,True,True,True,True,True,True,True,True,True,True,True,True,True,True,True
pcb::pcb_0013_NG_YW,pcb,test,pcb_0013_NG_YW,0013,OK,NG_YW,YW,True,5,5,"C1,C2,C3,C4,C5",,,True,True,True,True,True,True,True,True,True,True,True,True,True,True,True
pcb::pcb_0013_NG_ZW,pcb,test,pcb_0013_NG_ZW,0013,OK,NG_ZW,ZW,True,5,5,"C1,C2,C3,C4,C5",,,True,True,True,True,True,True,True,True,True,True,True,True,True,True,True
pcb::pcb_0013_OK,pcb,test,pcb_0013_OK,0013,OK,OK,OK,True,5,5,"C1,C2,C3,C4,C5",,,True,True,True,True,True,True,True,True,True,True,True,True,True,True,True
pcb::pcb_0014_NG_HS,pcb,test,pcb_0014_NG_HS,0014,OK,NG_HS,HS,True,5,5,"C1,C2,C3,C4,C5",,,True,True,True,True,True,True,True,True,True,True,True,True,True,True,True
pcb::pcb_0014_NG_QS,pcb,test,pcb_0014_NG_QS,0014,OK,NG_QS,QS,True,5,5,"C1,C2,C3,C4,C5",,,True,True,True,True,True,True,True,True,True,True,True,True,True,True,True
pcb::pcb_0014_NG_YW,pcb,test,pcb_0014_NG_YW,0014,OK,NG_YW,YW,True,5,5,"C1,C2,C3,C4,C5",,,True,True,True,True,True,True,True,True,True,True,True,True,True,True,True
pcb::pcb_0014_NG_ZW,pcb,test,pcb_0014_NG_ZW,0014,OK,NG_ZW,ZW,True,5,5,"C1,C2,C3,C4,C5",,,True,True,True,True,True,True,True,True,True,True,True,True,True,True,True
pcb::pcb_0014_OK,pcb,test,pcb_0014_OK,0014,OK,OK,OK,True,5,5,"C1,C2,C3,C4,C5",,,True,True,True,True,True,True,True,True,True,True,True,True,True,True,True
pcb::pcb_0015_NG_HS,pcb,test,pcb_0015_NG_HS,0015,OK,NG_HS,HS,True,5,5,"C1,C2,C3,C4,C5",,,True,True,True,True,True,True,True,True,True,True,True,True,True,True,True
pcb::pcb_0015_NG_QS,pcb,test,pcb_0015_NG_QS,0015,OK,NG_QS,QS,True,5,5,"C1,C2,C3,C4,C5",,,True,True,True,True,True,True,True,True,True,True,True,True,True,True,True
pcb::pcb_0015_NG_YW,pcb,test,pcb_0015_NG_YW,0015,OK,NG_YW,YW,True,5,5,"C1,C2,C3,C4,C5",,,True,True,True,True,True,True,True,True,True,True,True,True,True,True,True
pcb::pcb_0015_NG_ZW,pcb,test,pcb_0015_NG_ZW,0015,OK,NG_ZW,ZW,True,5,5,"C1,C2,C3,C4,C5",,,True,True,True,True,True,True,True,True,True,True,True,True,True,True,True
pcb::pcb_0015_OK,pcb,train,pcb_0015_OK,0015,OK,OK,OK,True,5,5,"C1,C2,C3,C4,C5",,,True,True,True,True,True,True,True,True,True,True,True,True,True,True,True
pcb::pcb_0016_NG_HS,pcb,test,pcb_0016_NG_HS,0016,OK,NG_HS,HS,True,5,5,"C1,C2,C3,C4,C5",,,True,True,True,True,True,True,True,True,True,True,True,True,True,True,True
pcb::pcb_0016_NG_QS,pcb,test,pcb_0016_NG_QS,0016,OK,NG_QS,QS,True,5,5,"C1,C2,C3,C4,C5",,,True,True,True,True,True,True,True,True,True,True,True,True,True,True,True
pcb::pcb_0016_NG_YW,pcb,test,pcb_0016_NG_YW,0016,OK,NG_YW,YW,True,5,5,"C1,C2,C3,C4,C5",,,True,True,True,True,True,True,True,True,True,True,True,True,True,True,True
pcb::pcb_0016_NG_ZW,pcb,test,pcb_0016_NG_ZW,0016,OK,NG_ZW,ZW,True,5,5,"C1,C2,C3,C4,C5",,,True,True,True,True,True,True,True,True,True,True,True,True,True,True,True
pcb::pcb_0016_OK,pcb,train,pcb_0016_OK,0016,OK,OK,OK,True,5,5,"C1,C2,C3,C4,C5",,,True,True,True,True,True,True,True,True,True,True,True,True,True,True,True
pcb::pcb_0017_NG_HS,pcb,test,pcb_0017_NG_HS,0017,OK,NG_HS,HS,True,5,5,"C1,C2,C3,C4,C5",,,True,True,True,True,True,True,True,True,True,True,True,True,True,True,True
pcb::pcb_0017_NG_QS,pcb,test,pcb_0017_NG_QS,0017,OK,NG_QS,QS,True,5,5,"C1,C2,C3,C4,C5",,,True,True,True,True,True,True,True,True,True,True,True,True,True,True,True
pcb::pcb_0017_NG_YW,pcb,test,pcb_0017_NG_YW,0017,OK,NG_YW,YW,True,5,5,"C1,C2,C3,C4,C5",,,True,True,True,True,True,True,True,True,True,True,True,True,True,True,True
pcb::pcb_0017_NG_ZW,pcb,test,pcb_0017_NG_ZW,0017,OK,NG_ZW,ZW,True,5,5,"C1,C2,C3,C4,C5",,,True,True,True,True,True,True,True,True,True,True,True,True,True,True,True
pcb::pcb_0017_OK,pcb,train,pcb_0017_OK,0017,OK,OK,OK,True,5,5,"C1,C2,C3,C4,C5",,,True,True,True,True,True,True,True,True,True,True,True,True,True,True,True
pcb::pcb_0018_NG_HS,pcb,test,pcb_0018_NG_HS,0018,OK,NG_HS,HS,True,5,5,"C1,C2,C3,C4,C5",,,True,True,True,True,True,True,True,True,True,True,True,True,True,True,True
pcb::pcb_0018_NG_QS,pcb,test,pcb_0018_NG_QS,0018,OK,NG_QS,QS,True,5,5,"C1,C2,C3,C4,C5",,,True,True,True,True,True,True,True,True,True,True,True,True,True,True,True
pcb::pcb_0018_NG_YW,pcb,test,pcb_0018_NG_YW,0018,OK,NG_YW,YW,True,5,5,"C1,C2,C3,C4,C5",,,True,True,True,True,True,True,True,True,True,True,True,True,True,True,True
pcb::pcb_0018_NG_ZW,pcb,test,pcb_0018_NG_ZW,0018,OK,NG_ZW,ZW,True,5,5,"C1,C2,C3,C4,C5",,,True,True,True,True,True,True,True,True,True,True,True,True,True,True,True
pcb::pcb_0018_OK,pcb,test,pcb_0018_OK,0018,OK,OK,OK,True,5,5,"C1,C2,C3,C4,C5",,,True,True,True,True,True,True,True,True,True,True,True,True,True,True,True
pcb::pcb_0019_NG_HS,pcb,test,pcb_0019_NG_HS,0019,OK,NG_HS,HS,True,5,5,"C1,C2,C3,C4,C5",,,True,True,True,True,True,True,True,True,True,True,True,True,True,True,True
pcb::pcb_0019_NG_QS,pcb,test,pcb_0019_NG_QS,0019,OK,NG_QS,QS,True,5,5,"C1,C2,C3,C4,C5",,,True,True,True,True,True,True,True,True,True,True,True,True,True,True,True
pcb::pcb_0019_NG_YW,pcb,test,pcb_0019_NG_YW,0019,OK,NG_YW,YW,True,5,5,"C1,C2,C3,C4,C5",,,True,True,True,True,True,True,True,True,True,True,True,True,True,True,True
pcb::pcb_0019_NG_ZW,pcb,test,pcb_0019_NG_ZW,0019,OK,NG_ZW,OK,False,5,5,"C1,C2,C3,C4,C5",,,True,True,True,True,True,True,True,True,True,True,True,True,True,True,True
pcb::pcb_0019_OK,pcb,train,pcb_0019_OK,0019,OK,OK,OK,True,5,5,"C1,C2,C3,C4,C5",,,True,True,True,True,True,True,True,True,True,True,True,True,True,True,True
pcb::pcb_0020_NG_HS,pcb,test,pcb_0020_NG_HS,0020,OK,NG_HS,HS,True,5,5,"C1,C2,C3,C4,C5",,,True,True,True,True,True,True,True,True,True,True,True,True,True,True,True
pcb::pcb_0020_NG_QS,pcb,test,pcb_0020_NG_QS,0020,OK,NG_QS,QS,True,5,5,"C1,C2,C3,C4,C5",,,True,True,True,True,True,True,True,True,True,True,True,True,True,True,True
pcb::pcb_0020_NG_YW,pcb,test,pcb_0020_NG_YW,0020,OK,NG_YW,YW,True,5,5,"C1,C2,C3,C4,C5",,,True,True,True,True,True,True,True,True,True,True,True,True,True,True,True
pcb::pcb_0020_NG_ZW,pcb,test,pcb_0020_NG_ZW,0020,OK,NG_ZW,ZW,True,5,5,"C1,C2,C3,C4,C5",,,True,True,True,True,True,True,True,True,True,True,True,True,True,True,True
pcb::pcb_0020_OK,pcb,test,pcb_0020_OK,0020,OK,OK,OK,True,5,5,"C1,C2,C3,C4,C5",,,True,True,True,True,True,True,True,True,True,True,True,True,True,True,True
pcb::pcb_0021_NG_HS,pcb,test,pcb_0021_NG_HS,0021,OK,NG_HS,HS,True,5,5,"C1,C2,C3,C4,C5",,,True,True,True,True,True,True,True,True,True,True,True,True,True,True,True
pcb::pcb_0021_NG_QS,pcb,test,pcb_0021_NG_QS,0021,OK,NG_QS,QS,True,5,5,"C1,C2,C3,C4,C5",,,True,True,True,True,True,True,True,True,True,True,True,True,True,True,True
pcb::pcb_0021_NG_YW,pcb,test,pcb_0021_NG_YW,0021,OK,NG_YW,YW,True,5,5,"C1,C2,C3,C4,C5",,,True,True,True,True,True,True,True,True,True,True,True,True,True,True,True
pcb::pcb_0021_NG_ZW,pcb,test,pcb_0021_NG_ZW,0021,OK,NG_ZW,OK,False,5,5,"C1,C2,C3,C4,C5",,,True,True,True,True,True,True,True,True,True,True,True,True,True,True,True
pcb::pcb_0021_OK,pcb,test,pcb_0021_OK,0021,OK,OK,OK,True,5,5,"C1,C2,C3,C4,C5",,,True,True,True,True,True,True,True,True,True,True,True,True,True,True,True
pcb::pcb_0022_NG_HS,pcb,test,pcb_0022_NG_HS,0022,OK,NG_HS,HS,True,5,5,"C1,C2,C3,C4,C5",,,True,True,True,True,True,True,True,True,True,True,True,True,True,True,True
pcb::pcb_0022_NG_QS,pcb,test,pcb_0022_NG_QS,0022,OK,NG_QS,QS,True,5,5,"C1,C2,C3,C4,C5",,,True,True,True,True,True,True,True,True,True,True,True,True,True,True,True
pcb::pcb_0022_NG_YW,pcb,test,pcb_0022_NG_YW,0022,OK,NG_YW,YW,True,5,5,"C1,C2,C3,C4,C5",,,True,True,True,True,True,True,True,True,True,True,True,True,True,True,True
pcb::pcb_0022_NG_ZW,pcb,test,pcb_0022_NG_ZW,0022,OK,NG_ZW,ZW,True,5,5,"C1,C2,C3,C4,C5",,,True,True,True,True,True,True,True,True,True,True,True,True,True,True,True
pcb::pcb_0022_OK,pcb,test,pcb_0022_OK,0022,OK,OK,OK,True,5,5,"C1,C2,C3,C4,C5",,,True,True,True,True,True,True,True,True,True,True,True,True,True,True,True
pcb::pcb_0023_NG_HS,pcb,test,pcb_0023_NG_HS,0023,OK,NG_HS,HS,True,5,5,"C1,C2,C3,C4,C5",,,True,True,True,True,True,True,True,True,True,True,True,True,True,True,True
pcb::pcb_0023_NG_QS,pcb,test,pcb_0023_NG_QS,0023,OK,NG_QS,QS,True,5,5,"C1,C2,C3,C4,C5",,,True,True,True,True,True,True,True,True,True,True,True,True,True,True,True
pcb::pcb_0023_NG_YW,pcb,test,pcb_0023_NG_YW,0023,OK,NG_YW,YW,True,5,5,"C1,C2,C3,C4,C5",,,True,True,True,True,True,True,True,True,True,True,True,True,True,True,True
pcb::pcb_0023_NG_ZW,pcb,test,pcb_0023_NG_ZW,0023,OK,NG_ZW,ZW,False,5,5,"C1,C2,C3,C4,C5",,,True,True,True,True,True,True,True,True,True,True,True,True,True,True,True
pcb::pcb_0023_OK,pcb,test,pcb_0023_OK,0023,OK,OK,OK,True,5,5,"C1,C2,C3,C4,C5",,,True,True,True,True,True,True,True,True,True,True,True,True,True,True,True
pcb::pcb_0024_NG_HS,pcb,test,pcb_0024_NG_HS,0024,OK,NG_HS,HS,True,5,5,"C1,C2,C3,C4,C5",,,True,True,True,True,True,True,True,True,True,True,True,True,True,True,True
pcb::pcb_0024_NG_QS,pcb,test,pcb_0024_NG_QS,0024,OK,NG_QS,QS,True,5,5,"C1,C2,C3,C4,C5",,,True,True,True,True,True,True,True,True,True,True,True,True,True,True,True
pcb::pcb_0024_NG_YW,pcb,test,pcb_0024_NG_YW,0024,OK,NG_YW,YW,True,5,5,"C1,C2,C3,C4,C5",,,True,True,True,True,True,True,True,True,True,True,True,True,True,True,True
pcb::pcb_0024_NG_ZW,pcb,test,pcb_0024_NG_ZW,0024,OK,NG_ZW,ZW,True,5,5,"C1,C2,C3,C4,C5",,,True,True,True,True,True,True,True,True,True,True,True,True,True,True,True
pcb::pcb_0024_OK,pcb,test,pcb_0024_OK,0024,OK,OK,OK,True,5,5,"C1,C2,C3,C4,C5",,,True,True,True,True,True,True,True,True,True,True,True,True,True,True,True
pcb::pcb_0025_NG_HS,pcb,test,pcb_0025_NG_HS,0025,OK,NG_HS,HS,True,5,5,"C1,C2,C3,C4,C5",,,True,True,True,True,True,True,True,True,True,True,True,True,True,True,True
pcb::pcb_0025_NG_QS,pcb,test,pcb_0025_NG_QS,0025,OK,NG_QS,QS,True,5,5,"C1,C2,C3,C4,C5",,,True,True,True,True,True,True,True,True,True,True,True,True,True,True,True
pcb::pcb_0025_NG_YW,pcb,test,pcb_0025_NG_YW,0025,OK,NG_YW,YW,True,5,5,"C1,C2,C3,C4,C5",,,True,True,True,True,True,True,True,True,True,True,True,True,True,True,True
pcb::pcb_0025_NG_ZW,pcb,test,pcb_0025_NG_ZW,0025,OK,NG_ZW,OK,False,5,5,"C1,C2,C3,C4,C5",,,True,True,True,True,True,True,True,True,True,True,True,True,True,True,True
pcb::pcb_0025_OK,pcb,test,pcb_0025_OK,0025,OK,OK,OK,True,5,5,"C1,C2,C3,C4,C5",,,True,True,True,True,True,True,True,True,True,True,True,True,True,True,True
pcb::pcb_0026_NG_HS,pcb,test,pcb_0026_NG_HS,0026,OK,NG_HS,HS,True,5,5,"C1,C2,C3,C4,C5",,,True,True,True,True,True,True,True,True,True,True,True,True,True,True,True
pcb::pcb_0026_NG_QS,pcb,test,pcb_0026_NG_QS,0026,OK,NG_QS,QS,True,5,5,"C1,C2,C3,C4,C5",,,True,True,True,True,True,True,True,True,True,True,True,True,True,True,True
pcb::pcb_0026_NG_YW,pcb,test,pcb_0026_NG_YW,0026,OK,NG_YW,YW,True,5,5,"C1,C2,C3,C4,C5",,,True,True,True,True,True,True,True,True,True,True,True,True,True,True,True
pcb::pcb_0026_NG_ZW,pcb,test,pcb_0026_NG_ZW,0026,OK,NG_ZW,OK,False,5,5,"C1,C2,C3,C4,C5",,,True,True,True,True,True,True,True,True,True,True,True,True,True,True,True
pcb::pcb_0026_OK,pcb,test,pcb_0026_OK,0026,OK,OK,OK,True,5,5,"C1,C2,C3,C4,C5",,,True,True,True,True,True,True,True,True,True,True,True,True,True,True,True
pcb::pcb_0027_NG_HS,pcb,test,pcb_0027_NG_HS,0027,OK,NG_HS,HS,True,5,5,"C1,C2,C3,C4,C5",,,True,True,True,True,True,True,True,True,True,True,True,True,True,True,True
pcb::pcb_0027_NG_QS,pcb,test,pcb_0027_NG_QS,0027,OK,NG_QS,QS,True,5,5,"C1,C2,C3,C4,C5",,,True,True,True,True,True,True,True,True,True,True,True,True,True,True,True
pcb::pcb_0027_NG_YW,pcb,test,pcb_0027_NG_YW,0027,OK,NG_YW,YW,True,5,5,"C1,C2,C3,C4,C5",,,True,True,True,True,True,True,True,True,True,True,True,True,True,True,True
pcb::pcb_0027_NG_ZW,pcb,test,pcb_0027_NG_ZW,0027,OK,NG_ZW,ZW,True,5,5,"C1,C2,C3,C4,C5",,,True,True,True,True,True,True,True,True,True,True,True,True,True,True,True
pcb::pcb_0027_OK,pcb,train,pcb_0027_OK,0027,OK,OK,OK,True,5,5,"C1,C2,C3,C4,C5",,,True,True,True,True,True,True,True,True,True,True,True,True,True,True,True
pcb::pcb_0028_NG_HS,pcb,test,pcb_0028_NG_HS,0028,OK,NG_HS,HS,True,5,5,"C1,C2,C3,C4,C5",,,True,True,True,True,True,True,True,True,True,True,True,True,True,True,True
pcb::pcb_0028_NG_QS,pcb,test,pcb_0028_NG_QS,0028,OK,NG_QS,QS,True,5,5,"C1,C2,C3,C4,C5",,,True,True,True,True,True,True,True,True,True,True,True,True,True,True,True
pcb::pcb_0028_NG_YW,pcb,test,pcb_0028_NG_YW,0028,OK,NG_YW,YW,True,5,5,"C1,C2,C3,C4,C5",,,True,True,True,True,True,True,True,True,True,True,True,True,True,True,True
pcb::pcb_0028_NG_ZW,pcb,test,pcb_0028_NG_ZW,0028,OK,NG_ZW,OK,False,5,5,"C1,C2,C3,C4,C5",,,True,True,True,True,True,True,True,True,True,True,True,True,True,True,True
pcb::pcb_0028_OK,pcb,test,pcb_0028_OK,0028,OK,OK,OK,True,5,5,"C1,C2,C3,C4,C5",,,True,True,True,True,True,True,True,True,True,True,True,True,True,True,True
pcb::pcb_0029_NG_HS,pcb,test,pcb_0029_NG_HS,0029,OK,NG_HS,OK,False,5,5,"C1,C2,C3,C4,C5",,,True,True,True,True,True,True,True,True,True,True,True,True,True,True,True
pcb::pcb_0029_NG_QS,pcb,test,pcb_0029_NG_QS,0029,OK,NG_QS,QS,True,5,5,"C1,C2,C3,C4,C5",,,True,True,True,True,True,True,True,True,True,True,True,True,True,True,True
pcb::pcb_0029_NG_YW,pcb,test,pcb_0029_NG_YW,0029,OK,NG_YW,YW,True,5,5,"C1,C2,C3,C4,C5",,,True,True,True,True,True,True,True,True,True,True,True,True,True,True,True
pcb::pcb_0029_NG_ZW,pcb,test,pcb_0029_NG_ZW,0029,OK,NG_ZW,ZW,True,5,5,"C1,C2,C3,C4,C5",,,True,True,True,True,True,True,True,True,True,True,True,True,True,True,True
pcb::pcb_0029_OK,pcb,train,pcb_0029_OK,0029,OK,OK,OK,True,5,5,"C1,C2,C3,C4,C5",,,True,True,True,True,True,True,True,True,True,True,True,True,True,True,True
pcb::pcb_0030_NG_HS,pcb,test,pcb_0030_NG_HS,0030,OK,NG_HS,HS,True,5,5,"C1,C2,C3,C4,C5",,,True,True,True,True,True,True,True,True,True,True,True,True,True,True,True
pcb::pcb_0030_NG_QS,pcb,test,pcb_0030_NG_QS,0030,OK,NG_QS,QS,True,5,5,"C1,C2,C3,C4,C5",,,True,True,True,True,True,True,True,True,True,True,True,True,True,True,True
pcb::pcb_0030_NG_YW,pcb,test,pcb_0030_NG_YW,0030,OK,NG_YW,YW,True,5,5,"C1,C2,C3,C4,C5",,,True,True,True,True,True,True,True,True,True,True,True,True,True,True,True
pcb::pcb_0030_NG_ZW,pcb,test,pcb_0030_NG_ZW,0030,OK,NG_ZW,ZW,False,5,5,"C1,C2,C3,C4,C5",,,True,True,True,True,True,True,True,True,True,True,True,True,True,True,True
pcb::pcb_0030_OK,pcb,train,pcb_0030_OK,0030,OK,OK,OK,True,5,5,"C1,C2,C3,C4,C5",,,True,True,True,True,True,True,True,True,True,True,True,True,True,True,True
pcb::pcb_0031_NG_HS,pcb,test,pcb_0031_NG_HS,0031,OK,NG_HS,HS,True,5,5,"C1,C2,C3,C4,C5",,,True,True,True,True,True,True,True,True,True,True,True,True,True,True,True
pcb::pcb_0031_NG_QS,pcb,test,pcb_0031_NG_QS,0031,OK,NG_QS,OK,False,5,5,"C1,C2,C3,C4,C5",,,True,True,True,True,True,True,True,True,True,True,True,True,True,True,True
pcb::pcb_0031_NG_YW,pcb,test,pcb_0031_NG_YW,0031,OK,NG_YW,YW,True,5,5,"C1,C2,C3,C4,C5",,,True,True,True,True,True,True,True,True,True,True,True,True,True,True,True
pcb::pcb_0031_NG_ZW,pcb,test,pcb_0031_NG_ZW,0031,OK,NG_ZW,OK,False,5,5,"C1,C2,C3,C4,C5",,,True,True,True,True,True,True,True,True,True,True,True,True,True,True,True
pcb::pcb_0031_OK,pcb,test,pcb_0031_OK,0031,OK,OK,OK,True,5,5,"C1,C2,C3,C4,C5",,,True,True,True,True,True,True,True,True,True,True,True,True,True,True,True
pcb::pcb_0032_NG_HS,pcb,test,pcb_0032_NG_HS,0032,OK,NG_HS,HS,True,5,5,"C1,C2,C3,C4,C5",,,True,True,True,True,True,True,True,True,True,True,True,True,True,True,True
pcb::pcb_0032_NG_QS,pcb,test,pcb_0032_NG_QS,0032,OK,NG_QS,QS,True,5,5,"C1,C2,C3,C4,C5",,,True,True,True,True,True,True,True,True,True,True,True,True,True,True,True
pcb::pcb_0032_NG_YW,pcb,test,pcb_0032_NG_YW,0032,OK,NG_YW,YW,False,5,5,"C1,C2,C3,C4,C5",,,True,True,True,True,True,True,True,True,True,True,True,True,True,True,True
pcb::pcb_0032_NG_ZW,pcb,test,pcb_0032_NG_ZW,0032,OK,NG_ZW,ZW,True,5,5,"C1,C2,C3,C4,C5",,,True,True,True,True,True,True,True,True,True,True,True,True,True,True,True
pcb::pcb_0032_OK,pcb,train,pcb_0032_OK,0032,OK,OK,OK,True,5,5,"C1,C2,C3,C4,C5",,,True,True,True,True,True,True,True,True,True,True,True,True,True,True,True
pcb::pcb_0033_NG_HS,pcb,test,pcb_0033_NG_HS,0033,OK,NG_HS,HS,True,5,5,"C1,C2,C3,C4,C5",,,True,True,True,True,True,True,True,True,True,True,True,True,True,True,True
pcb::pcb_0033_NG_QS,pcb,test,pcb_0033_NG_QS,0033,OK,NG_QS,QS,True,5,5,"C1,C2,C3,C4,C5",,,True,True,True,True,True,True,True,True,True,True,True,True,True,True,True
pcb::pcb_0033_NG_YW,pcb,test,pcb_0033_NG_YW,0033,OK,NG_YW,YW,True,5,5,"C1,C2,C3,C4,C5",,,True,True,True,True,True,True,True,True,True,True,True,True,True,True,True
pcb::pcb_0033_NG_ZW,pcb,test,pcb_0033_NG_ZW,0033,OK,NG_ZW,OK,False,5,5,"C1,C2,C3,C4,C5",,,True,True,True,True,True,True,True,True,True,True,True,True,True,True,True
pcb::pcb_0033_OK,pcb,train,pcb_0033_OK,0033,OK,OK,OK,True,5,5,"C1,C2,C3,C4,C5",,,True,True,True,True,True,True,True,True,True,True,True,True,True,True,True
pcb::pcb_0034_NG_HS,pcb,test,pcb_0034_NG_HS,0034,OK,NG_HS,HS,True,5,5,"C1,C2,C3,C4,C5",,,True,True,True,True,True,True,True,True,True,True,True,True,True,True,True
pcb::pcb_0034_NG_QS,pcb,test,pcb_0034_NG_QS,0034,OK,NG_QS,QS,True,5,5,"C1,C2,C3,C4,C5",,,True,True,True,True,True,True,True,True,True,True,True,True,True,True,True
pcb::pcb_0034_NG_YW,pcb,test,pcb_0034_NG_YW,0034,OK,NG_YW,YW,True,5,5,"C1,C2,C3,C4,C5",,,True,True,True,True,True,True,True,True,True,True,True,True,True,True,True
pcb::pcb_0034_NG_ZW,pcb,test,pcb_0034_NG_ZW,0034,OK,NG_ZW,ZW,False,5,5,"C1,C2,C3,C4,C5",,,True,True,True,True,True,True,True,True,True,True,True,True,True,True,True
pcb::pcb_0034_OK,pcb,test,pcb_0034_OK,0034,OK,OK,OK,True,5,5,"C1,C2,C3,C4,C5",,,True,True,True,True,True,True,True,True,True,True,True,True,True,True,True
pcb::pcb_0035_NG_HS,pcb,test,pcb_0035_NG_HS,0035,OK,NG_HS,HS,True,5,5,"C1,C2,C3,C4,C5",,,True,True,True,True,True,True,True,True,True,True,True,True,True,True,True
pcb::pcb_0035_NG_QS,pcb,test,pcb_0035_NG_QS,0035,OK,NG_QS,QS,True,5,5,"C1,C2,C3,C4,C5",,,True,True,True,True,True,True,True,True,True,True,True,True,True,True,True
pcb::pcb_0035_NG_YW,pcb,test,pcb_0035_NG_YW,0035,OK,NG_YW,YW,True,5,5,"C1,C2,C3,C4,C5",,,True,True,True,True,True,True,True,True,True,True,True,True,True,True,True
pcb::pcb_0035_NG_ZW,pcb,test,pcb_0035_NG_ZW,0035,OK,NG_ZW,ZW,True,5,5,"C1,C2,C3,C4,C5",,,True,True,True,True,True,True,True,True,True,True,True,True,True,True,True
pcb::pcb_0035_OK,pcb,train,pcb_0035_OK,0035,OK,OK,OK,True,5,5,"C1,C2,C3,C4,C5",,,True,True,True,True,True,True,True,True,True,True,True,True,True,True,True
pcb::pcb_0036_NG_HS,pcb,test,pcb_0036_NG_HS,0036,OK,NG_HS,HS,True,5,5,"C1,C2,C3,C4,C5",,,True,True,True,True,True,True,True,True,True,True,True,True,True,True,True
pcb::pcb_0036_NG_QS,pcb,test,pcb_0036_NG_QS,0036,OK,NG_QS,OK,False,5,5,"C1,C2,C3,C4,C5",,,True,True,True,True,True,True,True,True,True,True,True,True,True,True,True
pcb::pcb_0036_NG_YW,pcb,test,pcb_0036_NG_YW,0036,OK,NG_YW,YW,True,5,5,"C1,C2,C3,C4,C5",,,True,True,True,True,True,True,True,True,True,True,True,True,True,True,True
pcb::pcb_0036_NG_ZW,pcb,test,pcb_0036_NG_ZW,0036,OK,NG_ZW,OK,False,5,5,"C1,C2,C3,C4,C5",,,True,True,True,True,True,True,True,True,True,True,True,True,True,True,True
pcb::pcb_0036_OK,pcb,test,pcb_0036_OK,0036,OK,OK,OK,True,5,5,"C1,C2,C3,C4,C5",,,True,True,True,True,True,True,True,True,True,True,True,True,True,True,True
pcb::pcb_0037_NG_HS,pcb,test,pcb_0037_NG_HS,0037,OK,NG_HS,HS,True,5,5,"C1,C2,C3,C4,C5",,,True,True,True,True,True,True,True,True,True,True,True,True,True,True,True
pcb::pcb_0037_NG_QS,pcb,test,pcb_0037_NG_QS,0037,OK,NG_QS,QS,True,5,5,"C1,C2,C3,C4,C5",,,True,True,True,True,True,True,True,True,True,True,True,True,True,True,True
pcb::pcb_0037_NG_YW,pcb,test,pcb_0037_NG_YW,0037,OK,NG_YW,YW,True,5,5,"C1,C2,C3,C4,C5",,,True,True,True,True,True,True,True,True,True,True,True,True,True,True,True
pcb::pcb_0037_NG_ZW,pcb,test,pcb_0037_NG_ZW,0037,OK,NG_ZW,ZW,True,5,5,"C1,C2,C3,C4,C5",,,True,True,True,True,True,True,True,True,True,True,True,True,True,True,True
pcb::pcb_0037_OK,pcb,train,pcb_0037_OK,0037,OK,OK,OK,True,5,5,"C1,C2,C3,C4,C5",,,True,True,True,True,True,True,True,True,True,True,True,True,True,True,True
pcb::pcb_0038_NG_HS,pcb,test,pcb_0038_NG_HS,0038,OK,NG_HS,OK,False,5,5,"C1,C2,C3,C4,C5",,,True,True,True,True,True,True,True,True,True,True,True,True,True,True,True
pcb::pcb_0038_NG_QS,pcb,test,pcb_0038_NG_QS,0038,OK,NG_QS,OK,False,5,5,"C1,C2,C3,C4,C5",,,True,True,True,True,True,True,True,True,True,True,True,True,True,True,True
pcb::pcb_0038_NG_YW,pcb,test,pcb_0038_NG_YW,0038,OK,NG_YW,YW,True,5,5,"C1,C2,C3,C4,C5",,,True,True,True,True,True,True,True,True,True,True,True,True,True,True,True
pcb::pcb_0038_NG_ZW,pcb,test,pcb_0038_NG_ZW,0038,OK,NG_ZW,ZW,True,5,5,"C1,C2,C3,C4,C5",,,True,True,True,True,True,True,True,True,True,True,True,True,True,True,True
pcb::pcb_0038_OK,pcb,test,pcb_0038_OK,0038,OK,OK,OK,True,5,5,"C1,C2,C3,C4,C5",,,True,True,True,True,True,True,True,True,True,True,True,True,True,True,True
pcb::pcb_0039_NG_HS,pcb,test,pcb_0039_NG_HS,0039,OK,NG_HS,HS,True,5,5,"C1,C2,C3,C4,C5",,,True,True,True,True,True,True,True,True,True,True,True,True,True,True,True
pcb::pcb_0039_NG_QS,pcb,test,pcb_0039_NG_QS,0039,OK,NG_QS,QS,True,5,5,"C1,C2,C3,C4,C5",,,True,True,True,True,True,True,True,True,True,True,True,True,True,True,True
pcb::pcb_0039_NG_YW,pcb,test,pcb_0039_NG_YW,0039,OK,NG_YW,YW,True,5,5,"C1,C2,C3,C4,C5",,,True,True,True,True,True,True,True,True,True,True,True,True,True,True,True
pcb::pcb_0039_NG_ZW,pcb,test,pcb_0039_NG_ZW,0039,OK,NG_ZW,OK,False,5,5,"C1,C2,C3,C4,C5",,,True,True,True,True,True,True,True,True,True,True,True,True,True,True,True
pcb::pcb_0039_OK,pcb,test,pcb_0039_OK,0039,OK,OK,OK,True,5,5,"C1,C2,C3,C4,C5",,,True,True,True,True,True,True,True,True,True,True,True,True,True,True,True
pcb::pcb_0040_NG_HS,pcb,test,pcb_0040_NG_HS,0040,OK,NG_HS,HS,True,5,5,"C1,C2,C3,C4,C5",,,True,True,True,True,True,True,True,True,True,True,True,True,True,True,True
pcb::pcb_0040_NG_QS,pcb,test,pcb_0040_NG_QS,0040,OK,NG_QS,QS,True,5,5,"C1,C2,C3,C4,C5",,,True,True,True,True,True,True,True,True,True,True,True,True,True,True,True
pcb::pcb_0040_NG_YW,pcb,test,pcb_0040_NG_YW,0040,OK,NG_YW,YW,True,5,5,"C1,C2,C3,C4,C5",,,True,True,True,True,True,True,True,True,True,True,True,True,True,True,True
pcb::pcb_0040_NG_ZW,pcb,test,pcb_0040_NG_ZW,0040,OK,NG_ZW,ZW,True,5,5,"C1,C2,C3,C4,C5",,,True,True,True,True,True,True,True,True,True,True,True,True,True,True,True
pcb::pcb_0040_OK,pcb,train,pcb_0040_OK,0040,OK,OK,OK,True,5,5,"C1,C2,C3,C4,C5",,,True,True,True,True,True,True,True,True,True,True,True,True,True,True,True
pcb::pcb_0041_NG_HS,pcb,test,pcb_0041_NG_HS,0041,OK,NG_HS,OK,False,5,5,"C1,C2,C3,C4,C5",,,True,True,True,True,True,True,True,True,True,True,True,True,True,True,True
pcb::pcb_0041_NG_QS,pcb,test,pcb_0041_NG_QS,0041,OK,NG_QS,OK,False,5,5,"C1,C2,C3,C4,C5",,,True,True,True,True,True,True,True,True,True,True,True,True,True,True,True
pcb::pcb_0041_NG_YW,pcb,test,pcb_0041_NG_YW,0041,OK,NG_YW,YW,True,5,5,"C1,C2,C3,C4,C5",,,True,True,True,True,True,True,True,True,True,True,True,True,True,True,True
pcb::pcb_0041_NG_ZW,pcb,test,pcb_0041_NG_ZW,0041,OK,NG_ZW,OK,False,5,5,"C1,C2,C3,C4,C5",,,True,True,True,True,True,True,True,True,True,True,True,True,True,True,True
pcb::pcb_0041_OK,pcb,train,pcb_0041_OK,0041,OK,OK,OK,True,5,5,"C1,C2,C3,C4,C5",,,True,True,True,True,True,True,True,True,True,True,True,True,True,True,True
pcb::pcb_0042_NG_HS,pcb,test,pcb_0042_NG_HS,0042,OK,NG_HS,HS,True,5,5,"C1,C2,C3,C4,C5",,,True,True,True,True,True,True,True,True,True,True,True,True,True,True,True
pcb::pcb_0042_NG_QS,pcb,test,pcb_0042_NG_QS,0042,OK,NG_QS,QS,True,5,5,"C1,C2,C3,C4,C5",,,True,True,True,True,True,True,True,True,True,True,True,True,True,True,True
pcb::pcb_0042_NG_YW,pcb,test,pcb_0042_NG_YW,0042,OK,NG_YW,YW,True,5,5,"C1,C2,C3,C4,C5",,,True,True,True,True,True,True,True,True,True,True,True,True,True,True,True
pcb::pcb_0042_NG_ZW,pcb,test,pcb_0042_NG_ZW,0042,OK,NG_ZW,ZW,False,5,5,"C1,C2,C3,C4,C5",,,True,True,True,True,True,True,True,True,True,True,True,True,True,True,True
pcb::pcb_0042_OK,pcb,test,pcb_0042_OK,0042,OK,OK,OK,True,5,5,"C1,C2,C3,C4,C5",,,True,True,True,True,True,True,True,True,True,True,True,True,True,True,True
pcb::pcb_0043_NG_HS,pcb,test,pcb_0043_NG_HS,0043,OK,NG_HS,HS,True,5,5,"C1,C2,C3,C4,C5",,,True,True,True,True,True,True,True,True,True,True,True,True,True,True,True
pcb::pcb_0043_NG_QS,pcb,test,pcb_0043_NG_QS,0043,OK,NG_QS,QS,True,5,5,"C1,C2,C3,C4,C5",,,True,True,True,True,True,True,True,True,True,True,True,True,True,True,True
pcb::pcb_0043_NG_YW,pcb,test,pcb_0043_NG_YW,0043,OK,NG_YW,YW,True,5,5,"C1,C2,C3,C4,C5",,,True,True,True,True,True,True,True,True,True,True,True,True,True,True,True
pcb::pcb_0043_NG_ZW,pcb,test,pcb_0043_NG_ZW,0043,OK,NG_ZW,ZW,True,5,5,"C1,C2,C3,C4,C5",,,True,True,True,True,True,True,True,True,True,True,True,True,True,True,True
pcb::pcb_0043_OK,pcb,test,pcb_0043_OK,0043,OK,OK,OK,True,5,5,"C1,C2,C3,C4,C5",,,True,True,True,True,True,True,True,True,True,True,True,True,True,True,True
pcb::pcb_0044_NG_HS,pcb,test,pcb_0044_NG_HS,0044,OK,NG_HS,OK,False,5,5,"C1,C2,C3,C4,C5",,,True,True,True,True,True,True,True,True,True,True,True,True,True,True,True
pcb::pcb_0044_NG_QS,pcb,test,pcb_0044_NG_QS,0044,OK,NG_QS,QS,True,5,5,"C1,C2,C3,C4,C5",,,True,True,True,True,True,True,True,True,True,True,True,True,True,True,True
pcb::pcb_0044_NG_YW,pcb,test,pcb_0044_NG_YW,0044,OK,NG_YW,YW,True,5,5,"C1,C2,C3,C4,C5",,,True,True,True,True,True,True,True,True,True,True,True,True,True,True,True
pcb::pcb_0044_NG_ZW,pcb,test,pcb_0044_NG_ZW,0044,OK,NG_ZW,ZW,True,5,5,"C1,C2,C3,C4,C5",,,True,True,True,True,True,True,True,True,True,True,True,True,True,True,True
pcb::pcb_0044_OK,pcb,train,pcb_0044_OK,0044,OK,OK,OK,True,5,5,"C1,C2,C3,C4,C5",,,True,True,True,True,True,True,True,True,True,True,True,True,True,True,True
pcb::pcb_0045_NG_HS,pcb,test,pcb_0045_NG_HS,0045,OK,NG_HS,HS,True,5,5,"C1,C2,C3,C4,C5",,,True,True,True,True,True,True,True,True,True,True,True,True,True,True,True
pcb::pcb_0045_NG_QS,pcb,test,pcb_0045_NG_QS,0045,OK,NG_QS,QS,True,5,5,"C1,C2,C3,C4,C5",,,True,True,True,True,True,True,True,True,True,True,True,True,True,True,True
pcb::pcb_0045_NG_YW,pcb,test,pcb_0045_NG_YW,0045,OK,NG_YW,YW,True,5,5,"C1,C2,C3,C4,C5",,,True,True,True,True,True,True,True,True,True,True,True,True,True,True,True
pcb::pcb_0045_NG_ZW,pcb,test,pcb_0045_NG_ZW,0045,OK,NG_ZW,ZW,True,5,5,"C1,C2,C3,C4,C5",,,True,True,True,True,True,True,True,True,True,True,True,True,True,True,True
pcb::pcb_0045_OK,pcb,test,pcb_0045_OK,0045,OK,OK,OK,True,5,5,"C1,C2,C3,C4,C5",,,True,True,True,True,True,True,True,True,True,True,True,True,True,True,True
pcb::pcb_0046_NG_HS,pcb,test,pcb_0046_NG_HS,0046,OK,NG_HS,OK,False,5,5,"C1,C2,C3,C4,C5",,,True,True,True,True,True,True,True,True,True,True,True,True,True,True,True
pcb::pcb_0046_NG_QS,pcb,test,pcb_0046_NG_QS,0046,OK,NG_QS,QS,True,5,5,"C1,C2,C3,C4,C5",,,True,True,True,True,True,True,True,True,True,True,True,True,True,True,True
pcb::pcb_0046_NG_YW,pcb,test,pcb_0046_NG_YW,0046,OK,NG_YW,YW,False,5,5,"C1,C2,C3,C4,C5",,,True,True,True,True,True,True,True,True,True,True,True,True,True,True,True
pcb::pcb_0046_NG_ZW,pcb,test,pcb_0046_NG_ZW,0046,OK,NG_ZW,ZW,False,5,5,"C1,C2,C3,C4,C5",,,True,True,True,True,True,True,True,True,True,True,True,True,True,True,True
pcb::pcb_0046_OK,pcb,test,pcb_0046_OK,0046,OK,OK,OK,True,5,5,"C1,C2,C3,C4,C5",,,True,True,True,True,True,True,True,True,True,True,True,True,True,True,True
pcb::pcb_0047_NG_HS,pcb,test,pcb_0047_NG_HS,0047,OK,NG_HS,OK,False,5,5,"C1,C2,C3,C4,C5",,,True,True,True,True,True,True,True,True,True,True,True,True,True,True,True
pcb::pcb_0047_NG_QS,pcb,test,pcb_0047_NG_QS,0047,OK,NG_QS,QS,True,5,5,"C1,C2,C3,C4,C5",,,True,True,True,True,True,True,True,True,True,True,True,True,True,True,True
pcb::pcb_0047_NG_YW,pcb,test,pcb_0047_NG_YW,0047,OK,NG_YW,YW,True,5,5,"C1,C2,C3,C4,C5",,,True,True,True,True,True,True,True,True,True,True,True,True,True,True,True
pcb::pcb_0047_NG_ZW,pcb,test,pcb_0047_NG_ZW,0047,OK,NG_ZW,ZW,False,5,5,"C1,C2,C3,C4,C5",,,True,True,True,True,True,True,True,True,True,True,True,True,True,True,True
pcb::pcb_0047_OK,pcb,test,pcb_0047_OK,0047,OK,OK,OK,True,5,5,"C1,C2,C3,C4,C5",,,True,True,True,True,True,True,True,True,True,True,True,True,True,True,True
pcb::pcb_0048_NG_HS,pcb,test,pcb_0048_NG_HS,0048,OK,NG_HS,OK,False,5,5,"C1,C2,C3,C4,C5",,,True,True,True,True,True,True,True,True,True,True,True,True,True,True,True
pcb::pcb_0048_NG_QS,pcb,test,pcb_0048_NG_QS,0048,OK,NG_QS,OK,False,5,5,"C1,C2,C3,C4,C5",,,True,True,True,True,True,True,True,True,True,True,True,True,True,True,True
pcb::pcb_0048_NG_YW,pcb,test,pcb_0048_NG_YW,0048,OK,NG_YW,YW,True,5,5,"C1,C2,C3,C4,C5",,,True,True,True,True,True,True,True,True,True,True,True,True,True,True,True
pcb::pcb_0048_NG_ZW,pcb,test,pcb_0048_NG_ZW,0048,OK,NG_ZW,OK,False,5,5,"C1,C2,C3,C4,C5",,,True,True,True,True,True,True,True,True,True,True,True,True,True,True,True
pcb::pcb_0048_OK,pcb,test,pcb_0048_OK,0048,OK,OK,OK,True,5,5,"C1,C2,C3,C4,C5",,,True,True,True,True,True,True,True,True,True,True,True,True,True,True,True
pcb::pcb_0049_NG_HS,pcb,test,pcb_0049_NG_HS,0049,OK,NG_HS,OK,False,5,5,"C1,C2,C3,C4,C5",,,True,True,True,True,True,True,True,True,True,True,True,True,True,True,True
pcb::pcb_0049_NG_QS,pcb,test,pcb_0049_NG_QS,0049,OK,NG_QS,QS,True,5,5,"C1,C2,C3,C4,C5",,,True,True,True,True,True,True,True,True,True,True,True,True,True,True,True
pcb::pcb_0049_NG_YW,pcb,test,pcb_0049_NG_YW,0049,OK,NG_YW,YW,True,5,5,"C1,C2,C3,C4,C5",,,True,True,True,True,True,True,True,True,True,True,True,True,True,True,True
pcb::pcb_0049_NG_ZW,pcb,test,pcb_0049_NG_ZW,0049,OK,NG_ZW,ZW,False,5,5,"C1,C2,C3,C4,C5",,,True,True,True,True,True,True,True,True,True,True,True,True,True,True,True
pcb::pcb_0049_OK,pcb,test,pcb_0049_OK,0049,OK,OK,OK,True,5,5,"C1,C2,C3,C4,C5",,,True,True,True,True,True,True,True,True,True,True,True,True,True,True,True
pcb::pcb_0050_NG_HS,pcb,test,pcb_0050_NG_HS,0050,OK,NG_HS,OK,False,5,5,"C1,C2,C3,C4,C5",,,True,True,True,True,True,True,True,True,True,True,True,True,True,True,True
pcb::pcb_0050_NG_QS,pcb,test,pcb_0050_NG_QS,0050,OK,NG_QS,QS,True,5,5,"C1,C2,C3,C4,C5",,,True,True,True,True,True,True,True,True,True,True,True,True,True,True,True
pcb::pcb_0050_NG_YW,pcb,test,pcb_0050_NG_YW,0050,OK,NG_YW,YW,True,5,5,"C1,C2,C3,C4,C5",,,True,True,True,True,True,True,True,True,True,True,True,True,True,True,True
pcb::pcb_0050_NG_ZW,pcb,test,pcb_0050_NG_ZW,0050,OK,NG_ZW,ZW,False,5,5,"C1,C2,C3,C4,C5",,,True,True,True,True,True,True,True,True,True,True,True,True,True,True,True
pcb::pcb_0050_OK,pcb,train,pcb_0050_OK,0050,OK,OK,OK,True,5,5,"C1,C2,C3,C4,C5",,,True,True,True,True,True,True,True,True,True,True,True,True,True,True,True
pcb::pcb_0051_NG_HS,pcb,test,pcb_0051_NG_HS,0051,OK,NG_HS,OK,False,5,5,"C1,C2,C3,C4,C5",,,True,True,True,True,True,True,True,True,True,True,True,True,True,True,True
pcb::pcb_0051_NG_QS,pcb,test,pcb_0051_NG_QS,0051,OK,NG_QS,QS,True,5,5,"C1,C2,C3,C4,C5",,,True,True,True,True,True,True,True,True,True,True,True,True,True,True,True
pcb::pcb_0051_NG_YW,pcb,test,pcb_0051_NG_YW,0051,OK,NG_YW,YW,True,5,5,"C1,C2,C3,C4,C5",,,True,True,True,True,True,True,True,True,True,True,True,True,True,True,True
pcb::pcb_0051_NG_ZW,pcb,test,pcb_0051_NG_ZW,0051,OK,NG_ZW,ZW,False,5,5,"C1,C2,C3,C4,C5",,,True,True,True,True,True,True,True,True,True,True,True,True,True,True,True
pcb::pcb_0051_OK,pcb,train,pcb_0051_OK,0051,OK,OK,OK,True,5,5,"C1,C2,C3,C4,C5",,,True,True,True,True,True,True,True,True,True,True,True,True,True,True,True
pcb::pcb_0052_NG_HS,pcb,test,pcb_0052_NG_HS,0052,OK,NG_HS,OK,False,5,5,"C1,C2,C3,C4,C5",,,True,True,True,True,True,True,True,True,True,True,True,True,True,True,True
pcb::pcb_0052_NG_QS,pcb,test,pcb_0052_NG_QS,0052,OK,NG_QS,QS,True,5,5,"C1,C2,C3,C4,C5",,,True,True,True,True,True,True,True,True,True,True,True,True,True,True,True
pcb::pcb_0052_NG_YW,pcb,test,pcb_0052_NG_YW,0052,OK,NG_YW,YW,True,5,5,"C1,C2,C3,C4,C5",,,True,True,True,True,True,True,True,True,True,True,True,True,True,True,True
pcb::pcb_0052_NG_ZW,pcb,test,pcb_0052_NG_ZW,0052,OK,NG_ZW,ZW,True,5,5,"C1,C2,C3,C4,C5",,,True,True,True,True,True,True,True,True,True,True,True,True,True,True,True
pcb::pcb_0052_OK,pcb,test,pcb_0052_OK,0052,OK,OK,OK,True,5,5,"C1,C2,C3,C4,C5",,,True,True,True,True,True,True,True,True,True,True,True,True,True,True,True
pcb::pcb_0053_NG_HS,pcb,test,pcb_0053_NG_HS,0053,OK,NG_HS,OK,False,5,5,"C1,C2,C3,C4,C5",,,True,True,True,True,True,True,True,True,True,True,True,True,True,True,True
pcb::pcb_0053_NG_QS,pcb,test,pcb_0053_NG_QS,0053,OK,NG_QS,QS,True,5,5,"C1,C2,C3,C4,C5",,,True,True,True,True,True,True,True,True,True,True,True,True,True,True,True
pcb::pcb_0053_NG_YW,pcb,test,pcb_0053_NG_YW,0053,OK,NG_YW,YW,True,5,5,"C1,C2,C3,C4,C5",,,True,True,True,True,True,True,True,True,True,True,True,True,True,True,True
pcb::pcb_0053_NG_ZW,pcb,test,pcb_0053_NG_ZW,0053,OK,NG_ZW,OK,False,5,5,"C1,C2,C3,C4,C5",,,True,True,True,True,True,True,True,True,True,True,True,True,True,True,True
pcb::pcb_0053_OK,pcb,train,pcb_0053_OK,0053,OK,OK,OK,True,5,5,"C1,C2,C3,C4,C5",,,True,True,True,True,True,True,True,True,True,True,True,True,True,True,True
pcb::pcb_0054_NG_HS,pcb,test,pcb_0054_NG_HS,0054,OK,NG_HS,OK,False,5,5,"C1,C2,C3,C4,C5",,,True,True,True,True,True,True,True,True,True,True,True,True,True,True,True
pcb::pcb_0054_NG_QS,pcb,test,pcb_0054_NG_QS,0054,OK,NG_QS,QS,True,5,5,"C1,C2,C3,C4,C5",,,True,True,True,True,True,True,True,True,True,True,True,True,True,True,True
pcb::pcb_0054_NG_YW,pcb,test,pcb_0054_NG_YW,0054,OK,NG_YW,YW,True,5,5,"C1,C2,C3,C4,C5",,,True,True,True,True,True,True,True,True,True,True,True,True,True,True,True
pcb::pcb_0054_NG_ZW,pcb,test,pcb_0054_NG_ZW,0054,OK,NG_ZW,ZW,False,5,5,"C1,C2,C3,C4,C5",,,True,True,True,True,True,True,True,True,True,True,True,True,True,True,True
pcb::pcb_0054_OK,pcb,train,pcb_0054_OK,0054,OK,OK,OK,True,5,5,"C1,C2,C3,C4,C5",,,True,True,True,True,True,True,True,True,True,True,True,True,True,True,True
pcb::pcb_0055_NG_HS,pcb,test,pcb_0055_NG_HS,0055,OK,NG_HS,OK,False,5,5,"C1,C2,C3,C4,C5",,,True,True,True,True,True,True,True,True,True,True,True,True,True,True,True
pcb::pcb_0055_NG_QS,pcb,test,pcb_0055_NG_QS,0055,OK,NG_QS,QS,True,5,5,"C1,C2,C3,C4,C5",,,True,True,True,True,True,True,True,True,True,True,True,True,True,True,True
pcb::pcb_0055_NG_YW,pcb,test,pcb_0055_NG_YW,0055,OK,NG_YW,YW,True,5,5,"C1,C2,C3,C4,C5",,,True,True,True,True,True,True,True,True,True,True,True,True,True,True,True
pcb::pcb_0055_NG_ZW,pcb,test,pcb_0055_NG_ZW,0055,OK,NG_ZW,ZW,True,5,5,"C1,C2,C3,C4,C5",,,True,True,True,True,True,True,True,True,True,True,True,True,True,True,True
pcb::pcb_0055_OK,pcb,train,pcb_0055_OK,0055,OK,OK,OK,True,5,5,"C1,C2,C3,C4,C5",,,True,True,True,True,True,True,True,True,True,True,True,True,True,True,True
pcb::pcb_0056_NG_HS,pcb,test,pcb_0056_NG_HS,0056,OK,NG_HS,OK,False,5,5,"C1,C2,C3,C4,C5",,,True,True,True,True,True,True,True,True,True,True,True,True,True,True,True
pcb::pcb_0056_NG_QS,pcb,test,pcb_0056_NG_QS,0056,OK,NG_QS,OK,False,5,5,"C1,C2,C3,C4,C5",,,True,True,True,True,True,True,True,True,True,True,True,True,True,True,True
pcb::pcb_0056_NG_YW,pcb,test,pcb_0056_NG_YW,0056,OK,NG_YW,YW,True,5,5,"C1,C2,C3,C4,C5",,,True,True,True,True,True,True,True,True,True,True,True,True,True,True,True
pcb::pcb_0056_NG_ZW,pcb,test,pcb_0056_NG_ZW,0056,OK,NG_ZW,ZW,False,5,5,"C1,C2,C3,C4,C5",,,True,True,True,True,True,True,True,True,True,True,True,True,True,True,True
pcb::pcb_0056_OK,pcb,train,pcb_0056_OK,0056,OK,OK,OK,True,5,5,"C1,C2,C3,C4,C5",,,True,True,True,True,True,True,True,True,True,True,True,True,True,True,True
pcb::pcb_0057_NG_HS,pcb,test,pcb_0057_NG_HS,0057,OK,NG_HS,HS,True,5,5,"C1,C2,C3,C4,C5",,,True,True,True,True,True,True,True,True,True,True,True,True,True,True,True
pcb::pcb_0057_NG_QS,pcb,test,pcb_0057_NG_QS,0057,OK,NG_QS,QS,True,5,5,"C1,C2,C3,C4,C5",,,True,True,True,True,True,True,True,True,True,True,True,True,True,True,True
pcb::pcb_0057_NG_YW,pcb,test,pcb_0057_NG_YW,0057,OK,NG_YW,YW,True,5,5,"C1,C2,C3,C4,C5",,,True,True,True,True,True,True,True,True,True,True,True,True,True,True,True
pcb::pcb_0057_NG_ZW,pcb,test,pcb_0057_NG_ZW,0057,OK,NG_ZW,ZW,True,5,5,"C1,C2,C3,C4,C5",,,True,True,True,True,True,True,True,True,True,True,True,True,True,True,True
pcb::pcb_0057_OK,pcb,train,pcb_0057_OK,0057,OK,OK,OK,True,5,5,"C1,C2,C3,C4,C5",,,True,True,True,True,True,True,True,True,True,True,True,True,True,True,True
pcb::pcb_0058_NG_HS,pcb,test,pcb_0058_NG_HS,0058,OK,NG_HS,HS,True,5,5,"C1,C2,C3,C4,C5",,,True,True,True,True,True,True,True,True,True,True,True,True,True,True,True
pcb::pcb_0058_NG_QS,pcb,test,pcb_0058_NG_QS,0058,OK,NG_QS,OK,False,5,5,"C1,C2,C3,C4,C5",,,True,True,True,True,True,True,True,True,True,True,True,True,True,True,True
pcb::pcb_0058_NG_YW,pcb,test,pcb_0058_NG_YW,0058,OK,NG_YW,YW,True,5,5,"C1,C2,C3,C4,C5",,,True,True,True,True,True,True,True,True,True,True,True,True,True,True,True
pcb::pcb_0058_NG_ZW,pcb,test,pcb_0058_NG_ZW,0058,OK,NG_ZW,ZW,False,5,5,"C1,C2,C3,C4,C5",,,True,True,True,True,True,True,True,True,True,True,True,True,True,True,True
pcb::pcb_0058_OK,pcb,test,pcb_0058_OK,0058,OK,OK,OK,True,5,5,"C1,C2,C3,C4,C5",,,True,True,True,True,True,True,True,True,True,True,True,True,True,True,True
pcb::pcb_0059_NG_HS,pcb,test,pcb_0059_NG_HS,0059,OK,NG_HS,OK,False,5,5,"C1,C2,C3,C4,C5",,,True,True,True,True,True,True,True,True,True,True,True,True,True,True,True
pcb::pcb_0059_NG_QS,pcb,test,pcb_0059_NG_QS,0059,OK,NG_QS,QS,True,5,5,"C1,C2,C3,C4,C5",,,True,True,True,True,True,True,True,True,True,True,True,True,True,True,True
pcb::pcb_0059_NG_YW,pcb,test,pcb_0059_NG_YW,0059,OK,NG_YW,YW,True,5,5,"C1,C2,C3,C4,C5",,,True,True,True,True,True,True,True,True,True,True,True,True,True,True,True
pcb::pcb_0059_NG_ZW,pcb,test,pcb_0059_NG_ZW,0059,OK,NG_ZW,ZW,False,5,5,"C1,C2,C3,C4,C5",,,True,True,True,True,True,True,True,True,True,True,True,True,True,True,True
pcb::pcb_0059_OK,pcb,test,pcb_0059_OK,0059,OK,OK,OK,True,5,5,"C1,C2,C3,C4,C5",,,True,True,True,True,True,True,True,True,True,True,True,True,True,True,True
pcb::pcb_0060_NG_HS,pcb,test,pcb_0060_NG_HS,0060,OK,NG_HS,HS,True,5,5,"C1,C2,C3,C4,C5",,,True,True,True,True,True,True,True,True,True,True,True,True,True,True,True
pcb::pcb_0060_NG_QS,pcb,test,pcb_0060_NG_QS,0060,OK,NG_QS,QS,True,5,5,"C1,C2,C3,C4,C5",,,True,True,True,True,True,True,True,True,True,True,True,True,True,True,True
pcb::pcb_0060_NG_YW,pcb,test,pcb_0060_NG_YW,0060,OK,NG_YW,YW,True,5,5,"C1,C2,C3,C4,C5",,,True,True,True,True,True,True,True,True,True,True,True,True,True,True,True
pcb::pcb_0060_NG_ZW,pcb,test,pcb_0060_NG_ZW,0060,OK,NG_ZW,OK,False,5,5,"C1,C2,C3,C4,C5",,,True,True,True,True,True,True,True,True,True,True,True,True,True,True,True
pcb::pcb_0060_OK,pcb,train,pcb_0060_OK,0060,OK,OK,OK,True,5,5,"C1,C2,C3,C4,C5",,,True,True,True,True,True,True,True,True,True,True,True,True,True,True,True
pcb::pcb_0061_NG_HS,pcb,test,pcb_0061_NG_HS,0061,OK,NG_HS,OK,False,5,5,"C1,C2,C3,C4,C5",,,True,True,True,True,True,True,True,True,True,True,True,True,True,True,True
pcb::pcb_0061_NG_QS,pcb,test,pcb_0061_NG_QS,0061,OK,NG_QS,QS,True,5,5,"C1,C2,C3,C4,C5",,,True,True,True,True,True,True,True,True,True,True,True,True,True,True,True
pcb::pcb_0061_NG_YW,pcb,test,pcb_0061_NG_YW,0061,OK,NG_YW,YW,True,5,5,"C1,C2,C3,C4,C5",,,True,True,True,True,True,True,True,True,True,True,True,True,True,True,True
pcb::pcb_0061_NG_ZW,pcb,test,pcb_0061_NG_ZW,0061,OK,NG_ZW,ZW,False,5,5,"C1,C2,C3,C4,C5",,,True,True,True,True,True,True,True,True,True,True,True,True,True,True,True
pcb::pcb_0061_OK,pcb,train,pcb_0061_OK,0061,OK,OK,OK,True,5,5,"C1,C2,C3,C4,C5",,,True,True,True,True,True,True,True,True,True,True,True,True,True,True,True
pcb::pcb_0062_NG_HS,pcb,test,pcb_0062_NG_HS,0062,OK,NG_HS,HS,True,5,5,"C1,C2,C3,C4,C5",,,True,True,True,True,True,True,True,True,True,True,True,True,True,True,True
pcb::pcb_0062_NG_QS,pcb,test,pcb_0062_NG_QS,0062,OK,NG_QS,QS,True,5,5,"C1,C2,C3,C4,C5",,,True,True,True,True,True,True,True,True,True,True,True,True,True,True,True
pcb::pcb_0062_NG_YW,pcb,test,pcb_0062_NG_YW,0062,OK,NG_YW,YW,True,5,5,"C1,C2,C3,C4,C5",,,True,True,True,True,True,True,True,True,True,True,True,True,True,True,True
pcb::pcb_0062_NG_ZW,pcb,test,pcb_0062_NG_ZW,0062,OK,NG_ZW,ZW,False,5,5,"C1,C2,C3,C4,C5",,,True,True,True,True,True,True,True,True,True,True,True,True,True,True,True
pcb::pcb_0062_OK,pcb,train,pcb_0062_OK,0062,OK,OK,OK,True,5,5,"C1,C2,C3,C4,C5",,,True,True,True,True,True,True,True,True,True,True,True,True,True,True,True
pcb::pcb_0063_NG_HS,pcb,test,pcb_0063_NG_HS,0063,OK,NG_HS,HS,True,5,5,"C1,C2,C3,C4,C5",,,True,True,True,True,True,True,True,True,True,True,True,True,True,True,True
pcb::pcb_0063_NG_QS,pcb,test,pcb_0063_NG_QS,0063,OK,NG_QS,QS,True,5,5,"C1,C2,C3,C4,C5",,,True,True,True,True,True,True,True,True,True,True,True,True,True,True,True
pcb::pcb_0063_NG_YW,pcb,test,pcb_0063_NG_YW,0063,OK,NG_YW,YW,True,5,5,"C1,C2,C3,C4,C5",,,True,True,True,True,True,True,True,True,True,True,True,True,True,True,True
pcb::pcb_0063_NG_ZW,pcb,test,pcb_0063_NG_ZW,0063,OK,NG_ZW,ZW,True,5,5,"C1,C2,C3,C4,C5",,,True,True,True,True,True,True,True,True,True,True,True,True,True,True,True
pcb::pcb_0063_OK,pcb,train,pcb_0063_OK,0063,OK,OK,OK,True,5,5,"C1,C2,C3,C4,C5",,,True,True,True,True,True,True,True,True,True,True,True,True,True,True,True
pcb::pcb_0064_NG_HS,pcb,test,pcb_0064_NG_HS,0064,OK,NG_HS,HS,True,5,5,"C1,C2,C3,C4,C5",,,True,True,True,True,True,True,True,True,True,True,True,True,True,True,True
pcb::pcb_0064_NG_QS,pcb,test,pcb_0064_NG_QS,0064,OK,NG_QS,QS,True,5,5,"C1,C2,C3,C4,C5",,,True,True,True,True,True,True,True,True,True,True,True,True,True,True,True
pcb::pcb_0064_NG_YW,pcb,test,pcb_0064_NG_YW,0064,OK,NG_YW,YW,True,5,5,"C1,C2,C3,C4,C5",,,True,True,True,True,True,True,True,True,True,True,True,True,True,True,True
pcb::pcb_0064_NG_ZW,pcb,test,pcb_0064_NG_ZW,0064,OK,NG_ZW,ZW,True,5,5,"C1,C2,C3,C4,C5",,,True,True,True,True,True,True,True,True,True,True,True,True,True,True,True
pcb::pcb_0064_OK,pcb,test,pcb_0064_OK,0064,OK,OK,OK,True,5,5,"C1,C2,C3,C4,C5",,,True,True,True,True,True,True,True,True,True,True,True,True,True,True,True
pcb::pcb_0065_NG_HS,pcb,test,pcb_0065_NG_HS,0065,OK,NG_HS,HS,True,5,5,"C1,C2,C3,C4,C5",,,True,True,True,True,True,True,True,True,True,True,True,True,True,True,True
pcb::pcb_0065_NG_QS,pcb,test,pcb_0065_NG_QS,0065,OK,NG_QS,QS,True,5,5,"C1,C2,C3,C4,C5",,,True,True,True,True,True,True,True,True,True,True,True,True,True,True,True
pcb::pcb_0065_NG_YW,pcb,test,pcb_0065_NG_YW,0065,OK,NG_YW,YW,True,5,5,"C1,C2,C3,C4,C5",,,True,True,True,True,True,True,True,True,True,True,True,True,True,True,True
pcb::pcb_0065_NG_ZW,pcb,test,pcb_0065_NG_ZW,0065,OK,NG_ZW,ZW,True,5,5,"C1,C2,C3,C4,C5",,,True,True,True,True,True,True,True,True,True,True,True,True,True,True,True
pcb::pcb_0065_OK,pcb,test,pcb_0065_OK,0065,OK,OK,OK,True,5,5,"C1,C2,C3,C4,C5",,,True,True,True,True,True,True,True,True,True,True,True,True,True,True,True
pcb::pcb_0066_NG_HS,pcb,test,pcb_0066_NG_HS,0066,OK,NG_HS,HS,True,5,5,"C1,C2,C3,C4,C5",,,True,True,True,True,True,True,True,True,True,True,True,True,True,True,True
pcb::pcb_0066_NG_QS,pcb,test,pcb_0066_NG_QS,0066,OK,NG_QS,QS,True,5,5,"C1,C2,C3,C4,C5",,,True,True,True,True,True,True,True,True,True,True,True,True,True,True,True
pcb::pcb_0066_NG_YW,pcb,test,pcb_0066_NG_YW,0066,OK,NG_YW,YW,True,5,5,"C1,C2,C3,C4,C5",,,True,True,True,True,True,True,True,True,True,True,True,True,True,True,True
pcb::pcb_0066_NG_ZW,pcb,test,pcb_0066_NG_ZW,0066,OK,NG_ZW,ZW,True,5,5,"C1,C2,C3,C4,C5",,,True,True,True,True,True,True,True,True,True,True,True,True,True,True,True
pcb::pcb_0066_OK,pcb,test,pcb_0066_OK,0066,OK,OK,OK,True,5,5,"C1,C2,C3,C4,C5",,,True,True,True,True,True,True,True,True,True,True,True,True,True,True,True
pcb::pcb_0067_NG_HS,pcb,test,pcb_0067_NG_HS,0067,OK,NG_HS,HS,True,5,5,"C1,C2,C3,C4,C5",,,True,True,True,True,True,True,True,True,True,True,True,True,True,True,True
pcb::pcb_0067_NG_QS,pcb,test,pcb_0067_NG_QS,0067,OK,NG_QS,QS,True,5,5,"C1,C2,C3,C4,C5",,,True,True,True,True,True,True,True,True,True,True,True,True,True,True,True
pcb::pcb_0067_NG_YW,pcb,test,pcb_0067_NG_YW,0067,OK,NG_YW,YW,True,5,5,"C1,C2,C3,C4,C5",,,True,True,True,True,True,True,True,True,True,True,True,True,True,True,True
pcb::pcb_0067_NG_ZW,pcb,test,pcb_0067_NG_ZW,0067,OK,NG_ZW,ZW,True,5,5,"C1,C2,C3,C4,C5",,,True,True,True,True,True,True,True,True,True,True,True,True,True,True,True
pcb::pcb_0067_OK,pcb,train,pcb_0067_OK,0067,OK,OK,OK,True,5,5,"C1,C2,C3,C4,C5",,,True,True,True,True,True,True,True,True,True,True,True,True,True,True,True
pcb::pcb_0068_NG_HS,pcb,test,pcb_0068_NG_HS,0068,OK,NG_HS,HS,True,5,5,"C1,C2,C3,C4,C5",,,True,True,True,True,True,True,True,True,True,True,True,True,True,True,True
pcb::pcb_0068_NG_QS,pcb,test,pcb_0068_NG_QS,0068,OK,NG_QS,QS,True,5,5,"C1,C2,C3,C4,C5",,,True,True,True,True,True,True,True,True,True,True,True,True,True,True,True
pcb::pcb_0068_NG_YW,pcb,test,pcb_0068_NG_YW,0068,OK,NG_YW,YW,True,5,5,"C1,C2,C3,C4,C5",,,True,True,True,True,True,True,True,True,True,True,True,True,True,True,True
pcb::pcb_0068_NG_ZW,pcb,test,pcb_0068_NG_ZW,0068,OK,NG_ZW,ZW,True,5,5,"C1,C2,C3,C4,C5",,,True,True,True,True,True,True,True,True,True,True,True,True,True,True,True
pcb::pcb_0068_OK,pcb,test,pcb_0068_OK,0068,OK,OK,OK,True,5,5,"C1,C2,C3,C4,C5",,,True,True,True,True,True,True,True,True,True,True,True,True,True,True,True
pcb::pcb_0069_NG_HS,pcb,test,pcb_0069_NG_HS,0069,OK,NG_HS,HS,True,5,5,"C1,C2,C3,C4,C5",,,True,True,True,True,True,True,True,True,True,True,True,True,True,True,True
pcb::pcb_0069_NG_QS,pcb,test,pcb_0069_NG_QS,0069,OK,NG_QS,QS,True,5,5,"C1,C2,C3,C4,C5",,,True,True,True,True,True,True,True,True,True,True,True,True,True,True,True
pcb::pcb_0069_NG_YW,pcb,test,pcb_0069_NG_YW,0069,OK,NG_YW,YW,True,5,5,"C1,C2,C3,C4,C5",,,True,True,True,True,True,True,True,True,True,True,True,True,True,True,True
pcb::pcb_0069_NG_ZW,pcb,test,pcb_0069_NG_ZW,0069,OK,NG_ZW,ZW,True,5,5,"C1,C2,C3,C4,C5",,,True,True,True,True,True,True,True,True,True,True,True,True,True,True,True
pcb::pcb_0070_NG_HS,pcb,test,pcb_0070_NG_HS,0070,OK,NG_HS,OK,False,5,5,"C1,C2,C3,C4,C5",,,True,True,True,True,True,True,True,True,True,True,True,True,True,True,True
pcb::pcb_0070_NG_QS,pcb,test,pcb_0070_NG_QS,0070,OK,NG_QS,OK,False,5,5,"C1,C2,C3,C4,C5",,,True,True,True,True,True,True,True,True,True,True,True,True,True,True,True
pcb::pcb_0070_NG_YW,pcb,test,pcb_0070_NG_YW,0070,OK,NG_YW,YW,True,5,5,"C1,C2,C3,C4,C5",,,True,True,True,True,True,True,True,True,True,True,True,True,True,True,True
pcb::pcb_0070_NG_ZW,pcb,test,pcb_0070_NG_ZW,0070,OK,NG_ZW,ZW,True,5,5,"C1,C2,C3,C4,C5",,,True,True,True,True,True,True,True,True,True,True,True,True,True,True,True
pcb::pcb_0070_OK,pcb,test,pcb_0070_OK,0070,OK,OK,OK,True,5,5,"C1,C2,C3,C4,C5",,,True,True,True,True,True,True,True,True,True,True,True,True,True,True,True
pcb::pcb_0071_NG_HS,pcb,test,pcb_0071_NG_HS,0071,OK,NG_HS,HS,True,5,5,"C1,C2,C3,C4,C5",,,True,True,True,True,True,True,True,True,True,True,True,True,True,True,True
pcb::pcb_0071_NG_QS,pcb,test,pcb_0071_NG_QS,0071,OK,NG_QS,QS,True,5,5,"C1,C2,C3,C4,C5",,,True,True,True,True,True,True,True,True,True,True,True,True,True,True,True
pcb::pcb_0071_NG_YW,pcb,test,pcb_0071_NG_YW,0071,OK,NG_YW,YW,True,5,5,"C1,C2,C3,C4,C5",,,True,True,True,True,True,True,True,True,True,True,True,True,True,True,True
pcb::pcb_0071_NG_ZW,pcb,test,pcb_0071_NG_ZW,0071,OK,NG_ZW,ZW,True,5,5,"C1,C2,C3,C4,C5",,,True,True,True,True,True,True,True,True,True,True,True,True,True,True,True
pcb::pcb_0071_OK,pcb,train,pcb_0071_OK,0071,OK,OK,OK,True,5,5,"C1,C2,C3,C4,C5",,,True,True,True,True,True,True,True,True,True,True,True,True,True,True,True
pcb::pcb_0072_NG_HS,pcb,test,pcb_0072_NG_HS,0072,OK,NG_HS,HS,True,5,5,"C1,C2,C3,C4,C5",,,True,True,True,True,True,True,True,True,True,True,True,True,True,True,True
pcb::pcb_0072_NG_QS,pcb,test,pcb_0072_NG_QS,0072,OK,NG_QS,QS,True,5,5,"C1,C2,C3,C4,C5",,,True,True,True,True,True,True,True,True,True,True,True,True,True,True,True
pcb::pcb_0072_NG_YW,pcb,test,pcb_0072_NG_YW,0072,OK,NG_YW,YW,True,5,5,"C1,C2,C3,C4,C5",,,True,True,True,True,True,True,True,True,True,True,True,True,True,True,True
pcb::pcb_0072_NG_ZW,pcb,test,pcb_0072_NG_ZW,0072,OK,NG_ZW,ZW,True,5,5,"C1,C2,C3,C4,C5",,,True,True,True,True,True,True,True,True,True,True,True,True,True,True,True
pcb::pcb_0072_OK,pcb,train,pcb_0072_OK,0072,OK,OK,OK,True,5,5,"C1,C2,C3,C4,C5",,,True,True,True,True,True,True,True,True,True,True,True,True,True,True,True
pcb::pcb_0073_NG_HS,pcb,test,pcb_0073_NG_HS,0073,OK,NG_HS,HS,True,5,5,"C1,C2,C3,C4,C5",,,True,True,True,True,True,True,True,True,True,True,True,True,True,True,True
pcb::pcb_0073_NG_QS,pcb,test,pcb_0073_NG_QS,0073,OK,NG_QS,QS,True,5,5,"C1,C2,C3,C4,C5",,,True,True,True,True,True,True,True,True,True,True,True,True,True,True,True
pcb::pcb_0073_NG_YW,pcb,test,pcb_0073_NG_YW,0073,OK,NG_YW,YW,True,5,5,"C1,C2,C3,C4,C5",,,True,True,True,True,True,True,True,True,True,True,True,True,True,True,True
pcb::pcb_0073_NG_ZW,pcb,test,pcb_0073_NG_ZW,0073,OK,NG_ZW,ZW,False,5,5,"C1,C2,C3,C4,C5",,,True,True,True,True,True,True,True,True,True,True,True,True,True,True,True
pcb::pcb_0073_OK,pcb,train,pcb_0073_OK,0073,OK,OK,OK,True,5,5,"C1,C2,C3,C4,C5",,,True,True,True,True,True,True,True,True,True,True,True,True,True,True,True
pcb::pcb_0074_NG_HS,pcb,test,pcb_0074_NG_HS,0074,OK,NG_HS,HS,True,5,5,"C1,C2,C3,C4,C5",,,True,True,True,True,True,True,True,True,True,True,True,True,True,True,True
pcb::pcb_0074_NG_QS,pcb,test,pcb_0074_NG_QS,0074,OK,NG_QS,QS,True,5,5,"C1,C2,C3,C4,C5",,,True,True,True,True,True,True,True,True,True,True,True,True,True,True,True
pcb::pcb_0074_NG_YW,pcb,test,pcb_0074_NG_YW,0074,OK,NG_YW,YW,True,5,5,"C1,C2,C3,C4,C5",,,True,True,True,True,True,True,True,True,True,True,True,True,True,True,True
pcb::pcb_0074_NG_ZW,pcb,test,pcb_0074_NG_ZW,0074,OK,NG_ZW,ZW,False,5,5,"C1,C2,C3,C4,C5",,,True,True,True,True,True,True,True,True,True,True,True,True,True,True,True
pcb::pcb_0074_OK,pcb,train,pcb_0074_OK,0074,OK,OK,OK,True,5,5,"C1,C2,C3,C4,C5",,,True,True,True,True,True,True,True,True,True,True,True,True,True,True,True
pcb::pcb_0075_NG_HS,pcb,test,pcb_0075_NG_HS,0075,OK,NG_HS,HS,True,5,5,"C1,C2,C3,C4,C5",,,True,True,True,True,True,True,True,True,True,True,True,True,True,True,True
pcb::pcb_0075_NG_QS,pcb,test,pcb_0075_NG_QS,0075,OK,NG_QS,QS,True,5,5,"C1,C2,C3,C4,C5",,,True,True,True,True,True,True,True,True,True,True,True,True,True,True,True
pcb::pcb_0075_NG_YW,pcb,test,pcb_0075_NG_YW,0075,OK,NG_YW,YW,True,5,5,"C1,C2,C3,C4,C5",,,True,True,True,True,True,True,True,True,True,True,True,True,True,True,True
pcb::pcb_0075_NG_ZW,pcb,test,pcb_0075_NG_ZW,0075,OK,NG_ZW,ZW,False,5,5,"C1,C2,C3,C4,C5",,,True,True,True,True,True,True,True,True,True,True,True,True,True,True,True
pcb::pcb_0075_OK,pcb,train,pcb_0075_OK,0075,OK,OK,OK,True,5,5,"C1,C2,C3,C4,C5",,,True,True,True,True,True,True,True,True,True,True,True,True,True,True,True
pcb::pcb_0076_NG_HS,pcb,test,pcb_0076_NG_HS,0076,OK,NG_HS,HS,True,5,5,"C1,C2,C3,C4,C5",,,True,True,True,True,True,True,True,True,True,True,True,True,True,True,True
pcb::pcb_0076_NG_QS,pcb,test,pcb_0076_NG_QS,0076,OK,NG_QS,QS,True,5,5,"C1,C2,C3,C4,C5",,,True,True,True,True,True,True,True,True,True,True,True,True,True,True,True
pcb::pcb_0076_NG_YW,pcb,test,pcb_0076_NG_YW,0076,OK,NG_YW,YW,True,5,5,"C1,C2,C3,C4,C5",,,True,True,True,True,True,True,True,True,True,True,True,True,True,True,True
pcb::pcb_0076_NG_ZW,pcb,test,pcb_0076_NG_ZW,0076,OK,NG_ZW,ZW,True,5,5,"C1,C2,C3,C4,C5",,,True,True,True,True,True,True,True,True,True,True,True,True,True,True,True
pcb::pcb_0076_OK,pcb,train,pcb_0076_OK,0076,OK,OK,OK,True,5,5,"C1,C2,C3,C4,C5",,,True,True,True,True,True,True,True,True,True,True,True,True,True,True,True
pcb::pcb_0077_NG_HS,pcb,test,pcb_0077_NG_HS,0077,OK,NG_HS,HS,True,5,5,"C1,C2,C3,C4,C5",,,True,True,True,True,True,True,True,True,True,True,True,True,True,True,True
pcb::pcb_0077_NG_QS,pcb,test,pcb_0077_NG_QS,0077,OK,NG_QS,QS,True,5,5,"C1,C2,C3,C4,C5",,,True,True,True,True,True,True,True,True,True,True,True,True,True,True,True
pcb::pcb_0077_NG_YW,pcb,test,pcb_0077_NG_YW,0077,OK,NG_YW,YW,True,5,5,"C1,C2,C3,C4,C5",,,True,True,True,True,True,True,True,True,True,True,True,True,True,True,True
pcb::pcb_0077_NG_ZW,pcb,test,pcb_0077_NG_ZW,0077,OK,NG_ZW,ZW,True,5,5,"C1,C2,C3,C4,C5",,,True,True,True,True,True,True,True,True,True,True,True,True,True,True,True
pcb::pcb_0077_OK,pcb,test,pcb_0077_OK,0077,OK,OK,OK,True,5,5,"C1,C2,C3,C4,C5",,,True,True,True,True,True,True,True,True,True,True,True,True,True,True,True
pcb::pcb_0078_NG_HS,pcb,test,pcb_0078_NG_HS,0078,OK,NG_HS,HS,True,5,5,"C1,C2,C3,C4,C5",,,True,True,True,True,True,True,True,True,True,True,True,True,True,True,True
pcb::pcb_0078_NG_QS,pcb,test,pcb_0078_NG_QS,0078,OK,NG_QS,QS,True,5,5,"C1,C2,C3,C4,C5",,,True,True,True,True,True,True,True,True,True,True,True,True,True,True,True
pcb::pcb_0078_NG_YW,pcb,test,pcb_0078_NG_YW,0078,OK,NG_YW,YW,True,5,5,"C1,C2,C3,C4,C5",,,True,True,True,True,True,True,True,True,True,True,True,True,True,True,True
pcb::pcb_0078_NG_ZW,pcb,test,pcb_0078_NG_ZW,0078,OK,NG_ZW,ZW,True,5,5,"C1,C2,C3,C4,C5",,,True,True,True,True,True,True,True,True,True,True,True,True,True,True,True
pcb::pcb_0078_OK,pcb,test,pcb_0078_OK,0078,OK,OK,OK,True,5,5,"C1,C2,C3,C4,C5",,,True,True,True,True,True,True,True,True,True,True,True,True,True,True,True
pcb::pcb_0079_NG_HS,pcb,test,pcb_0079_NG_HS,0079,OK,NG_HS,HS,False,5,5,"C1,C2,C3,C4,C5",,,True,True,True,True,True,True,True,True,True,True,True,True,True,True,True
pcb::pcb_0079_NG_QS,pcb,test,pcb_0079_NG_QS,0079,OK,NG_QS,QS,True,5,5,"C1,C2,C3,C4,C5",,,True,True,True,True,True,True,True,True,True,True,True,True,True,True,True
pcb::pcb_0079_NG_YW,pcb,test,pcb_0079_NG_YW,0079,OK,NG_YW,YW,True,5,5,"C1,C2,C3,C4,C5",,,True,True,True,True,True,True,True,True,True,True,True,True,True,True,True
pcb::pcb_0079_NG_ZW,pcb,test,pcb_0079_NG_ZW,0079,OK,NG_ZW,ZW,True,5,5,"C1,C2,C3,C4,C5",,,True,True,True,True,True,True,True,True,True,True,True,True,True,True,True
pcb::pcb_0079_OK,pcb,test,pcb_0079_OK,0079,OK,OK,OK,True,5,5,"C1,C2,C3,C4,C5",,,True,True,True,True,True,True,True,True,True,True,True,True,True,True,True
pcb::pcb_0080_NG_HS,pcb,test,pcb_0080_NG_HS,0080,OK,NG_HS,HS,False,5,5,"C1,C2,C3,C4,C5",,,True,True,True,True,True,True,True,True,True,True,True,True,True,True,True
pcb::pcb_0080_NG_QS,pcb,test,pcb_0080_NG_QS,0080,OK,NG_QS,OK,False,5,5,"C1,C2,C3,C4,C5",,,True,True,True,True,True,True,True,True,True,True,True,True,True,True,True
pcb::pcb_0080_NG_YW,pcb,test,pcb_0080_NG_YW,0080,OK,NG_YW,YW,True,5,5,"C1,C2,C3,C4,C5",,,True,True,True,True,True,True,True,True,True,True,True,True,True,True,True
pcb::pcb_0080_NG_ZW,pcb,test,pcb_0080_NG_ZW,0080,OK,NG_ZW,ZW,True,5,5,"C1,C2,C3,C4,C5",,,True,True,True,True,True,True,True,True,True,True,True,True,True,True,True
pcb::pcb_0080_OK,pcb,train,pcb_0080_OK,0080,OK,OK,OK,True,5,5,"C1,C2,C3,C4,C5",,,True,True,True,True,True,True,True,True,True,True,True,True,True,True,True
pcb::pcb_0081_NG_HS,pcb,test,pcb_0081_NG_HS,0081,OK,NG_HS,HS,False,5,5,"C1,C2,C3,C4,C5",,,True,True,True,True,True,True,True,True,True,True,True,True,True,True,True
pcb::pcb_0081_NG_QS,pcb,test,pcb_0081_NG_QS,0081,OK,NG_QS,QS,True,5,5,"C1,C2,C3,C4,C5",,,True,True,True,True,True,True,True,True,True,True,True,True,True,True,True
pcb::pcb_0081_NG_YW,pcb,test,pcb_0081_NG_YW,0081,OK,NG_YW,YW,True,5,5,"C1,C2,C3,C4,C5",,,True,True,True,True,True,True,True,True,True,True,True,True,True,True,True
pcb::pcb_0081_NG_ZW,pcb,test,pcb_0081_NG_ZW,0081,OK,NG_ZW,ZW,True,5,5,"C1,C2,C3,C4,C5",,,True,True,True,True,True,True,True,True,True,True,True,True,True,True,True
pcb::pcb_0081_OK,pcb,train,pcb_0081_OK,0081,OK,OK,OK,True,5,5,"C1,C2,C3,C4,C5",,,True,True,True,True,True,True,True,True,True,True,True,True,True,True,True
pcb::pcb_0082_NG_HS,pcb,test,pcb_0082_NG_HS,0082,OK,NG_HS,HS,False,5,5,"C1,C2,C3,C4,C5",,,True,True,True,True,True,True,True,True,True,True,True,True,True,True,True
pcb::pcb_0082_NG_QS,pcb,test,pcb_0082_NG_QS,0082,OK,NG_QS,QS,True,5,5,"C1,C2,C3,C4,C5",,,True,True,True,True,True,True,True,True,True,True,True,True,True,True,True
pcb::pcb_0082_NG_YW,pcb,test,pcb_0082_NG_YW,0082,OK,NG_YW,YW,True,5,5,"C1,C2,C3,C4,C5",,,True,True,True,True,True,True,True,True,True,True,True,True,True,True,True
pcb::pcb_0082_NG_ZW,pcb,test,pcb_0082_NG_ZW,0082,OK,NG_ZW,ZW,True,5,5,"C1,C2,C3,C4,C5",,,True,True,True,True,True,True,True,True,True,True,True,True,True,True,True
pcb::pcb_0082_OK,pcb,test,pcb_0082_OK,0082,OK,OK,OK,True,5,5,"C1,C2,C3,C4,C5",,,True,True,True,True,True,True,True,True,True,True,True,True,True,True,True
pcb::pcb_0083_NG_HS,pcb,test,pcb_0083_NG_HS,0083,OK,NG_HS,HS,True,5,5,"C1,C2,C3,C4,C5",,,True,True,True,True,True,True,True,True,True,True,True,True,True,True,True
pcb::pcb_0083_NG_QS,pcb,test,pcb_0083_NG_QS,0083,OK,NG_QS,QS,True,5,5,"C1,C2,C3,C4,C5",,,True,True,True,True,True,True,True,True,True,True,True,True,True,True,True
pcb::pcb_0083_NG_YW,pcb,test,pcb_0083_NG_YW,0083,OK,NG_YW,YW,True,5,5,"C1,C2,C3,C4,C5",,,True,True,True,True,True,True,True,True,True,True,True,True,True,True,True
pcb::pcb_0083_NG_ZW,pcb,test,pcb_0083_NG_ZW,0083,OK,NG_ZW,ZW,True,5,5,"C1,C2,C3,C4,C5",,,True,True,True,True,True,True,True,True,True,True,True,True,True,True,True
pcb::pcb_0083_OK,pcb,train,pcb_0083_OK,0083,OK,OK,OK,True,5,5,"C1,C2,C3,C4,C5",,,True,True,True,True,True,True,True,True,True,True,True,True,True,True,True
pcb::pcb_0084_NG_HS,pcb,test,pcb_0084_NG_HS,0084,OK,NG_HS,HS,False,5,5,"C1,C2,C3,C4,C5",,,True,True,True,True,True,True,True,True,True,True,True,True,True,True,True
pcb::pcb_0084_NG_QS,pcb,test,pcb_0084_NG_QS,0084,OK,NG_QS,QS,True,5,5,"C1,C2,C3,C4,C5",,,True,True,True,True,True,True,True,True,True,True,True,True,True,True,True
pcb::pcb_0084_NG_YW,pcb,test,pcb_0084_NG_YW,0084,OK,NG_YW,YW,True,5,5,"C1,C2,C3,C4,C5",,,True,True,True,True,True,True,True,True,True,True,True,True,True,True,True
pcb::pcb_0084_NG_ZW,pcb,test,pcb_0084_NG_ZW,0084,OK,NG_ZW,ZW,True,5,5,"C1,C2,C3,C4,C5",,,True,True,True,True,True,True,True,True,True,True,True,True,True,True,True
pcb::pcb_0084_OK,pcb,train,pcb_0084_OK,0084,OK,OK,OK,True,5,5,"C1,C2,C3,C4,C5",,,True,True,True,True,True,True,True,True,True,True,True,True,True,True,True
pcb::pcb_0085_NG_HS,pcb,test,pcb_0085_NG_HS,0085,OK,NG_HS,HS,False,5,5,"C1,C2,C3,C4,C5",,,True,True,True,True,True,True,True,True,True,True,True,True,True,True,True
pcb::pcb_0085_NG_QS,pcb,test,pcb_0085_NG_QS,0085,OK,NG_QS,QS,True,5,5,"C1,C2,C3,C4,C5",,,True,True,True,True,True,True,True,True,True,True,True,True,True,True,True
pcb::pcb_0085_NG_YW,pcb,test,pcb_0085_NG_YW,0085,OK,NG_YW,YW,True,5,5,"C1,C2,C3,C4,C5",,,True,True,True,True,True,True,True,True,True,True,True,True,True,True,True
pcb::pcb_0085_NG_ZW,pcb,test,pcb_0085_NG_ZW,0085,OK,NG_ZW,ZW,True,5,5,"C1,C2,C3,C4,C5",,,True,True,True,True,True,True,True,True,True,True,True,True,True,True,True
pcb::pcb_0085_OK,pcb,test,pcb_0085_OK,0085,OK,OK,OK,True,5,5,"C1,C2,C3,C4,C5",,,True,True,True,True,True,True,True,True,True,True,True,True,True,True,True
pcb::pcb_0086_NG_HS,pcb,test,pcb_0086_NG_HS,0086,OK,NG_HS,HS,False,5,5,"C1,C2,C3,C4,C5",,,True,True,True,True,True,True,True,True,True,True,True,True,True,True,True
pcb::pcb_0086_NG_QS,pcb,test,pcb_0086_NG_QS,0086,OK,NG_QS,QS,True,5,5,"C1,C2,C3,C4,C5",,,True,True,True,True,True,True,True,True,True,True,True,True,True,True,True
pcb::pcb_0086_NG_YW,pcb,test,pcb_0086_NG_YW,0086,OK,NG_YW,YW,True,5,5,"C1,C2,C3,C4,C5",,,True,True,True,True,True,True,True,True,True,True,True,True,True,True,True
pcb::pcb_0086_NG_ZW,pcb,test,pcb_0086_NG_ZW,0086,OK,NG_ZW,ZW,True,5,5,"C1,C2,C3,C4,C5",,,True,True,True,True,True,True,True,True,True,True,True,True,True,True,True
pcb::pcb_0086_OK,pcb,test,pcb_0086_OK,0086,OK,OK,OK,True,5,5,"C1,C2,C3,C4,C5",,,True,True,True,True,True,True,True,True,True,True,True,True,True,True,True
pcb::pcb_0087_NG_HS,pcb,test,pcb_0087_NG_HS,0087,OK,NG_HS,HS,True,5,5,"C1,C2,C3,C4,C5",,,True,True,True,True,True,True,True,True,True,True,True,True,True,True,True
pcb::pcb_0087_NG_QS,pcb,test,pcb_0087_NG_QS,0087,OK,NG_QS,OK,False,5,5,"C1,C2,C3,C4,C5",,,True,True,True,True,True,True,True,True,True,True,True,True,True,True,True
pcb::pcb_0087_NG_YW,pcb,test,pcb_0087_NG_YW,0087,OK,NG_YW,YW,True,5,5,"C1,C2,C3,C4,C5",,,True,True,True,True,True,True,True,True,True,True,True,True,True,True,True
pcb::pcb_0087_NG_ZW,pcb,test,pcb_0087_NG_ZW,0087,OK,NG_ZW,ZW,True,5,5,"C1,C2,C3,C4,C5",,,True,True,True,True,True,True,True,True,True,True,True,True,True,True,True
pcb::pcb_0087_OK,pcb,test,pcb_0087_OK,0087,OK,OK,OK,True,5,5,"C1,C2,C3,C4,C5",,,True,True,True,True,True,True,True,True,True,True,True,True,True,True,True
pcb::pcb_0088_NG_HS,pcb,test,pcb_0088_NG_HS,0088,OK,NG_HS,HS,True,5,5,"C1,C2,C3,C4,C5",,,True,True,True,True,True,True,True,True,True,True,True,True,True,True,True
pcb::pcb_0088_NG_QS,pcb,test,pcb_0088_NG_QS,0088,OK,NG_QS,QS,True,5,5,"C1,C2,C3,C4,C5",,,True,True,True,True,True,True,True,True,True,True,True,True,True,True,True
pcb::pcb_0088_NG_YW,pcb,test,pcb_0088_NG_YW,0088,OK,NG_YW,YW,True,5,5,"C1,C2,C3,C4,C5",,,True,True,True,True,True,True,True,True,True,True,True,True,True,True,True
pcb::pcb_0088_NG_ZW,pcb,test,pcb_0088_NG_ZW,0088,OK,NG_ZW,ZW,True,5,5,"C1,C2,C3,C4,C5",,,True,True,True,True,True,True,True,True,True,True,True,True,True,True,True
pcb::pcb_0088_OK,pcb,train,pcb_0088_OK,0088,OK,OK,OK,True,5,5,"C1,C2,C3,C4,C5",,,True,True,True,True,True,True,True,True,True,True,True,True,True,True,True
pcb::pcb_0089_NG_HS,pcb,test,pcb_0089_NG_HS,0089,OK,NG_HS,HS,True,5,5,"C1,C2,C3,C4,C5",,,True,True,True,True,True,True,True,True,True,True,True,True,True,True,True
pcb::pcb_0089_NG_QS,pcb,test,pcb_0089_NG_QS,0089,OK,NG_QS,QS,True,5,5,"C1,C2,C3,C4,C5",,,True,True,True,True,True,True,True,True,True,True,True,True,True,True,True
pcb::pcb_0089_NG_YW,pcb,test,pcb_0089_NG_YW,0089,OK,NG_YW,YW,True,5,5,"C1,C2,C3,C4,C5",,,True,True,True,True,True,True,True,True,True,True,True,True,True,True,True
pcb::pcb_0089_NG_ZW,pcb,test,pcb_0089_NG_ZW,0089,OK,NG_ZW,ZW,True,5,5,"C1,C2,C3,C4,C5",,,True,True,True,True,True,True,True,True,True,True,True,True,True,True,True
pcb::pcb_0089_OK,pcb,train,pcb_0089_OK,0089,OK,OK,OK,True,5,5,"C1,C2,C3,C4,C5",,,True,True,True,True,True,True,True,True,True,True,True,True,True,True,True
pcb::pcb_0090_NG_HS,pcb,test,pcb_0090_NG_HS,0090,OK,NG_HS,HS,False,5,5,"C1,C2,C3,C4,C5",,,True,True,True,True,True,True,True,True,True,True,True,True,True,True,True
pcb::pcb_0090_NG_QS,pcb,test,pcb_0090_NG_QS,0090,OK,NG_QS,OK,False,5,5,"C1,C2,C3,C4,C5",,,True,True,True,True,True,True,True,True,True,True,True,True,True,True,True
pcb::pcb_0090_NG_YW,pcb,test,pcb_0090_NG_YW,0090,OK,NG_YW,YW,True,5,5,"C1,C2,C3,C4,C5",,,True,True,True,True,True,True,True,True,True,True,True,True,True,True,True
pcb::pcb_0090_NG_ZW,pcb,test,pcb_0090_NG_ZW,0090,OK,NG_ZW,ZW,True,5,5,"C1,C2,C3,C4,C5",,,True,True,True,True,True,True,True,True,True,True,True,True,True,True,True
pcb::pcb_0090_OK,pcb,test,pcb_0090_OK,0090,OK,OK,OK,True,5,5,"C1,C2,C3,C4,C5",,,True,True,True,True,True,True,True,True,True,True,True,True,True,True,True
pcb::pcb_0091_NG_HS,pcb,test,pcb_0091_NG_HS,0091,OK,NG_HS,HS,True,5,5,"C1,C2,C3,C4,C5",,,True,True,True,True,True,True,True,True,True,True,True,True,True,True,True
pcb::pcb_0091_NG_QS,pcb,test,pcb_0091_NG_QS,0091,OK,NG_QS,QS,True,5,5,"C1,C2,C3,C4,C5",,,True,True,True,True,True,True,True,True,True,True,True,True,True,True,True
pcb::pcb_0091_NG_YW,pcb,test,pcb_0091_NG_YW,0091,OK,NG_YW,YW,True,5,5,"C1,C2,C3,C4,C5",,,True,True,True,True,True,True,True,True,True,True,True,True,True,True,True
pcb::pcb_0091_NG_ZW,pcb,test,pcb_0091_NG_ZW,0091,OK,NG_ZW,ZW,True,5,5,"C1,C2,C3,C4,C5",,,True,True,True,True,True,True,True,True,True,True,True,True,True,True,True
pcb::pcb_0091_OK,pcb,test,pcb_0091_OK,0091,OK,OK,OK,True,5,5,"C1,C2,C3,C4,C5",,,True,True,True,True,True,True,True,True,True,True,True,True,True,True,True
pcb::pcb_0092_NG_HS,pcb,test,pcb_0092_NG_HS,0092,OK,NG_HS,HS,True,5,5,"C1,C2,C3,C4,C5",,,True,True,True,True,True,True,True,True,True,True,True,True,True,True,True
pcb::pcb_0092_NG_QS,pcb,test,pcb_0092_NG_QS,0092,OK,NG_QS,QS,True,5,5,"C1,C2,C3,C4,C5",,,True,True,True,True,True,True,True,True,True,True,True,True,True,True,True
pcb::pcb_0092_NG_YW,pcb,test,pcb_0092_NG_YW,0092,OK,NG_YW,YW,True,5,5,"C1,C2,C3,C4,C5",,,True,True,True,True,True,True,True,True,True,True,True,True,True,True,True
pcb::pcb_0092_NG_ZW,pcb,test,pcb_0092_NG_ZW,0092,OK,NG_ZW,ZW,True,5,5,"C1,C2,C3,C4,C5",,,True,True,True,True,True,True,True,True,True,True,True,True,True,True,True
pcb::pcb_0092_OK,pcb,train,pcb_0092_OK,0092,OK,OK,OK,True,5,5,"C1,C2,C3,C4,C5",,,True,True,True,True,True,True,True,True,True,True,True,True,True,True,True
pcb::pcb_0093_NG_HS,pcb,test,pcb_0093_NG_HS,0093,OK,NG_HS,HS,True,5,5,"C1,C2,C3,C4,C5",,,True,True,True,True,True,True,True,True,True,True,True,True,True,True,True
pcb::pcb_0093_NG_QS,pcb,test,pcb_0093_NG_QS,0093,OK,NG_QS,QS,True,5,5,"C1,C2,C3,C4,C5",,,True,True,True,True,True,True,True,True,True,True,True,True,True,True,True
pcb::pcb_0093_NG_YW,pcb,test,pcb_0093_NG_YW,0093,OK,NG_YW,YW,True,5,5,"C1,C2,C3,C4,C5",,,True,True,True,True,True,True,True,True,True,True,True,True,True,True,True
pcb::pcb_0093_NG_ZW,pcb,test,pcb_0093_NG_ZW,0093,OK,NG_ZW,OK,False,5,5,"C1,C2,C3,C4,C5",,,True,True,True,True,True,True,True,True,True,True,True,True,True,True,True
pcb::pcb_0093_OK,pcb,test,pcb_0093_OK,0093,OK,OK,OK,True,5,5,"C1,C2,C3,C4,C5",,,True,True,True,True,True,True,True,True,True,True,True,True,True,True,True
pcb::pcb_0094_NG_HS,pcb,test,pcb_0094_NG_HS,0094,OK,NG_HS,HS,True,5,5,"C1,C2,C3,C4,C5",,,True,True,True,True,True,True,True,True,True,True,True,True,True,True,True
pcb::pcb_0094_NG_QS,pcb,test,pcb_0094_NG_QS,0094,OK,NG_QS,QS,True,5,5,"C1,C2,C3,C4,C5",,,True,True,True,True,True,True,True,True,True,True,True,True,True,True,True
pcb::pcb_0094_NG_YW,pcb,test,pcb_0094_NG_YW,0094,OK,NG_YW,YW,True,5,5,"C1,C2,C3,C4,C5",,,True,True,True,True,True,True,True,True,True,True,True,True,True,True,True
pcb::pcb_0094_NG_ZW,pcb,test,pcb_0094_NG_ZW,0094,OK,NG_ZW,OK,False,5,5,"C1,C2,C3,C4,C5",,,True,True,True,True,True,True,True,True,True,True,True,True,True,True,True
pcb::pcb_0094_OK,pcb,train,pcb_0094_OK,0094,OK,OK,OK,True,5,5,"C1,C2,C3,C4,C5",,,True,True,True,True,True,True,True,True,True,True,True,True,True,True,True
pcb::pcb_0095_NG_HS,pcb,test,pcb_0095_NG_HS,0095,OK,NG_HS,HS,True,5,5,"C1,C2,C3,C4,C5",,,True,True,True,True,True,True,True,True,True,True,True,True,True,True,True
pcb::pcb_0095_NG_QS,pcb,test,pcb_0095_NG_QS,0095,OK,NG_QS,QS,True,5,5,"C1,C2,C3,C4,C5",,,True,True,True,True,True,True,True,True,True,True,True,True,True,True,True
pcb::pcb_0095_NG_YW,pcb,test,pcb_0095_NG_YW,0095,OK,NG_YW,YW,True,5,5,"C1,C2,C3,C4,C5",,,True,True,True,True,True,True,True,True,True,True,True,True,True,True,True
pcb::pcb_0095_NG_ZW,pcb,test,pcb_0095_NG_ZW,0095,OK,NG_ZW,ZW,True,5,5,"C1,C2,C3,C4,C5",,,True,True,True,True,True,True,True,True,True,True,True,True,True,True,True
pcb::pcb_0095_OK,pcb,train,pcb_0095_OK,0095,OK,OK,OK,True,5,5,"C1,C2,C3,C4,C5",,,True,True,True,True,True,True,True,True,True,True,True,True,True,True,True
pcb::pcb_0096_NG_HS,pcb,test,pcb_0096_NG_HS,0096,OK,NG_HS,HS,True,5,5,"C1,C2,C3,C4,C5",,,True,True,True,True,True,True,True,True,True,True,True,True,True,True,True
pcb::pcb_0096_NG_QS,pcb,test,pcb_0096_NG_QS,0096,OK,NG_QS,QS,True,5,5,"C1,C2,C3,C4,C5",,,True,True,True,True,True,True,True,True,True,True,True,True,True,True,True
pcb::pcb_0096_NG_YW,pcb,test,pcb_0096_NG_YW,0096,OK,NG_YW,YW,True,5,5,"C1,C2,C3,C4,C5",,,True,True,True,True,True,True,True,True,True,True,True,True,True,True,True
pcb::pcb_0096_NG_ZW,pcb,test,pcb_0096_NG_ZW,0096,OK,NG_ZW,OK,False,5,5,"C1,C2,C3,C4,C5",,,True,True,True,True,True,True,True,True,True,True,True,True,True,True,True
pcb::pcb_0096_OK,pcb,test,pcb_0096_OK,0096,OK,OK,OK,True,5,5,"C1,C2,C3,C4,C5",,,True,True,True,True,True,True,True,True,True,True,True,True,True,True,True
pcb::pcb_0097_NG_HS,pcb,test,pcb_0097_NG_HS,0097,OK,NG_HS,HS,True,5,5,"C1,C2,C3,C4,C5",,,True,True,True,True,True,True,True,True,True,True,True,True,True,True,True
pcb::pcb_0097_NG_QS,pcb,test,pcb_0097_NG_QS,0097,OK,NG_QS,OK,False,5,5,"C1,C2,C3,C4,C5",,,True,True,True,True,True,True,True,True,True,True,True,True,True,True,True
pcb::pcb_0097_NG_YW,pcb,test,pcb_0097_NG_YW,0097,OK,NG_YW,YW,True,5,5,"C1,C2,C3,C4,C5",,,True,True,True,True,True,True,True,True,True,True,True,True,True,True,True
pcb::pcb_0097_NG_ZW,pcb,test,pcb_0097_NG_ZW,0097,OK,NG_ZW,ZW,True,5,5,"C1,C2,C3,C4,C5",,,True,True,True,True,True,True,True,True,True,True,True,True,True,True,True
pcb::pcb_0097_OK,pcb,train,pcb_0097_OK,0097,OK,OK,OK,True,5,5,"C1,C2,C3,C4,C5",,,True,True,True,True,True,True,True,True,True,True,True,True,True,True,True
pcb::pcb_0098_NG_HS,pcb,test,pcb_0098_NG_HS,0098,OK,NG_HS,HS,False,5,5,"C1,C2,C3,C4,C5",,,True,True,True,True,True,True,True,True,True,True,True,True,True,True,True
pcb::pcb_0098_NG_QS,pcb,test,pcb_0098_NG_QS,0098,OK,NG_QS,QS,True,5,5,"C1,C2,C3,C4,C5",,,True,True,True,True,True,True,True,True,True,True,True,True,True,True,True
pcb::pcb_0098_NG_YW,pcb,test,pcb_0098_NG_YW,0098,OK,NG_YW,YW,True,5,5,"C1,C2,C3,C4,C5",,,True,True,True,True,True,True,True,True,True,True,True,True,True,True,True
pcb::pcb_0098_NG_ZW,pcb,test,pcb_0098_NG_ZW,0098,OK,NG_ZW,ZW,False,5,5,"C1,C2,C3,C4,C5",,,True,True,True,True,True,True,True,True,True,True,True,True,True,True,True
pcb::pcb_0098_OK,pcb,test,pcb_0098_OK,0098,OK,OK,OK,True,5,5,"C1,C2,C3,C4,C5",,,True,True,True,True,True,True,True,True,True,True,True,True,True,True,True
pcb::pcb_0099_NG_HS,pcb,test,pcb_0099_NG_HS,0099,OK,NG_HS,HS,True,5,5,"C1,C2,C3,C4,C5",,,True,True,True,True,True,True,True,True,True,True,True,True,True,True,True
pcb::pcb_0099_NG_QS,pcb,test,pcb_0099_NG_QS,0099,OK,NG_QS,QS,True,5,5,"C1,C2,C3,C4,C5",,,True,True,True,True,True,True,True,True,True,True,True,True,True,True,True
pcb::pcb_0099_NG_YW,pcb,test,pcb_0099_NG_YW,0099,OK,NG_YW,YW,True,5,5,"C1,C2,C3,C4,C5",,,True,True,True,True,True,True,True,True,True,True,True,True,True,True,True
pcb::pcb_0099_NG_ZW,pcb,test,pcb_0099_NG_ZW,0099,OK,NG_ZW,ZW,False,5,5,"C1,C2,C3,C4,C5",,,True,True,True,True,True,True,True,True,True,True,True,True,True,True,True
pcb::pcb_0099_OK,pcb,train,pcb_0099_OK,0099,OK,OK,OK,True,5,5,"C1,C2,C3,C4,C5",,,True,True,True,True,True,True,True,True,True,True,True,True,True,True,True
pcb::pcb_0100_NG_HS,pcb,test,pcb_0100_NG_HS,0100,OK,NG_HS,HS,True,5,5,"C1,C2,C3,C4,C5",,,True,True,True,True,True,True,True,True,True,True,True,True,True,True,True
pcb::pcb_0100_NG_QS,pcb,test,pcb_0100_NG_QS,0100,OK,NG_QS,OK,False,5,5,"C1,C2,C3,C4,C5",,,True,True,True,True,True,True,True,True,True,True,True,True,True,True,True
pcb::pcb_0100_NG_YW,pcb,test,pcb_0100_NG_YW,0100,OK,NG_YW,YW,True,5,5,"C1,C2,C3,C4,C5",,,True,True,True,True,True,True,True,True,True,True,True,True,True,True,True
pcb::pcb_0100_NG_ZW,pcb,test,pcb_0100_NG_ZW,0100,OK,NG_ZW,ZW,True,5,5,"C1,C2,C3,C4,C5",,,True,True,True,True,True,True,True,True,True,True,True,True,True,True,True
pcb::pcb_0100_OK,pcb,test,pcb_0100_OK,0100,OK,OK,OK,True,5,5,"C1,C2,C3,C4,C5",,,True,True,True,True,True,True,True,True,True,True,True,True,True,True,True
pcb::pcb_0101_NG_HS,pcb,test,pcb_0101_NG_HS,0101,OK,NG_HS,HS,False,5,5,"C1,C2,C3,C4,C5",,,True,True,True,True,True,True,True,True,True,True,True,True,True,True,True
pcb::pcb_0101_NG_QS,pcb,test,pcb_0101_NG_QS,0101,OK,NG_QS,QS,True,5,5,"C1,C2,C3,C4,C5",,,True,True,True,True,True,True,True,True,True,True,True,True,True,True,True
pcb::pcb_0101_NG_YW,pcb,test,pcb_0101_NG_YW,0101,OK,NG_YW,YW,True,5,5,"C1,C2,C3,C4,C5",,,True,True,True,True,True,True,True,True,True,True,True,True,True,True,True
pcb::pcb_0101_NG_ZW,pcb,test,pcb_0101_NG_ZW,0101,OK,NG_ZW,ZW,True,5,5,"C1,C2,C3,C4,C5",,,True,True,True,True,True,True,True,True,True,True,True,True,True,True,True
pcb::pcb_0101_OK,pcb,test,pcb_0101_OK,0101,OK,OK,OK,True,5,5,"C1,C2,C3,C4,C5",,,True,True,True,True,True,True,True,True,True,True,True,True,True,True,True
pcb::pcb_0102_NG_HS,pcb,test,pcb_0102_NG_HS,0102,OK,NG_HS,HS,True,5,5,"C1,C2,C3,C4,C5",,,True,True,True,True,True,True,True,True,True,True,True,True,True,True,True
pcb::pcb_0102_NG_QS,pcb,test,pcb_0102_NG_QS,0102,OK,NG_QS,QS,True,5,5,"C1,C2,C3,C4,C5",,,True,True,True,True,True,True,True,True,True,True,True,True,True,True,True
pcb::pcb_0102_NG_YW,pcb,test,pcb_0102_NG_YW,0102,OK,NG_YW,YW,True,5,5,"C1,C2,C3,C4,C5",,,True,True,True,True,True,True,True,True,True,True,True,True,True,True,True
pcb::pcb_0102_NG_ZW,pcb,test,pcb_0102_NG_ZW,0102,OK,NG_ZW,ZW,True,5,5,"C1,C2,C3,C4,C5",,,True,True,True,True,True,True,True,True,True,True,True,True,True,True,True
pcb::pcb_0102_OK,pcb,train,pcb_0102_OK,0102,OK,OK,OK,True,5,5,"C1,C2,C3,C4,C5",,,True,True,True,True,True,True,True,True,True,True,True,True,True,True,True
pcb::pcb_0103_NG_HS,pcb,test,pcb_0103_NG_HS,0103,OK,NG_HS,HS,True,5,5,"C1,C2,C3,C4,C5",,,True,True,True,True,True,True,True,True,True,True,True,True,True,True,True
pcb::pcb_0103_NG_QS,pcb,test,pcb_0103_NG_QS,0103,OK,NG_QS,OK,False,5,5,"C1,C2,C3,C4,C5",,,True,True,True,True,True,True,True,True,True,True,True,True,True,True,True
pcb::pcb_0103_NG_YW,pcb,test,pcb_0103_NG_YW,0103,OK,NG_YW,YW,True,5,5,"C1,C2,C3,C4,C5",,,True,True,True,True,True,True,True,True,True,True,True,True,True,True,True
pcb::pcb_0103_NG_ZW,pcb,test,pcb_0103_NG_ZW,0103,OK,NG_ZW,ZW,True,5,5,"C1,C2,C3,C4,C5",,,True,True,True,True,True,True,True,True,True,True,True,True,True,True,True
pcb::pcb_0103_OK,pcb,train,pcb_0103_OK,0103,OK,OK,OK,True,5,5,"C1,C2,C3,C4,C5",,,True,True,True,True,True,True,True,True,True,True,True,True,True,True,True
pcb::pcb_0104_NG_HS,pcb,test,pcb_0104_NG_HS,0104,OK,NG_HS,HS,False,5,5,"C1,C2,C3,C4,C5",,,True,True,True,True,True,True,True,True,True,True,True,True,True,True,True
pcb::pcb_0104_NG_QS,pcb,test,pcb_0104_NG_QS,0104,OK,NG_QS,OK,False,5,5,"C1,C2,C3,C4,C5",,,True,True,True,True,True,True,True,True,True,True,True,True,True,True,True
pcb::pcb_0104_NG_YW,pcb,test,pcb_0104_NG_YW,0104,OK,NG_YW,YW,True,5,5,"C1,C2,C3,C4,C5",,,True,True,True,True,True,True,True,True,True,True,True,True,True,True,True
pcb::pcb_0104_NG_ZW,pcb,test,pcb_0104_NG_ZW,0104,OK,NG_ZW,ZW,True,5,5,"C1,C2,C3,C4,C5",,,True,True,True,True,True,True,True,True,True,True,True,True,True,True,True
pcb::pcb_0104_OK,pcb,train,pcb_0104_OK,0104,OK,OK,OK,True,5,5,"C1,C2,C3,C4,C5",,,True,True,True,True,True,True,True,True,True,True,True,True,True,True,True
pcb::pcb_0105_NG_HS,pcb,test,pcb_0105_NG_HS,0105,OK,NG_HS,HS,True,5,5,"C1,C2,C3,C4,C5",,,True,True,True,True,True,True,True,True,True,True,True,True,True,True,True
pcb::pcb_0105_NG_QS,pcb,test,pcb_0105_NG_QS,0105,OK,NG_QS,QS,True,5,5,"C1,C2,C3,C4,C5",,,True,True,True,True,True,True,True,True,True,True,True,True,True,True,True
pcb::pcb_0105_NG_YW,pcb,test,pcb_0105_NG_YW,0105,OK,NG_YW,YW,True,5,5,"C1,C2,C3,C4,C5",,,True,True,True,True,True,True,True,True,True,True,True,True,True,True,True
pcb::pcb_0105_NG_ZW,pcb,test,pcb_0105_NG_ZW,0105,OK,NG_ZW,ZW,True,5,5,"C1,C2,C3,C4,C5",,,True,True,True,True,True,True,True,True,True,True,True,True,True,True,True
pcb::pcb_0105_OK,pcb,train,pcb_0105_OK,0105,OK,OK,OK,True,5,5,"C1,C2,C3,C4,C5",,,True,True,True,True,True,True,True,True,True,True,True,True,True,True,True
pcb::pcb_0106_NG_HS,pcb,test,pcb_0106_NG_HS,0106,OK,NG_HS,HS,False,5,5,"C1,C2,C3,C4,C5",,,True,True,True,True,True,True,True,True,True,True,True,True,True,True,True
pcb::pcb_0106_NG_QS,pcb,test,pcb_0106_NG_QS,0106,OK,NG_QS,QS,True,5,5,"C1,C2,C3,C4,C5",,,True,True,True,True,True,True,True,True,True,True,True,True,True,True,True
pcb::pcb_0106_NG_YW,pcb,test,pcb_0106_NG_YW,0106,OK,NG_YW,YW,False,5,5,"C1,C2,C3,C4,C5",,,True,True,True,True,True,True,True,True,True,True,True,True,True,True,True
pcb::pcb_0106_NG_ZW,pcb,test,pcb_0106_NG_ZW,0106,OK,NG_ZW,ZW,True,5,5,"C1,C2,C3,C4,C5",,,True,True,True,True,True,True,True,True,True,True,True,True,True,True,True
pcb::pcb_0106_OK,pcb,test,pcb_0106_OK,0106,OK,OK,OK,True,5,5,"C1,C2,C3,C4,C5",,,True,True,True,True,True,True,True,True,True,True,True,True,True,True,True
pcb::pcb_0107_NG_HS,pcb,test,pcb_0107_NG_HS,0107,OK,NG_HS,HS,True,5,5,"C1,C2,C3,C4,C5",,,True,True,True,True,True,True,True,True,True,True,True,True,True,True,True
pcb::pcb_0107_NG_QS,pcb,test,pcb_0107_NG_QS,0107,OK,NG_QS,QS,True,5,5,"C1,C2,C3,C4,C5",,,True,True,True,True,True,True,True,True,True,True,True,True,True,True,True
pcb::pcb_0107_NG_YW,pcb,test,pcb_0107_NG_YW,0107,OK,NG_YW,YW,False,5,5,"C1,C2,C3,C4,C5",,,True,True,True,True,True,True,True,True,True,True,True,True,True,True,True
pcb::pcb_0107_NG_ZW,pcb,test,pcb_0107_NG_ZW,0107,OK,NG_ZW,ZW,True,5,5,"C1,C2,C3,C4,C5",,,True,True,True,True,True,True,True,True,True,True,True,True,True,True,True
pcb::pcb_0107_OK,pcb,test,pcb_0107_OK,0107,OK,OK,OK,True,5,5,"C1,C2,C3,C4,C5",,,True,True,True,True,True,True,True,True,True,True,True,True,True,True,True
pcb::pcb_0108_NG_HS,pcb,test,pcb_0108_NG_HS,0108,OK,NG_HS,HS,False,5,5,"C1,C2,C3,C4,C5",,,True,True,True,True,True,True,True,True,True,True,True,True,True,True,True
pcb::pcb_0108_NG_QS,pcb,test,pcb_0108_NG_QS,0108,OK,NG_QS,QS,True,5,5,"C1,C2,C3,C4,C5",,,True,True,True,True,True,True,True,True,True,True,True,True,True,True,True
pcb::pcb_0108_NG_YW,pcb,test,pcb_0108_NG_YW,0108,OK,NG_YW,YW,True,5,5,"C1,C2,C3,C4,C5",,,True,True,True,True,True,True,True,True,True,True,True,True,True,True,True
pcb::pcb_0108_NG_ZW,pcb,test,pcb_0108_NG_ZW,0108,OK,NG_ZW,ZW,True,5,5,"C1,C2,C3,C4,C5",,,True,True,True,True,True,True,True,True,True,True,True,True,True,True,True
pcb::pcb_0109_NG_HS,pcb,test,pcb_0109_NG_HS,0109,OK,NG_HS,HS,True,5,5,"C1,C2,C3,C4,C5",,,True,True,True,True,True,True,True,True,True,True,True,True,True,True,True
pcb::pcb_0109_NG_QS,pcb,test,pcb_0109_NG_QS,0109,OK,NG_QS,QS,True,5,5,"C1,C2,C3,C4,C5",,,True,True,True,True,True,True,True,True,True,True,True,True,True,True,True
pcb::pcb_0109_NG_YW,pcb,test,pcb_0109_NG_YW,0109,OK,NG_YW,YW,True,5,5,"C1,C2,C3,C4,C5",,,True,True,True,True,True,True,True,True,True,True,True,True,True,True,True
pcb::pcb_0109_NG_ZW,pcb,test,pcb_0109_NG_ZW,0109,OK,NG_ZW,ZW,True,5,5,"C1,C2,C3,C4,C5",,,True,True,True,True,True,True,True,True,True,True,True,True,True,True,True
pcb::pcb_0109_OK,pcb,test,pcb_0109_OK,0109,OK,OK,OK,True,5,5,"C1,C2,C3,C4,C5",,,True,True,True,True,True,True,True,True,True,True,True,True,True,True,True
pcb::pcb_0110_NG_HS,pcb,test,pcb_0110_NG_HS,0110,OK,NG_HS,HS,True,5,5,"C1,C2,C3,C4,C5",,,True,True,True,True,True,True,True,True,True,True,True,True,True,True,True
pcb::pcb_0110_NG_QS,pcb,test,pcb_0110_NG_QS,0110,OK,NG_QS,QS,True,5,5,"C1,C2,C3,C4,C5",,,True,True,True,True,True,True,True,True,True,True,True,True,True,True,True
pcb::pcb_0110_NG_YW,pcb,test,pcb_0110_NG_YW,0110,OK,NG_YW,YW,True,5,5,"C1,C2,C3,C4,C5",,,True,True,True,True,True,True,True,True,True,True,True,True,True,True,True
pcb::pcb_0110_NG_ZW,pcb,test,pcb_0110_NG_ZW,0110,OK,NG_ZW,ZW,True,5,5,"C1,C2,C3,C4,C5",,,True,True,True,True,True,True,True,True,True,True,True,True,True,True,True
pcb::pcb_0110_OK,pcb,train,pcb_0110_OK,0110,OK,OK,OK,True,5,5,"C1,C2,C3,C4,C5",,,True,True,True,True,True,True,True,True,True,True,True,True,True,True,True
pcb::pcb_0111_NG_HS,pcb,test,pcb_0111_NG_HS,0111,OK,NG_HS,HS,False,5,5,"C1,C2,C3,C4,C5",,,True,True,True,True,True,True,True,True,True,True,True,True,True,True,True
pcb::pcb_0111_NG_QS,pcb,test,pcb_0111_NG_QS,0111,OK,NG_QS,QS,True,5,5,"C1,C2,C3,C4,C5",,,True,True,True,True,True,True,True,True,True,True,True,True,True,True,True
pcb::pcb_0111_NG_YW,pcb,test,pcb_0111_NG_YW,0111,OK,NG_YW,YW,True,5,5,"C1,C2,C3,C4,C5",,,True,True,True,True,True,True,True,True,True,True,True,True,True,True,True
pcb::pcb_0111_NG_ZW,pcb,test,pcb_0111_NG_ZW,0111,OK,NG_ZW,ZW,True,5,5,"C1,C2,C3,C4,C5",,,True,True,True,True,True,True,True,True,True,True,True,True,True,True,True
pcb::pcb_0111_OK,pcb,test,pcb_0111_OK,0111,OK,OK,OK,True,5,5,"C1,C2,C3,C4,C5",,,True,True,True,True,True,True,True,True,True,True,True,True,True,True,True
pcb::pcb_0112_NG_HS,pcb,test,pcb_0112_NG_HS,0112,OK,NG_HS,HS,True,5,5,"C1,C2,C3,C4,C5",,,True,True,True,True,True,True,True,True,True,True,True,True,True,True,True
pcb::pcb_0112_NG_QS,pcb,test,pcb_0112_NG_QS,0112,OK,NG_QS,QS,True,5,5,"C1,C2,C3,C4,C5",,,True,True,True,True,True,True,True,True,True,True,True,True,True,True,True
pcb::pcb_0112_NG_YW,pcb,test,pcb_0112_NG_YW,0112,OK,NG_YW,YW,True,5,5,"C1,C2,C3,C4,C5",,,True,True,True,True,True,True,True,True,True,True,True,True,True,True,True
pcb::pcb_0112_NG_ZW,pcb,test,pcb_0112_NG_ZW,0112,OK,NG_ZW,ZW,True,5,5,"C1,C2,C3,C4,C5",,,True,True,True,True,True,True,True,True,True,True,True,True,True,True,True
pcb::pcb_0112_OK,pcb,train,pcb_0112_OK,0112,OK,OK,OK,True,5,5,"C1,C2,C3,C4,C5",,,True,True,True,True,True,True,True,True,True,True,True,True,True,True,True
pcb::pcb_0113_NG_HS,pcb,test,pcb_0113_NG_HS,0113,OK,NG_HS,HS,True,5,5,"C1,C2,C3,C4,C5",,,True,True,True,True,True,True,True,True,True,True,True,True,True,True,True
pcb::pcb_0113_NG_QS,pcb,test,pcb_0113_NG_QS,0113,OK,NG_QS,QS,True,5,5,"C1,C2,C3,C4,C5",,,True,True,True,True,True,True,True,True,True,True,True,True,True,True,True
pcb::pcb_0113_NG_YW,pcb,test,pcb_0113_NG_YW,0113,OK,NG_YW,YW,True,5,5,"C1,C2,C3,C4,C5",,,True,True,True,True,True,True,True,True,True,True,True,True,True,True,True
pcb::pcb_0113_NG_ZW,pcb,test,pcb_0113_NG_ZW,0113,OK,NG_ZW,ZW,True,5,5,"C1,C2,C3,C4,C5",,,True,True,True,True,True,True,True,True,True,True,True,True,True,True,True
pcb::pcb_0113_OK,pcb,train,pcb_0113_OK,0113,OK,OK,OK,True,5,5,"C1,C2,C3,C4,C5",,,True,True,True,True,True,True,True,True,True,True,True,True,True,True,True
pcb::pcb_0114_NG_HS,pcb,test,pcb_0114_NG_HS,0114,OK,NG_HS,HS,False,5,5,"C1,C2,C3,C4,C5",,,True,True,True,True,True,True,True,True,True,True,True,True,True,True,True
pcb::pcb_0114_NG_QS,pcb,test,pcb_0114_NG_QS,0114,OK,NG_QS,QS,True,5,5,"C1,C2,C3,C4,C5",,,True,True,True,True,True,True,True,True,True,True,True,True,True,True,True
pcb::pcb_0114_NG_YW,pcb,test,pcb_0114_NG_YW,0114,OK,NG_YW,YW,True,5,5,"C1,C2,C3,C4,C5",,,True,True,True,True,True,True,True,True,True,True,True,True,True,True,True
pcb::pcb_0114_NG_ZW,pcb,test,pcb_0114_NG_ZW,0114,OK,NG_ZW,ZW,True,5,5,"C1,C2,C3,C4,C5",,,True,True,True,True,True,True,True,True,True,True,True,True,True,True,True
pcb::pcb_0114_OK,pcb,test,pcb_0114_OK,0114,OK,OK,OK,True,5,5,"C1,C2,C3,C4,C5",,,True,True,True,True,True,True,True,True,True,True,True,True,True,True,True
pcb::pcb_0115_NG_HS,pcb,test,pcb_0115_NG_HS,0115,OK,NG_HS,HS,False,5,5,"C1,C2,C3,C4,C5",,,True,True,True,True,True,True,True,True,True,True,True,True,True,True,True
pcb::pcb_0115_NG_QS,pcb,test,pcb_0115_NG_QS,0115,OK,NG_QS,QS,True,5,5,"C1,C2,C3,C4,C5",,,True,True,True,True,True,True,True,True,True,True,True,True,True,True,True
pcb::pcb_0115_NG_YW,pcb,test,pcb_0115_NG_YW,0115,OK,NG_YW,YW,True,5,5,"C1,C2,C3,C4,C5",,,True,True,True,True,True,True,True,True,True,True,True,True,True,True,True
pcb::pcb_0115_NG_ZW,pcb,test,pcb_0115_NG_ZW,0115,OK,NG_ZW,ZW,True,5,5,"C1,C2,C3,C4,C5",,,True,True,True,True,True,True,True,True,True,True,True,True,True,True,True
pcb::pcb_0115_OK,pcb,train,pcb_0115_OK,0115,OK,OK,OK,True,5,5,"C1,C2,C3,C4,C5",,,True,True,True,True,True,True,True,True,True,True,True,True,True,True,True
pcb::pcb_0116_NG_HS,pcb,test,pcb_0116_NG_HS,0116,OK,NG_HS,HS,False,5,5,"C1,C2,C3,C4,C5",,,True,True,True,True,True,True,True,True,True,True,True,True,True,True,True
pcb::pcb_0116_NG_QS,pcb,test,pcb_0116_NG_QS,0116,OK,NG_QS,OK,False,5,5,"C1,C2,C3,C4,C5",,,True,True,True,True,True,True,True,True,True,True,True,True,True,True,True
pcb::pcb_0116_NG_YW,pcb,test,pcb_0116_NG_YW,0116,OK,NG_YW,YW,True,5,5,"C1,C2,C3,C4,C5",,,True,True,True,True,True,True,True,True,True,True,True,True,True,True,True
pcb::pcb_0116_NG_ZW,pcb,test,pcb_0116_NG_ZW,0116,OK,NG_ZW,ZW,True,5,5,"C1,C2,C3,C4,C5",,,True,True,True,True,True,True,True,True,True,True,True,True,True,True,True
pcb::pcb_0116_OK,pcb,train,pcb_0116_OK,0116,OK,OK,OK,True,5,5,"C1,C2,C3,C4,C5",,,True,True,True,True,True,True,True,True,True,True,True,True,True,True,True
pcb::pcb_0117_NG_HS,pcb,test,pcb_0117_NG_HS,0117,OK,NG_HS,HS,False,5,5,"C1,C2,C3,C4,C5",,,True,True,True,True,True,True,True,True,True,True,True,True,True,True,True
pcb::pcb_0117_NG_QS,pcb,test,pcb_0117_NG_QS,0117,OK,NG_QS,QS,True,5,5,"C1,C2,C3,C4,C5",,,True,True,True,True,True,True,True,True,True,True,True,True,True,True,True
pcb::pcb_0117_NG_YW,pcb,test,pcb_0117_NG_YW,0117,OK,NG_YW,YW,True,5,5,"C1,C2,C3,C4,C5",,,True,True,True,True,True,True,True,True,True,True,True,True,True,True,True
pcb::pcb_0117_NG_ZW,pcb,test,pcb_0117_NG_ZW,0117,OK,NG_ZW,ZW,True,5,5,"C1,C2,C3,C4,C5",,,True,True,True,True,True,True,True,True,True,True,True,True,True,True,True
pcb::pcb_0117_OK,pcb,test,pcb_0117_OK,0117,OK,OK,OK,True,5,5,"C1,C2,C3,C4,C5",,,True,True,True,True,True,True,True,True,True,True,True,True,True,True,True
pcb::pcb_0118_NG_HS,pcb,test,pcb_0118_NG_HS,0118,OK,NG_HS,HS,True,5,5,"C1,C2,C3,C4,C5",,,True,True,True,True,True,True,True,True,True,True,True,True,True,True,True
pcb::pcb_0118_NG_QS,pcb,test,pcb_0118_NG_QS,0118,OK,NG_QS,QS,True,5,5,"C1,C2,C3,C4,C5",,,True,True,True,True,True,True,True,True,True,True,True,True,True,True,True
pcb::pcb_0118_NG_YW,pcb,test,pcb_0118_NG_YW,0118,OK,NG_YW,YW,True,5,5,"C1,C2,C3,C4,C5",,,True,True,True,True,True,True,True,True,True,True,True,True,True,True,True
pcb::pcb_0118_NG_ZW,pcb,test,pcb_0118_NG_ZW,0118,OK,NG_ZW,ZW,True,5,5,"C1,C2,C3,C4,C5",,,True,True,True,True,True,True,True,True,True,True,True,True,True,True,True
pcb::pcb_0118_OK,pcb,test,pcb_0118_OK,0118,OK,OK,OK,True,5,5,"C1,C2,C3,C4,C5",,,True,True,True,True,True,True,True,True,True,True,True,True,True,True,True
pcb::pcb_0119_NG_HS,pcb,test,pcb_0119_NG_HS,0119,OK,NG_HS,HS,False,5,5,"C1,C2,C3,C4,C5",,,True,True,True,True,True,True,True,True,True,True,True,True,True,True,True
pcb::pcb_0119_NG_QS,pcb,test,pcb_0119_NG_QS,0119,OK,NG_QS,QS,True,5,5,"C1,C2,C3,C4,C5",,,True,True,True,True,True,True,True,True,True,True,True,True,True,True,True
pcb::pcb_0119_NG_YW,pcb,test,pcb_0119_NG_YW,0119,OK,NG_YW,YW,False,5,5,"C1,C2,C3,C4,C5",,,True,True,True,True,True,True,True,True,True,True,True,True,True,True,True
pcb::pcb_0119_NG_ZW,pcb,test,pcb_0119_NG_ZW,0119,OK,NG_ZW,ZW,True,5,5,"C1,C2,C3,C4,C5",,,True,True,True,True,True,True,True,True,True,True,True,True,True,True,True
pcb::pcb_0119_OK,pcb,train,pcb_0119_OK,0119,OK,OK,OK,True,5,5,"C1,C2,C3,C4,C5",,,True,True,True,True,True,True,True,True,True,True,True,True,True,True,True
pcb::pcb_0120_NG_HS,pcb,test,pcb_0120_NG_HS,0120,OK,NG_HS,HS,True,5,5,"C1,C2,C3,C4,C5",,,True,True,True,True,True,True,True,True,True,True,True,True,True,True,True
pcb::pcb_0120_NG_QS,pcb,test,pcb_0120_NG_QS,0120,OK,NG_QS,QS,True,5,5,"C1,C2,C3,C4,C5",,,True,True,True,True,True,True,True,True,True,True,True,True,True,True,True
pcb::pcb_0120_NG_YW,pcb,test,pcb_0120_NG_YW,0120,OK,NG_YW,YW,True,5,5,"C1,C2,C3,C4,C5",,,True,True,True,True,True,True,True,True,True,True,True,True,True,True,True
pcb::pcb_0120_NG_ZW,pcb,test,pcb_0120_NG_ZW,0120,OK,NG_ZW,ZW,True,5,5,"C1,C2,C3,C4,C5",,,True,True,True,True,True,True,True,True,True,True,True,True,True,True,True
pcb::pcb_0120_OK,pcb,test,pcb_0120_OK,0120,OK,OK,OK,True,5,5,"C1,C2,C3,C4,C5",,,True,True,True,True,True,True,True,True,True,True,True,True,True,True,True
pcb::pcb_0121_NG_HS,pcb,test,pcb_0121_NG_HS,0121,OK,NG_HS,HS,False,5,5,"C1,C2,C3,C4,C5",,,True,True,True,True,True,True,True,True,True,True,True,True,True,True,True
pcb::pcb_0121_NG_QS,pcb,test,pcb_0121_NG_QS,0121,OK,NG_QS,QS,True,5,5,"C1,C2,C3,C4,C5",,,True,True,True,True,True,True,True,True,True,True,True,True,True,True,True
pcb::pcb_0121_NG_YW,pcb,test,pcb_0121_NG_YW,0121,OK,NG_YW,YW,True,5,5,"C1,C2,C3,C4,C5",,,True,True,True,True,True,True,True,True,True,True,True,True,True,True,True
pcb::pcb_0121_NG_ZW,pcb,test,pcb_0121_NG_ZW,0121,OK,NG_ZW,ZW,True,5,5,"C1,C2,C3,C4,C5",,,True,True,True,True,True,True,True,True,True,True,True,True,True,True,True
pcb::pcb_0121_OK,pcb,train,pcb_0121_OK,0121,OK,OK,OK,True,5,5,"C1,C2,C3,C4,C5",,,True,True,True,True,True,True,True,True,True,True,True,True,True,True,True
pcb::pcb_0122_NG_HS,pcb,test,pcb_0122_NG_HS,0122,OK,NG_HS,HS,True,5,5,"C1,C2,C3,C4,C5",,,True,True,True,True,True,True,True,True,True,True,True,True,True,True,True
pcb::pcb_0122_NG_QS,pcb,test,pcb_0122_NG_QS,0122,OK,NG_QS,OK,False,5,5,"C1,C2,C3,C4,C5",,,True,True,True,True,True,True,True,True,True,True,True,True,True,True,True
pcb::pcb_0122_NG_YW,pcb,test,pcb_0122_NG_YW,0122,OK,NG_YW,YW,True,5,5,"C1,C2,C3,C4,C5",,,True,True,True,True,True,True,True,True,True,True,True,True,True,True,True
pcb::pcb_0122_NG_ZW,pcb,test,pcb_0122_NG_ZW,0122,OK,NG_ZW,ZW,True,5,5,"C1,C2,C3,C4,C5",,,True,True,True,True,True,True,True,True,True,True,True,True,True,True,True
pcb::pcb_0122_OK,pcb,test,pcb_0122_OK,0122,OK,OK,OK,True,5,5,"C1,C2,C3,C4,C5",,,True,True,True,True,True,True,True,True,True,True,True,True,True,True,True
pcb::pcb_0123_NG_HS,pcb,test,pcb_0123_NG_HS,0123,OK,NG_HS,HS,True,5,5,"C1,C2,C3,C4,C5",,,True,True,True,True,True,True,True,True,True,True,True,True,True,True,True
pcb::pcb_0123_NG_QS,pcb,test,pcb_0123_NG_QS,0123,OK,NG_QS,OK,False,5,5,"C1,C2,C3,C4,C5",,,True,True,True,True,True,True,True,True,True,True,True,True,True,True,True
pcb::pcb_0123_NG_YW,pcb,test,pcb_0123_NG_YW,0123,OK,NG_YW,YW,True,5,5,"C1,C2,C3,C4,C5",,,True,True,True,True,True,True,True,True,True,True,True,True,True,True,True
pcb::pcb_0123_NG_ZW,pcb,test,pcb_0123_NG_ZW,0123,OK,NG_ZW,ZW,True,5,5,"C1,C2,C3,C4,C5",,,True,True,True,True,True,True,True,True,True,True,True,True,True,True,True
pcb::pcb_0123_OK,pcb,train,pcb_0123_OK,0123,OK,OK,OK,True,5,5,"C1,C2,C3,C4,C5",,,True,True,True,True,True,True,True,True,True,True,True,True,True,True,True
pcb::pcb_0124_NG_HS,pcb,test,pcb_0124_NG_HS,0124,OK,NG_HS,HS,True,5,5,"C1,C2,C3,C4,C5",,,True,True,True,True,True,True,True,True,True,True,True,True,True,True,True
pcb::pcb_0124_NG_QS,pcb,test,pcb_0124_NG_QS,0124,OK,NG_QS,OK,False,5,5,"C1,C2,C3,C4,C5",,,True,True,True,True,True,True,True,True,True,True,True,True,True,True,True
pcb::pcb_0124_NG_YW,pcb,test,pcb_0124_NG_YW,0124,OK,NG_YW,YW,True,5,5,"C1,C2,C3,C4,C5",,,True,True,True,True,True,True,True,True,True,True,True,True,True,True,True
pcb::pcb_0124_NG_ZW,pcb,test,pcb_0124_NG_ZW,0124,OK,NG_ZW,ZW,True,5,5,"C1,C2,C3,C4,C5",,,True,True,True,True,True,True,True,True,True,True,True,True,True,True,True
pcb::pcb_0124_OK,pcb,train,pcb_0124_OK,0124,OK,OK,OK,True,5,5,"C1,C2,C3,C4,C5",,,True,True,True,True,True,True,True,True,True,True,True,True,True,True,True
pcb::pcb_0125_NG_HS,pcb,test,pcb_0125_NG_HS,0125,OK,NG_HS,HS,True,5,5,"C1,C2,C3,C4,C5",,,True,True,True,True,True,True,True,True,True,True,True,True,True,True,True
pcb::pcb_0125_NG_QS,pcb,test,pcb_0125_NG_QS,0125,OK,NG_QS,OK,False,5,5,"C1,C2,C3,C4,C5",,,True,True,True,True,True,True,True,True,True,True,True,True,True,True,True
pcb::pcb_0125_NG_YW,pcb,test,pcb_0125_NG_YW,0125,OK,NG_YW,YW,True,5,5,"C1,C2,C3,C4,C5",,,True,True,True,True,True,True,True,True,True,True,True,True,True,True,True
pcb::pcb_0125_NG_ZW,pcb,test,pcb_0125_NG_ZW,0125,OK,NG_ZW,OK,False,5,5,"C1,C2,C3,C4,C5",,,True,True,True,True,True,True,True,True,True,True,True,True,True,True,True
pcb::pcb_0125_OK,pcb,test,pcb_0125_OK,0125,OK,OK,OK,True,5,5,"C1,C2,C3,C4,C5",,,True,True,True,True,True,True,True,True,True,True,True,True,True,True,True
pcb::pcb_0126_NG_ZW,pcb,test,pcb_0126_NG_ZW,0126,OK,NG_ZW,ZW,False,5,5,"C1,C2,C3,C4,C5",,,True,True,True,True,True,True,True,True,True,True,True,True,True,True,True
pcb::pcb_0128_OK,pcb,train,pcb_0128_OK,0128,OK,OK,OK,True,5,5,"C1,C2,C3,C4,C5",,,True,True,True,True,True,True,True,True,True,True,True,True,True,True,True
pcb::pcb_0129_OK,pcb,test,pcb_0129_OK,0129,OK,OK,OK,True,5,5,"C1,C2,C3,C4,C5",,,True,True,True,True,True,True,True,True,True,True,True,True,True,True,True
pcb::pcb_0131_OK,pcb,test,pcb_0131_OK,0131,OK,OK,OK,True,5,5,"C1,C2,C3,C4,C5",,,True,True,True,True,True,True,True,True,True,True,True,True,True,True,True
pcb::pcb_0132_OK,pcb,train,pcb_0132_OK,0132,OK,OK,OK,True,5,5,"C1,C2,C3,C4,C5",,,True,True,True,True,True,True,True,True,True,True,True,True,True,True,True
pcb::pcb_0133_OK,pcb,test,pcb_0133_OK,0133,OK,OK,OK,True,5,5,"C1,C2,C3,C4,C5",,,True,True,True,True,True,True,True,True,True,True,True,True,True,True,True
pcb::pcb_0134_OK,pcb,test,pcb_0134_OK,0134,OK,OK,OK,True,5,5,"C1,C2,C3,C4,C5",,,True,True,True,True,True,True,True,True,True,True,True,True,True,True,True
pcb::pcb_0135_OK,pcb,train,pcb_0135_OK,0135,OK,OK,OK,True,5,5,"C1,C2,C3,C4,C5",,,True,True,True,True,True,True,True,True,True,True,True,True,True,True,True
pcb::pcb_0136_OK,pcb,test,pcb_0136_OK,0136,OK,OK,OK,True,5,5,"C1,C2,C3,C4,C5",,,True,True,True,True,True,True,True,True,True,True,True,True,True,True,True
pcb::pcb_0137_OK,pcb,test,pcb_0137_OK,0137,OK,OK,OK,True,5,5,"C1,C2,C3,C4,C5",,,True,True,True,True,True,True,True,True,True,True,True,True,True,True,True
pcb::pcb_0138_OK,pcb,train,pcb_0138_OK,0138,OK,OK,OK,True,5,5,"C1,C2,C3,C4,C5",,,True,True,True,True,True,True,True,True,True,True,True,True,True,True,True
pcb::pcb_0139_OK,pcb,test,pcb_0139_OK,0139,OK,OK,OK,True,5,5,"C1,C2,C3,C4,C5",,,True,True,True,True,True,True,True,True,True,True,True,True,True,True,True
pcb::pcb_0140_OK,pcb,train,pcb_0140_OK,0140,OK,OK,OK,True,5,5,"C1,C2,C3,C4,C5",,,True,True,True,True,True,True,True,True,True,True,True,True,True,True,True
pcb::pcb_0141_OK,pcb,test,pcb_0141_OK,0141,OK,OK,OK,True,5,5,"C1,C2,C3,C4,C5",,,True,True,True,True,True,True,True,True,True,True,True,True,True,True,True
pcb::pcb_0142_OK,pcb,train,pcb_0142_OK,0142,OK,OK,OK,True,5,5,"C1,C2,C3,C4,C5",,,True,True,True,True,True,True,True,True,True,True,True,True,True,True,True
pcb::pcb_0143_OK,pcb,test,pcb_0143_OK,0143,OK,OK,OK,True,5,5,"C1,C2,C3,C4,C5",,,True,True,True,True,True,True,True,True,True,True,True,True,True,True,True
pcb::pcb_0144_OK,pcb,test,pcb_0144_OK,0144,OK,OK,OK,True,5,5,"C1,C2,C3,C4,C5",,,True,True,True,True,True,True,True,True,True,True,True,True,True,True,True
pcb::pcb_0145_OK,pcb,test,pcb_0145_OK,0145,OK,OK,OK,True,5,5,"C1,C2,C3,C4,C5",,,True,True,True,True,True,True,True,True,True,True,True,True,True,True,True
pcb::pcb_0146_OK,pcb,test,pcb_0146_OK,0146,OK,OK,OK,True,5,5,"C1,C2,C3,C4,C5",,,True,True,True,True,True,True,True,True,True,True,True,True,True,True,True
pcb::pcb_0147_OK,pcb,test,pcb_0147_OK,0147,OK,OK,OK,True,5,5,"C1,C2,C3,C4,C5",,,True,True,True,True,True,True,True,True,True,True,True,True,True,True,True
pcb::pcb_0148_OK,pcb,test,pcb_0148_OK,0148,OK,OK,OK,True,5,5,"C1,C2,C3,C4,C5",,,True,True,True,True,True,True,True,True,True,True,True,True,True,True,True
pcb::pcb_0149_OK,pcb,train,pcb_0149_OK,0149,OK,OK,OK,True,5,5,"C1,C2,C3,C4,C5",,,True,True,True,True,True,True,True,True,True,True,True,True,True,True,True
pcb::pcb_0150_OK,pcb,train,pcb_0150_OK,0150,OK,OK,OK,True,5,5,"C1,C2,C3,C4,C5",,,True,True,True,True,True,True,True,True,True,True,True,True,True,True,True
pcb::pcb_0151_OK,pcb,test,pcb_0151_OK,0151,OK,OK,OK,True,5,5,"C1,C2,C3,C4,C5",,,True,True,True,True,True,True,True,True,True,True,True,True,True,True,True
pcb::pcb_0152_OK,pcb,train,pcb_0152_OK,0152,OK,OK,OK,True,5,5,"C1,C2,C3,C4,C5",,,True,True,True,True,True,True,True,True,True,True,True,True,True,True,True
pcb::pcb_0153_OK,pcb,train,pcb_0153_OK,0153,OK,OK,OK,True,5,5,"C1,C2,C3,C4,C5",,,True,True,True,True,True,True,True,True,True,True,True,True,True,True,True
pcb::pcb_0154_OK,pcb,train,pcb_0154_OK,0154,OK,OK,OK,True,5,5,"C1,C2,C3,C4,C5",,,True,True,True,True,True,True,True,True,True,True,True,True,True,True,True
pcb::pcb_0155_OK,pcb,train,pcb_0155_OK,0155,OK,OK,OK,True,5,5,"C1,C2,C3,C4,C5",,,True,True,True,True,True,True,True,True,True,True,True,True,True,True,True
pcb::pcb_0156_OK,pcb,test,pcb_0156_OK,0156,OK,OK,OK,True,5,5,"C1,C2,C3,C4,C5",,,True,True,True,True,True,True,True,True,True,True,True,True,True,True,True
pcb::pcb_0157_OK,pcb,test,pcb_0157_OK,0157,OK,OK,OK,True,5,5,"C1,C2,C3,C4,C5",,,True,True,True,True,True,True,True,True,True,True,True,True,True,True,True
pcb::pcb_0158_OK,pcb,train,pcb_0158_OK,0158,OK,OK,OK,True,5,5,"C1,C2,C3,C4,C5",,,True,True,True,True,True,True,True,True,True,True,True,True,True,True,True
pcb::pcb_0159_OK,pcb,test,pcb_0159_OK,0159,OK,OK,OK,True,5,5,"C1,C2,C3,C4,C5",,,True,True,True,True,True,True,True,True,True,True,True,True,True,True,True
pcb::pcb_0160_OK,pcb,test,pcb_0160_OK,0160,OK,OK,OK,True,5,5,"C1,C2,C3,C4,C5",,,True,True,True,True,True,True,True,True,True,True,True,True,True,True,True
pcb::pcb_0161_OK,pcb,train,pcb_0161_OK,0161,OK,OK,OK,True,5,5,"C1,C2,C3,C4,C5",,,True,True,True,True,True,True,True,True,True,True,True,True,True,True,True
pcb::pcb_0162_OK,pcb,train,pcb_0162_OK,0162,OK,OK,OK,True,5,5,"C1,C2,C3,C4,C5",,,True,True,True,True,True,True,True,True,True,True,True,True,True,True,True
pcb::pcb_0163_OK,pcb,test,pcb_0163_OK,0163,OK,OK,OK,True,5,5,"C1,C2,C3,C4,C5",,,True,True,True,True,True,True,True,True,True,True,True,True,True,True,True
pcb::pcb_0164_OK,pcb,train,pcb_0164_OK,0164,OK,OK,OK,True,5,5,"C1,C2,C3,C4,C5",,,True,True,True,True,True,True,True,True,True,True,True,True,True,True,True
pcb::pcb_0165_OK,pcb,test,pcb_0165_OK,0165,OK,OK,OK,True,5,5,"C1,C2,C3,C4,C5",,,True,True,True,True,True,True,True,True,True,True,True,True,True,True,True
pcb::pcb_0166_OK,pcb,test,pcb_0166_OK,0166,OK,OK,OK,True,5,5,"C1,C2,C3,C4,C5",,,True,True,True,True,True,True,True,True,True,True,True,True,True,True,True
pcb::pcb_0167_OK,pcb,train,pcb_0167_OK,0167,OK,OK,OK,True,5,5,"C1,C2,C3,C4,C5",,,True,True,True,True,True,True,True,True,True,True,True,True,True,True,True
pcb::pcb_0168_OK,pcb,train,pcb_0168_OK,0168,OK,OK,OK,True,5,5,"C1,C2,C3,C4,C5",,,True,True,True,True,True,True,True,True,True,True,True,True,True,True,True
pcb::pcb_0169_OK,pcb,test,pcb_0169_OK,0169,OK,OK,OK,True,5,5,"C1,C2,C3,C4,C5",,,True,True,True,True,True,True,True,True,True,True,True,True,True,True,True
pcb::pcb_0170_OK,pcb,train,pcb_0170_OK,0170,OK,OK,OK,True,5,5,"C1,C2,C3,C4,C5",,,True,True,True,True,True,True,True,True,True,True,True,True,True,True,True
pcb::pcb_0171_OK,pcb,train,pcb_0171_OK,0171,OK,OK,OK,True,5,5,"C1,C2,C3,C4,C5",,,True,True,True,True,True,True,True,True,True,True,True,True,True,True,True
pcb::pcb_0172_OK,pcb,test,pcb_0172_OK,0172,OK,OK,OK,True,5,5,"C1,C2,C3,C4,C5",,,True,True,True,True,True,True,True,True,True,True,True,True,True,True,True
pcb::pcb_0173_OK,pcb,test,pcb_0173_OK,0173,OK,OK,OK,True,5,5,"C1,C2,C3,C4,C5",,,True,True,True,True,True,True,True,True,True,True,True,True,True,True,True
pcb::pcb_0174_OK,pcb,test,pcb_0174_OK,0174,OK,OK,OK,True,5,5,"C1,C2,C3,C4,C5",,,True,True,True,True,True,True,True,True,True,True,True,True,True,True,True
pcb::pcb_0175_OK,pcb,train,pcb_0175_OK,0175,OK,OK,OK,True,5,5,"C1,C2,C3,C4,C5",,,True,True,True,True,True,True,True,True,True,True,True,True,True,True,True
pcb::pcb_0176_OK,pcb,test,pcb_0176_OK,0176,OK,OK,OK,True,5,5,"C1,C2,C3,C4,C5",,,True,True,True,True,True,True,True,True,True,True,True,True,True,True,True
pcb::pcb_0177_OK,pcb,train,pcb_0177_OK,0177,OK,OK,OK,True,5,5,"C1,C2,C3,C4,C5",,,True,True,True,True,True,True,True,True,True,True,True,True,True,True,True
pcb::pcb_0178_OK,pcb,test,pcb_0178_OK,0178,OK,OK,OK,True,5,5,"C1,C2,C3,C4,C5",,,True,True,True,True,True,True,True,True,True,True,True,True,True,True,True
pcb::pcb_0179_OK,pcb,test,pcb_0179_OK,0179,OK,OK,OK,True,5,5,"C1,C2,C3,C4,C5",,,True,True,True,True,True,True,True,True,True,True,True,True,True,True,True
pcb::pcb_0180_OK,pcb,test,pcb_0180_OK,0180,OK,OK,OK,True,5,5,"C1,C2,C3,C4,C5",,,True,True,True,True,True,True,True,True,True,True,True,True,True,True,True
pcb::pcb_0181_OK,pcb,test,pcb_0181_OK,0181,OK,OK,OK,True,5,5,"C1,C2,C3,C4,C5",,,True,True,True,True,True,True,True,True,True,True,True,True,True,True,True
pcb::pcb_0182_OK,pcb,test,pcb_0182_OK,0182,OK,OK,OK,True,5,5,"C1,C2,C3,C4,C5",,,True,True,True,True,True,True,True,True,True,True,True,True,True,True,True
pcb::pcb_0183_OK,pcb,train,pcb_0183_OK,0183,OK,OK,OK,True,5,5,"C1,C2,C3,C4,C5",,,True,True,True,True,True,True,True,True,True,True,True,True,True,True,True
pcb::pcb_0184_OK,pcb,test,pcb_0184_OK,0184,OK,OK,OK,True,5,5,"C1,C2,C3,C4,C5",,,True,True,True,True,True,True,True,True,True,True,True,True,True,True,True
pcb::pcb_0185_OK,pcb,train,pcb_0185_OK,0185,OK,OK,OK,True,5,5,"C1,C2,C3,C4,C5",,,True,True,True,True,True,True,True,True,True,True,True,True,True,True,True
pcb::pcb_0186_OK,pcb,test,pcb_0186_OK,0186,OK,OK,OK,True,5,5,"C1,C2,C3,C4,C5",,,True,True,True,True,True,True,True,True,True,True,True,True,True,True,True
pcb::pcb_0187_OK,pcb,train,pcb_0187_OK,0187,OK,OK,OK,True,5,5,"C1,C2,C3,C4,C5",,,True,True,True,True,True,True,True,True,True,True,True,True,True,True,True
pcb::pcb_0188_OK,pcb,train,pcb_0188_OK,0188,OK,OK,OK,True,5,5,"C1,C2,C3,C4,C5",,,True,True,True,True,True,True,True,True,True,True,True,True,True,True,True
pcb::pcb_0189_OK,pcb,train,pcb_0189_OK,0189,OK,OK,OK,True,5,5,"C1,C2,C3,C4,C5",,,True,True,True,True,True,True,True,True,True,True,True,True,True,True,True
pcb::pcb_0190_OK,pcb,train,pcb_0190_OK,0190,OK,OK,OK,True,5,5,"C1,C2,C3,C4,C5",,,True,True,True,True,True,True,True,True,True,True,True,True,True,True,True
pcb::pcb_0191_OK,pcb,train,pcb_0191_OK,0191,OK,OK,OK,True,5,5,"C1,C2,C3,C4,C5",,,True,True,True,True,True,True,True,True,True,True,True,True,True,True,True
pcb::pcb_0192_OK,pcb,train,pcb_0192_OK,0192,OK,OK,OK,True,5,5,"C1,C2,C3,C4,C5",,,True,True,True,True,True,True,True,True,True,True,True,True,True,True,True
pcb::pcb_0193_OK,pcb,train,pcb_0193_OK,0193,OK,OK,OK,True,5,5,"C1,C2,C3,C4,C5",,,True,True,True,True,True,True,True,True,True,True,True,True,True,True,True
pcb::pcb_0194_OK,pcb,train,pcb_0194_OK,0194,OK,OK,OK,True,5,5,"C1,C2,C3,C4,C5",,,True,True,True,True,True,True,True,True,True,True,True,True,True,True,True
pcb::pcb_0195_OK,pcb,train,pcb_0195_OK,0195,OK,OK,OK,True,5,5,"C1,C2,C3,C4,C5",,,True,True,True,True,True,True,True,True,True,True,True,True,True,True,True
pcb::pcb_0196_OK,pcb,test,pcb_0196_OK,0196,OK,OK,OK,True,5,5,"C1,C2,C3,C4,C5",,,True,True,True,True,True,True,True,True,True,True,True,True,True,True,True
pcb::pcb_0197_OK,pcb,test,pcb_0197_OK,0197,OK,OK,OK,True,5,5,"C1,C2,C3,C4,C5",,,True,True,True,True,True,True,True,True,True,True,True,True,True,True,True
pcb::pcb_0198_OK,pcb,train,pcb_0198_OK,0198,OK,OK,OK,True,5,5,"C1,C2,C3,C4,C5",,,True,True,True,True,True,True,True,True,True,True,True,True,True,True,True
pcb::pcb_0199_OK,pcb,test,pcb_0199_OK,0199,OK,OK,OK,True,5,5,"C1,C2,C3,C4,C5",,,True,True,True,True,True,True,True,True,True,True,True,True,True,True,True
pcb::pcb_0200_OK,pcb,train,pcb_0200_OK,0200,OK,OK,OK,True,5,5,"C1,C2,C3,C4,C5",,,True,True,True,True,True,True,True,True,True,True,True,True,True,True,True
pcb::pcb_0201_OK,pcb,train,pcb_0201_OK,0201,OK,OK,OK,True,5,5,"C1,C2,C3,C4,C5",,,True,True,True,True,True,True,True,True,True,True,True,True,True,True,True
pcb::pcb_0202_OK,pcb,test,pcb_0202_OK,0202,OK,OK,OK,True,5,5,"C1,C2,C3,C4,C5",,,True,True,True,True,True,True,True,True,True,True,True,True,True,True,True
pcb::pcb_0203_OK,pcb,test,pcb_0203_OK,0203,OK,OK,OK,True,5,5,"C1,C2,C3,C4,C5",,,True,True,True,True,True,True,True,True,True,True,True,True,True,True,True
pcb::pcb_0204_OK,pcb,test,pcb_0204_OK,0204,OK,OK,OK,True,5,5,"C1,C2,C3,C4,C5",,,True,True,True,True,True,True,True,True,True,True,True,True,True,True,True
pcb::pcb_0205_OK,pcb,test,pcb_0205_OK,0205,OK,OK,OK,True,5,5,"C1,C2,C3,C4,C5",,,True,True,True,True,True,True,True,True,True,True,True,True,True,True,True
pcb::pcb_0206_OK,pcb,test,pcb_0206_OK,0206,OK,OK,OK,True,5,5,"C1,C2,C3,C4,C5",,,True,True,True,True,True,True,True,True,True,True,True,True,True,True,True
pcb::pcb_0207_OK,pcb,test,pcb_0207_OK,0207,OK,OK,OK,True,5,5,"C1,C2,C3,C4,C5",,,True,True,True,True,True,True,True,True,True,True,True,True,True,True,True
pcb::pcb_0208_OK,pcb,test,pcb_0208_OK,0208,OK,OK,OK,True,5,5,"C1,C2,C3,C4,C5",,,True,True,True,True,True,True,True,True,True,True,True,True,True,True,True
pcb::pcb_0209_OK,pcb,train,pcb_0209_OK,0209,OK,OK,OK,True,5,5,"C1,C2,C3,C4,C5",,,True,True,True,True,True,True,True,True,True,True,True,True,True,True,True
pcb::pcb_0210_OK,pcb,test,pcb_0210_OK,0210,OK,OK,OK,True,5,5,"C1,C2,C3,C4,C5",,,True,True,True,True,True,True,True,True,True,True,True,True,True,True,True
pcb::pcb_0211_OK,pcb,train,pcb_0211_OK,0211,OK,OK,OK,True,5,5,"C1,C2,C3,C4,C5",,,True,True,True,True,True,True,True,True,True,True,True,True,True,True,True
pcb::pcb_0212_OK,pcb,test,pcb_0212_OK,0212,OK,OK,OK,True,5,5,"C1,C2,C3,C4,C5",,,True,True,True,True,True,True,True,True,True,True,True,True,True,True,True
pcb::pcb_0213_OK,pcb,train,pcb_0213_OK,0213,OK,OK,OK,True,5,5,"C1,C2,C3,C4,C5",,,True,True,True,True,True,True,True,True,True,True,True,True,True,True,True
pcb::pcb_0214_OK,pcb,test,pcb_0214_OK,0214,OK,OK,OK,True,5,5,"C1,C2,C3,C4,C5",,,True,True,True,True,True,True,True,True,True,True,True,True,True,True,True
pcb::pcb_0215_OK,pcb,test,pcb_0215_OK,0215,OK,OK,OK,True,5,5,"C1,C2,C3,C4,C5",,,True,True,True,True,True,True,True,True,True,True,True,True,True,True,True
pcb::pcb_0216_OK,pcb,train,pcb_0216_OK,0216,OK,OK,OK,True,5,5,"C1,C2,C3,C4,C5",,,True,True,True,True,True,True,True,True,True,True,True,True,True,True,True
pcb::pcb_0217_OK,pcb,test,pcb_0217_OK,0217,OK,OK,OK,True,5,5,"C1,C2,C3,C4,C5",,,True,True,True,True,True,True,True,True,True,True,True,True,True,True,True
pcb::pcb_0219_OK,pcb,test,pcb_0219_OK,0219,OK,OK,OK,True,5,5,"C1,C2,C3,C4,C5",,,True,True,True,True,True,True,True,True,True,True,True,True,True,True,True
pcb::pcb_0220_OK,pcb,train,pcb_0220_OK,0220,OK,OK,OK,True,5,5,"C1,C2,C3,C4,C5",,,True,True,True,True,True,True,True,True,True,True,True,True,True,True,True
pcb::pcb_0221_OK,pcb,test,pcb_0221_OK,0221,OK,OK,OK,True,5,5,"C1,C2,C3,C4,C5",,,True,True,True,True,True,True,True,True,True,True,True,True,True,True,True
pcb::pcb_0222_OK,pcb,test,pcb_0222_OK,0222,OK,OK,OK,True,5,5,"C1,C2,C3,C4,C5",,,True,True,True,True,True,True,True,True,True,True,True,True,True,True,True
pcb::pcb_0223_OK,pcb,train,pcb_0223_OK,0223,OK,OK,OK,True,5,5,"C1,C2,C3,C4,C5",,,True,True,True,True,True,True,True,True,True,True,True,True,True,True,True
pcb::pcb_0224_OK,pcb,test,pcb_0224_OK,0224,OK,OK,OK,True,5,5,"C1,C2,C3,C4,C5",,,True,True,True,True,True,True,True,True,True,True,True,True,True,True,True
pcb::pcb_0225_OK,pcb,test,pcb_0225_OK,0225,OK,OK,OK,True,5,5,"C1,C2,C3,C4,C5",,,True,True,True,True,True,True,True,True,True,True,True,True,True,True,True
pcb::pcb_0226_OK,pcb,train,pcb_0226_OK,0226,OK,OK,OK,True,5,5,"C1,C2,C3,C4,C5",,,True,True,True,True,True,True,True,True,True,True,True,True,True,True,True
pcb::pcb_0227_OK,pcb,test,pcb_0227_OK,0227,OK,OK,OK,True,5,5,"C1,C2,C3,C4,C5",,,True,True,True,True,True,True,True,True,True,True,True,True,True,True,True
pcb::pcb_0228_OK,pcb,test,pcb_0228_OK,0228,OK,OK,OK,True,5,5,"C1,C2,C3,C4,C5",,,True,True,True,True,True,True,True,True,True,True,True,True,True,True,True
pcb::pcb_0230_OK,pcb,test,pcb_0230_OK,0230,OK,OK,OK,True,5,5,"C1,C2,C3,C4,C5",,,True,True,True,True,True,True,True,True,True,True,True,True,True,True,True
pcb::pcb_0231_OK,pcb,test,pcb_0231_OK,0231,OK,OK,OK,True,5,5,"C1,C2,C3,C4,C5",,,True,True,True,True,True,True,True,True,True,True,True,True,True,True,True
pcb::pcb_0232_OK,pcb,test,pcb_0232_OK,0232,OK,OK,OK,True,5,5,"C1,C2,C3,C4,C5",,,True,True,True,True,True,True,True,True,True,True,True,True,True,True,True
pcb::pcb_0233_OK,pcb,train,pcb_0233_OK,0233,OK,OK,OK,True,5,5,"C1,C2,C3,C4,C5",,,True,True,True,True,True,True,True,True,True,True,True,True,True,True,True
pcb::pcb_0234_OK,pcb,test,pcb_0234_OK,0234,OK,OK,OK,True,5,5,"C1,C2,C3,C4,C5",,,True,True,True,True,True,True,True,True,True,True,True,True,True,True,True
pcb::pcb_0235_OK,pcb,test,pcb_0235_OK,0235,OK,OK,OK,True,5,5,"C1,C2,C3,C4,C5",,,True,True,True,True,True,True,True,True,True,True,True,True,True,True,True
pcb::pcb_0236_OK,pcb,test,pcb_0236_OK,0236,OK,OK,OK,True,5,5,"C1,C2,C3,C4,C5",,,True,True,True,True,True,True,True,True,True,True,True,True,True,True,True
pcb::pcb_0237_OK,pcb,test,pcb_0237_OK,0237,OK,OK,OK,True,5,5,"C1,C2,C3,C4,C5",,,True,True,True,True,True,True,True,True,True,True,True,True,True,True,True
pcb::pcb_0238_OK,pcb,train,pcb_0238_OK,0238,OK,OK,OK,True,5,5,"C1,C2,C3,C4,C5",,,True,True,True,True,True,True,True,True,True,True,True,True,True,True,True
pcb::pcb_0239_OK,pcb,test,pcb_0239_OK,0239,OK,OK,OK,True,5,5,"C1,C2,C3,C4,C5",,,True,True,True,True,True,True,True,True,True,True,True,True,True,True,True
pcb::pcb_0240_OK,pcb,train,pcb_0240_OK,0240,OK,OK,OK,True,5,5,"C1,C2,C3,C4,C5",,,True,True,True,True,True,True,True,True,True,True,True,True,True,True,True
pcb::pcb_0241_OK,pcb,train,pcb_0241_OK,0241,OK,OK,OK,True,5,5,"C1,C2,C3,C4,C5",,,True,True,True,True,True,True,True,True,True,True,True,True,True,True,True
pcb::pcb_0242_OK,pcb,train,pcb_0242_OK,0242,OK,OK,OK,True,5,5,"C1,C2,C3,C4,C5",,,True,True,True,True,True,True,True,True,True,True,True,True,True,True,True
pcb::pcb_0243_OK,pcb,train,pcb_0243_OK,0243,OK,OK,OK,True,5,5,"C1,C2,C3,C4,C5",,,True,True,True,True,True,True,True,True,True,True,True,True,True,True,True
pcb::pcb_0244_OK,pcb,test,pcb_0244_OK,0244,OK,OK,OK,True,5,5,"C1,C2,C3,C4,C5",,,True,True,True,True,True,True,True,True,True,True,True,True,True,True,True
pcb::pcb_0245_OK,pcb,train,pcb_0245_OK,0245,OK,OK,OK,True,5,5,"C1,C2,C3,C4,C5",,,True,True,True,True,True,True,True,True,True,True,True,True,True,True,True
pcb::pcb_0246_OK,pcb,train,pcb_0246_OK,0246,OK,OK,OK,True,5,5,"C1,C2,C3,C4,C5",,,True,True,True,True,True,True,True,True,True,True,True,True,True,True,True
pcb::pcb_0247_OK,pcb,train,pcb_0247_OK,0247,OK,OK,OK,True,5,5,"C1,C2,C3,C4,C5",,,True,True,True,True,True,True,True,True,True,True,True,True,True,True,True
pcb::pcb_0248_OK,pcb,train,pcb_0248_OK,0248,OK,OK,OK,True,5,5,"C1,C2,C3,C4,C5",,,True,True,True,True,True,True,True,True,True,True,True,True,True,True,True
pcb::pcb_0249_OK,pcb,train,pcb_0249_OK,0249,OK,OK,OK,True,5,5,"C1,C2,C3,C4,C5",,,True,True,True,True,True,True,True,True,True,True,True,True,True,True,True
pcb::pcb_0250_OK,pcb,train,pcb_0250_OK,0250,OK,OK,OK,True,5,5,"C1,C2,C3,C4,C5",,,True,True,True,True,True,True,True,True,True,True,True,True,True,True,True
pcb::pcb_0251_OK,pcb,train,pcb_0251_OK,0251,OK,OK,OK,True,5,5,"C1,C2,C3,C4,C5",,,True,True,True,True,True,True,True,True,True,True,True,True,True,True,True
pcb::pcb_0252_OK,pcb,train,pcb_0252_OK,0252,OK,OK,OK,True,5,5,"C1,C2,C3,C4,C5",,,True,True,True,True,True,True,True,True,True,True,True,True,True,True,True
pcb::pcb_0253_OK,pcb,train,pcb_0253_OK,0253,OK,OK,OK,True,5,5,"C1,C2,C3,C4,C5",,,True,True,True,True,True,True,True,True,True,True,True,True,True,True,True
pcb::pcb_0254_OK,pcb,train,pcb_0254_OK,0254,OK,OK,OK,True,5,5,"C1,C2,C3,C4,C5",,,True,True,True,True,True,True,True,True,True,True,True,True,True,True,True
pcb::pcb_0255_OK,pcb,train,pcb_0255_OK,0255,OK,OK,OK,True,5,5,"C1,C2,C3,C4,C5",,,True,True,True,True,True,True,True,True,True,True,True,True,True,True,True
pcb::pcb_0256_OK,pcb,train,pcb_0256_OK,0256,OK,OK,OK,True,5,5,"C1,C2,C3,C4,C5",,,True,True,True,True,True,True,True,True,True,True,True,True,True,True,True
pcb::pcb_0257_OK,pcb,test,pcb_0257_OK,0257,OK,OK,OK,True,5,5,"C1,C2,C3,C4,C5",,,True,True,True,True,True,True,True,True,True,True,True,True,True,True,True
pcb::pcb_0258_OK,pcb,test,pcb_0258_OK,0258,OK,OK,OK,True,5,5,"C1,C2,C3,C4,C5",,,True,True,True,True,True,True,True,True,True,True,True,True,True,True,True
pcb::pcb_0259_OK,pcb,test,pcb_0259_OK,0259,OK,OK,OK,True,5,5,"C1,C2,C3,C4,C5",,,True,True,True,True,True,True,True,True,True,True,True,True,True,True,True
pcb::pcb_0260_OK,pcb,train,pcb_0260_OK,0260,OK,OK,OK,True,5,5,"C1,C2,C3,C4,C5",,,True,True,True,True,True,True,True,True,True,True,True,True,True,True,True
pcb::pcb_0261_OK,pcb,train,pcb_0261_OK,0261,OK,OK,OK,True,5,5,"C1,C2,C3,C4,C5",,,True,True,True,True,True,True,True,True,True,True,True,True,True,True,True
pcb::pcb_0262_OK,pcb,test,pcb_0262_OK,0262,OK,OK,OK,True,5,5,"C1,C2,C3,C4,C5",,,True,True,True,True,True,True,True,True,True,True,True,True,True,True,True
pcb::pcb_0263_OK,pcb,test,pcb_0263_OK,0263,OK,OK,OK,True,5,5,"C1,C2,C3,C4,C5",,,True,True,True,True,True,True,True,True,True,True,True,True,True,True,True
pcb::pcb_0264_OK,pcb,test,pcb_0264_OK,0264,OK,OK,OK,True,5,5,"C1,C2,C3,C4,C5",,,True,True,True,True,True,True,True,True,True,True,True,True,True,True,True
pcb::pcb_0265_OK,pcb,test,pcb_0265_OK,0265,OK,OK,OK,True,5,5,"C1,C2,C3,C4,C5",,,True,True,True,True,True,True,True,True,True,True,True,True,True,True,True
pcb::pcb_0266_OK,pcb,train,pcb_0266_OK,0266,OK,OK,OK,True,5,5,"C1,C2,C3,C4,C5",,,True,True,True,True,True,True,True,True,True,True,True,True,True,True,True
pcb::pcb_0267_OK,pcb,test,pcb_0267_OK,0267,OK,OK,OK,True,5,5,"C1,C2,C3,C4,C5",,,True,True,True,True,True,True,True,True,True,True,True,True,True,True,True
pcb::pcb_0268_OK,pcb,test,pcb_0268_OK,0268,OK,OK,OK,True,5,5,"C1,C2,C3,C4,C5",,,True,True,True,True,True,True,True,True,True,True,True,True,True,True,True
pcb::pcb_0269_OK,pcb,train,pcb_0269_OK,0269,OK,OK,OK,True,5,5,"C1,C2,C3,C4,C5",,,True,True,True,True,True,True,True,True,True,True,True,True,True,True,True
pcb::pcb_0270_OK,pcb,test,pcb_0270_OK,0270,OK,OK,OK,True,5,5,"C1,C2,C3,C4,C5",,,True,True,True,True,True,True,True,True,True,True,True,True,True,True,True
pcb::pcb_0271_OK,pcb,test,pcb_0271_OK,0271,OK,OK,OK,True,5,5,"C1,C2,C3,C4,C5",,,True,True,True,True,True,True,True,True,True,True,True,True,True,True,True
pcb::pcb_0272_OK,pcb,test,pcb_0272_OK,0272,OK,OK,OK,True,5,5,"C1,C2,C3,C4,C5",,,True,True,True,True,True,True,True,True,True,True,True,True,True,True,True
pcb::pcb_0273_OK,pcb,train,pcb_0273_OK,0273,OK,OK,OK,True,5,5,"C1,C2,C3,C4,C5",,,True,True,True,True,True,True,True,True,True,True,True,True,True,True,True
pcb::pcb_0274_OK,pcb,test,pcb_0274_OK,0274,OK,OK,OK,True,5,5,"C1,C2,C3,C4,C5",,,True,True,True,True,True,True,True,True,True,True,True,True,True,True,True
pcb::pcb_0275_OK,pcb,test,pcb_0275_OK,0275,OK,OK,OK,True,5,5,"C1,C2,C3,C4,C5",,,True,True,True,True,True,True,True,True,True,True,True,True,True,True,True
pcb::pcb_0276_OK,pcb,train,pcb_0276_OK,0276,OK,OK,OK,True,5,5,"C1,C2,C3,C4,C5",,,True,True,True,True,True,True,True,True,True,True,True,True,True,True,True
pcb::pcb_0277_OK,pcb,train,pcb_0277_OK,0277,OK,OK,OK,True,5,5,"C1,C2,C3,C4,C5",,,True,True,True,True,True,True,True,True,True,True,True,True,True,True,True
pcb::pcb_0278_OK,pcb,test,pcb_0278_OK,0278,OK,OK,OK,True,5,5,"C1,C2,C3,C4,C5",,,True,True,True,True,True,True,True,True,True,True,True,True,True,True,True
pcb::pcb_0279_OK,pcb,train,pcb_0279_OK,0279,OK,OK,OK,True,5,5,"C1,C2,C3,C4,C5",,,True,True,True,True,True,True,True,True,True,True,True,True,True,True,True
pcb::pcb_0280_OK,pcb,train,pcb_0280_OK,0280,OK,OK,OK,True,5,5,"C1,C2,C3,C4,C5",,,True,True,True,True,True,True,True,True,True,True,True,True,True,True,True
pcb::pcb_0281_OK,pcb,test,pcb_0281_OK,0281,OK,OK,OK,True,5,5,"C1,C2,C3,C4,C5",,,True,True,True,True,True,True,True,True,True,True,True,True,True,True,True
pcb::pcb_0282_OK,pcb,train,pcb_0282_OK,0282,OK,OK,OK,True,5,5,"C1,C2,C3,C4,C5",,,True,True,True,True,True,True,True,True,True,True,True,True,True,True,True
pcb::pcb_0283_OK,pcb,test,pcb_0283_OK,0283,OK,OK,OK,True,5,5,"C1,C2,C3,C4,C5",,,True,True,True,True,True,True,True,True,True,True,True,True,True,True,True
pcb::pcb_0284_OK,pcb,test,pcb_0284_OK,0284,OK,OK,OK,True,5,5,"C1,C2,C3,C4,C5",,,True,True,True,True,True,True,True,True,True,True,True,True,True,True,True
pcb::pcb_0285_OK,pcb,test,pcb_0285_OK,0285,OK,OK,OK,True,5,5,"C1,C2,C3,C4,C5",,,True,True,True,True,True,True,True,True,True,True,True,True,True,True,True
pcb::pcb_0286_OK,pcb,test,pcb_0286_OK,0286,OK,OK,OK,True,5,5,"C1,C2,C3,C4,C5",,,True,True,True,True,True,True,True,True,True,True,True,True,True,True,True
pcb::pcb_0288_OK,pcb,train,pcb_0288_OK,0288,OK,OK,OK,True,5,5,"C1,C2,C3,C4,C5",,,True,True,True,True,True,True,True,True,True,True,True,True,True,True,True
pcb::pcb_0289_OK,pcb,train,pcb_0289_OK,0289,OK,OK,OK,True,5,5,"C1,C2,C3,C4,C5",,,True,True,True,True,True,True,True,True,True,True,True,True,True,True,True
pcb::pcb_0290_OK,pcb,test,pcb_0290_OK,0290,OK,OK,OK,True,5,5,"C1,C2,C3,C4,C5",,,True,True,True,True,True,True,True,True,True,True,True,True,True,True,True
pcb::pcb_0291_OK,pcb,test,pcb_0291_OK,0291,OK,OK,OK,True,5,5,"C1,C2,C3,C4,C5",,,True,True,True,True,True,True,True,True,True,True,True,True,True,True,True
pcb::pcb_0292_OK,pcb,test,pcb_0292_OK,0292,OK,OK,OK,True,5,5,"C1,C2,C3,C4,C5",,,True,True,True,True,True,True,True,True,True,True,True,True,True,True,True
pcb::pcb_0293_OK,pcb,test,pcb_0293_OK,0293,OK,OK,OK,True,5,5,"C1,C2,C3,C4,C5",,,True,True,True,True,True,True,True,True,True,True,True,True,True,True,True
pcb::pcb_0294_OK,pcb,train,pcb_0294_OK,0294,OK,OK,OK,True,5,5,"C1,C2,C3,C4,C5",,,True,True,True,True,True,True,True,True,True,True,True,True,True,True,True
pcb::pcb_0295_OK,pcb,train,pcb_0295_OK,0295,OK,OK,OK,True,5,5,"C1,C2,C3,C4,C5",,,True,True,True,True,True,True,True,True,True,True,True,True,True,True,True
pcb::pcb_0296_OK,pcb,test,pcb_0296_OK,0296,OK,OK,OK,True,5,5,"C1,C2,C3,C4,C5",,,True,True,True,True,True,True,True,True,True,True,True,True,True,True,True
pcb::pcb_0297_OK,pcb,test,pcb_0297_OK,0297,OK,OK,OK,True,5,5,"C1,C2,C3,C4,C5",,,True,True,True,True,True,True,True,True,True,True,True,True,True,True,True
pcb::pcb_0298_OK,pcb,test,pcb_0298_OK,0298,OK,OK,OK,True,5,5,"C1,C2,C3,C4,C5",,,True,True,True,True,True,True,True,True,True,True,True,True,True,True,True
pcb::pcb_0299_OK,pcb,train,pcb_0299_OK,0299,OK,OK,OK,True,5,5,"C1,C2,C3,C4,C5",,,True,True,True,True,True,True,True,True,True,True,True,True,True,True,True
pcb::pcb_0300_OK,pcb,test,pcb_0300_OK,0300,OK,OK,OK,True,5,5,"C1,C2,C3,C4,C5",,,True,True,True,True,True,True,True,True,True,True,True,True,True,True,True
pcb::pcb_0301_OK,pcb,test,pcb_0301_OK,0301,OK,OK,OK,True,5,5,"C1,C2,C3,C4,C5",,,True,True,True,True,True,True,True,True,True,True,True,True,True,True,True
pcb::pcb_0302_OK,pcb,train,pcb_0302_OK,0302,OK,OK,OK,True,5,5,"C1,C2,C3,C4,C5",,,True,True,True,True,True,True,True,True,True,True,True,True,True,True,True
pcb::pcb_0303_OK,pcb,train,pcb_0303_OK,0303,OK,OK,OK,True,5,5,"C1,C2,C3,C4,C5",,,True,True,True,True,True,True,True,True,True,True,True,True,True,True,True
pcb::pcb_0304_OK,pcb,train,pcb_0304_OK,0304,OK,OK,OK,True,5,5,"C1,C2,C3,C4,C5",,,True,True,True,True,True,True,True,True,True,True,True,True,True,True,True
pcb::pcb_0305_OK,pcb,train,pcb_0305_OK,0305,OK,OK,OK,True,5,5,"C1,C2,C3,C4,C5",,,True,True,True,True,True,True,True,True,True,True,True,True,True,True,True
pcb::pcb_0306_OK,pcb,train,pcb_0306_OK,0306,OK,OK,OK,True,5,5,"C1,C2,C3,C4,C5",,,True,True,True,True,True,True,True,True,True,True,True,True,True,True,True
pcb::pcb_0307_OK,pcb,test,pcb_0307_OK,0307,OK,OK,OK,True,5,5,"C1,C2,C3,C4,C5",,,True,True,True,True,True,True,True,True,True,True,True,True,True,True,True
pcb::pcb_0308_OK,pcb,test,pcb_0308_OK,0308,OK,OK,OK,True,5,5,"C1,C2,C3,C4,C5",,,True,True,True,True,True,True,True,True,True,True,True,True,True,True,True
pcb::pcb_0309_OK,pcb,train,pcb_0309_OK,0309,OK,OK,OK,True,5,5,"C1,C2,C3,C4,C5",,,True,True,True,True,True,True,True,True,True,True,True,True,True,True,True
pcb::pcb_0310_OK,pcb,train,pcb_0310_OK,0310,OK,OK,OK,True,5,5,"C1,C2,C3,C4,C5",,,True,True,True,True,True,True,True,True,True,True,True,True,True,True,True
pcb::pcb_0311_OK,pcb,train,pcb_0311_OK,0311,OK,OK,OK,True,5,5,"C1,C2,C3,C4,C5",,,True,True,True,True,True,True,True,True,True,True,True,True,True,True,True
pcb::pcb_0312_OK,pcb,test,pcb_0312_OK,0312,OK,OK,OK,True,5,5,"C1,C2,C3,C4,C5",,,True,True,True,True,True,True,True,True,True,True,True,True,True,True,True
pcb::pcb_0313_OK,pcb,test,pcb_0313_OK,0313,OK,OK,OK,True,5,5,"C1,C2,C3,C4,C5",,,True,True,True,True,True,True,True,True,True,True,True,True,True,True,True
pcb::pcb_0314_OK,pcb,test,pcb_0314_OK,0314,OK,OK,OK,True,5,5,"C1,C2,C3,C4,C5",,,True,True,True,True,True,True,True,True,True,True,True,True,True,True,True
pcb::pcb_0315_OK,pcb,train,pcb_0315_OK,0315,OK,OK,OK,True,5,5,"C1,C2,C3,C4,C5",,,True,True,True,True,True,True,True,True,True,True,True,True,True,True,True
pcb::pcb_0316_OK,pcb,test,pcb_0316_OK,0316,OK,OK,OK,True,5,5,"C1,C2,C3,C4,C5",,,True,True,True,True,True,True,True,True,True,True,True,True,True,True,True
pcb::pcb_0317_OK,pcb,test,pcb_0317_OK,0317,OK,OK,OK,True,5,5,"C1,C2,C3,C4,C5",,,True,True,True,True,True,True,True,True,True,True,True,True,True,True,True
pcb::pcb_0318_OK,pcb,test,pcb_0318_OK,0318,OK,OK,OK,True,5,5,"C1,C2,C3,C4,C5",,,True,True,True,True,True,True,True,True,True,True,True,True,True,True,True
pcb::pcb_0319_OK,pcb,train,pcb_0319_OK,0319,OK,OK,OK,True,5,5,"C1,C2,C3,C4,C5",,,True,True,True,True,True,True,True,True,True,True,True,True,True,True,True
pcb::pcb_0320_OK,pcb,train,pcb_0320_OK,0320,OK,OK,OK,True,5,5,"C1,C2,C3,C4,C5",,,True,True,True,True,True,True,True,True,True,True,True,True,True,True,True
pcb::pcb_0321_OK,pcb,train,pcb_0321_OK,0321,OK,OK,OK,True,5,5,"C1,C2,C3,C4,C5",,,True,True,True,True,True,True,True,True,True,True,True,True,True,True,True
pcb::pcb_0322_OK,pcb,train,pcb_0322_OK,0322,OK,OK,OK,True,5,5,"C1,C2,C3,C4,C5",,,True,True,True,True,True,True,True,True,True,True,True,True,True,True,True
pcb::pcb_0323_OK,pcb,test,pcb_0323_OK,0323,OK,OK,OK,True,5,5,"C1,C2,C3,C4,C5",,,True,True,True,True,True,True,True,True,True,True,True,True,True,True,True
pcb::pcb_0324_OK,pcb,test,pcb_0324_OK,0324,OK,OK,OK,True,5,5,"C1,C2,C3,C4,C5",,,True,True,True,True,True,True,True,True,True,True,True,True,True,True,True
pcb::pcb_0325_OK,pcb,train,pcb_0325_OK,0325,OK,OK,OK,True,5,5,"C1,C2,C3,C4,C5",,,True,True,True,True,True,True,True,True,True,True,True,True,True,True,True
pcb::pcb_0326_OK,pcb,train,pcb_0326_OK,0326,OK,OK,OK,True,5,5,"C1,C2,C3,C4,C5",,,True,True,True,True,True,True,True,True,True,True,True,True,True,True,True
pcb::pcb_0327_OK,pcb,test,pcb_0327_OK,0327,OK,OK,OK,True,5,5,"C1,C2,C3,C4,C5",,,True,True,True,True,True,True,True,True,True,True,True,True,True,True,True
pcb::pcb_0328_OK,pcb,train,pcb_0328_OK,0328,OK,OK,OK,True,5,5,"C1,C2,C3,C4,C5",,,True,True,True,True,True,True,True,True,True,True,True,True,True,True,True
pcb::pcb_0329_OK,pcb,train,pcb_0329_OK,0329,OK,OK,OK,True,5,5,"C1,C2,C3,C4,C5",,,True,True,True,True,True,True,True,True,True,True,True,True,True,True,True
pcb::pcb_0330_OK,pcb,train,pcb_0330_OK,0330,OK,OK,OK,True,5,5,"C1,C2,C3,C4,C5",,,True,True,True,True,True,True,True,True,True,True,True,True,True,True,True
pcb::pcb_0331_OK,pcb,train,pcb_0331_OK,0331,OK,OK,OK,True,5,5,"C1,C2,C3,C4,C5",,,True,True,True,True,True,True,True,True,True,True,True,True,True,True,True
pcb::pcb_0332_OK,pcb,train,pcb_0332_OK,0332,OK,OK,OK,True,5,5,"C1,C2,C3,C4,C5",,,True,True,True,True,True,True,True,True,True,True,True,True,True,True,True
pcb::pcb_0333_OK,pcb,train,pcb_0333_OK,0333,OK,OK,OK,True,5,5,"C1,C2,C3,C4,C5",,,True,True,True,True,True,True,True,True,True,True,True,True,True,True,True
pcb::pcb_0334_OK,pcb,train,pcb_0334_OK,0334,OK,OK,OK,True,5,5,"C1,C2,C3,C4,C5",,,True,True,True,True,True,True,True,True,True,True,True,True,True,True,True
pcb::pcb_0335_OK,pcb,train,pcb_0335_OK,0335,OK,OK,OK,True,5,5,"C1,C2,C3,C4,C5",,,True,True,True,True,True,True,True,True,True,True,True,True,True,True,True
pcb::pcb_0336_OK,pcb,train,pcb_0336_OK,0336,OK,OK,OK,True,5,5,"C1,C2,C3,C4,C5",,,True,True,True,True,True,True,True,True,True,True,True,True,True,True,True
pcb::pcb_0337_OK,pcb,train,pcb_0337_OK,0337,OK,OK,OK,True,5,5,"C1,C2,C3,C4,C5",,,True,True,True,True,True,True,True,True,True,True,True,True,True,True,True
pcb::pcb_0338_OK,pcb,test,pcb_0338_OK,0338,OK,OK,OK,True,5,5,"C1,C2,C3,C4,C5",,,True,True,True,True,True,True,True,True,True,True,True,True,True,True,True
pcb::pcb_0339_OK,pcb,train,pcb_0339_OK,0339,OK,OK,OK,True,5,5,"C1,C2,C3,C4,C5",,,True,True,True,True,True,True,True,True,True,True,True,True,True,True,True
pcb::pcb_0340_OK,pcb,train,pcb_0340_OK,0340,OK,OK,OK,True,5,5,"C1,C2,C3,C4,C5",,,True,True,True,True,True,True,True,True,True,True,True,True,True,True,True
pcb::pcb_0341_OK,pcb,train,pcb_0341_OK,0341,OK,OK,OK,True,5,5,"C1,C2,C3,C4,C5",,,True,True,True,True,True,True,True,True,True,True,True,True,True,True,True
pcb::pcb_0342_OK,pcb,train,pcb_0342_OK,0342,OK,OK,OK,True,5,5,"C1,C2,C3,C4,C5",,,True,True,True,True,True,True,True,True,True,True,True,True,True,True,True
pcb::pcb_0343_OK,pcb,train,pcb_0343_OK,0343,OK,OK,OK,True,5,5,"C1,C2,C3,C4,C5",,,True,True,True,True,True,True,True,True,True,True,True,True,True,True,True
pcb::pcb_0344_OK,pcb,train,pcb_0344_OK,0344,OK,OK,OK,True,5,5,"C1,C2,C3,C4,C5",,,True,True,True,True,True,True,True,True,True,True,True,True,True,True,True
pcb::pcb_0345_OK,pcb,test,pcb_0345_OK,0345,OK,OK,OK,True,5,5,"C1,C2,C3,C4,C5",,,True,True,True,True,True,True,True,True,True,True,True,True,True,True,True
pcb::pcb_0346_OK,pcb,train,pcb_0346_OK,0346,OK,OK,OK,True,5,5,"C1,C2,C3,C4,C5",,,True,True,True,True,True,True,True,True,True,True,True,True,True,True,True
pcb::pcb_0347_OK,pcb,train,pcb_0347_OK,0347,OK,OK,OK,True,5,5,"C1,C2,C3,C4,C5",,,True,True,True,True,True,True,True,True,True,True,True,True,True,True,True
pcb::pcb_0348_OK,pcb,train,pcb_0348_OK,0348,OK,OK,OK,True,5,5,"C1,C2,C3,C4,C5",,,True,True,True,True,True,True,True,True,True,True,True,True,True,True,True
pcb::pcb_0349_OK,pcb,test,pcb_0349_OK,0349,OK,OK,OK,True,5,5,"C1,C2,C3,C4,C5",,,True,True,True,True,True,True,True,True,True,True,True,True,True,True,True
pcb::pcb_0350_OK,pcb,train,pcb_0350_OK,0350,OK,OK,OK,True,5,5,"C1,C2,C3,C4,C5",,,True,True,True,True,True,True,True,True,True,True,True,True,True,True,True
pcb::pcb_0351_OK,pcb,train,pcb_0351_OK,0351,OK,OK,OK,True,5,5,"C1,C2,C3,C4,C5",,,True,True,True,True,True,True,True,True,True,True,True,True,True,True,True
pcb::pcb_0352_OK,pcb,train,pcb_0352_OK,0352,OK,OK,OK,True,5,5,"C1,C2,C3,C4,C5",,,True,True,True,True,True,True,True,True,True,True,True,True,True,True,True
pcb::pcb_0353_OK,pcb,test,pcb_0353_OK,0353,OK,OK,OK,True,5,5,"C1,C2,C3,C4,C5",,,True,True,True,True,True,True,True,True,True,True,True,True,True,True,True
pcb::pcb_0354_OK,pcb,train,pcb_0354_OK,0354,OK,OK,OK,True,5,5,"C1,C2,C3,C4,C5",,,True,True,True,True,True,True,True,True,True,True,True,True,True,True,True
pcb::pcb_0355_OK,pcb,test,pcb_0355_OK,0355,OK,OK,OK,True,5,5,"C1,C2,C3,C4,C5",,,True,True,True,True,True,True,True,True,True,True,True,True,True,True,True
pcb::pcb_0356_OK,pcb,test,pcb_0356_OK,0356,OK,OK,OK,True,5,5,"C1,C2,C3,C4,C5",,,True,True,True,True,True,True,True,True,True,True,True,True,True,True,True
pcb::pcb_0357_OK,pcb,test,pcb_0357_OK,0357,OK,OK,OK,True,5,5,"C1,C2,C3,C4,C5",,,True,True,True,True,True,True,True,True,True,True,True,True,True,True,True
pcb::pcb_0358_OK,pcb,test,pcb_0358_OK,0358,OK,OK,OK,True,5,5,"C1,C2,C3,C4,C5",,,True,True,True,True,True,True,True,True,True,True,True,True,True,True,True
pcb::pcb_0359_OK,pcb,test,pcb_0359_OK,0359,OK,OK,OK,True,5,5,"C1,C2,C3,C4,C5",,,True,True,True,True,True,True,True,True,True,True,True,True,True,True,True
pcb::pcb_0360_OK,pcb,test,pcb_0360_OK,0360,OK,OK,OK,True,5,5,"C1,C2,C3,C4,C5",,,True,True,True,True,True,True,True,True,True,True,True,True,True,True,True
pcb::pcb_0361_OK,pcb,test,pcb_0361_OK,0361,OK,OK,OK,True,5,5,"C1,C2,C3,C4,C5",,,True,True,True,True,True,True,True,True,True,True,True,True,True,True,True
pcb::pcb_0362_OK,pcb,train,pcb_0362_OK,0362,OK,OK,OK,True,5,5,"C1,C2,C3,C4,C5",,,True,True,True,True,True,True,True,True,True,True,True,True,True,True,True
pcb::pcb_0363_OK,pcb,train,pcb_0363_OK,0363,OK,OK,OK,True,5,5,"C1,C2,C3,C4,C5",,,True,True,True,True,True,True,True,True,True,True,True,True,True,True,True
pcb::pcb_0364_OK,pcb,test,pcb_0364_OK,0364,OK,OK,OK,True,5,5,"C1,C2,C3,C4,C5",,,True,True,True,True,True,True,True,True,True,True,True,True,True,True,True
pcb::pcb_0365_OK,pcb,train,pcb_0365_OK,0365,OK,OK,OK,True,5,5,"C1,C2,C3,C4,C5",,,True,True,True,True,True,True,True,True,True,True,True,True,True,True,True
pcb::pcb_0366_OK,pcb,test,pcb_0366_OK,0366,OK,OK,OK,True,5,5,"C1,C2,C3,C4,C5",,,True,True,True,True,True,True,True,True,True,True,True,True,True,True,True
pcb::pcb_0367_OK,pcb,test,pcb_0367_OK,0367,OK,OK,OK,True,5,5,"C1,C2,C3,C4,C5",,,True,True,True,True,True,True,True,True,True,True,True,True,True,True,True
pcb::pcb_0368_OK,pcb,test,pcb_0368_OK,0368,OK,OK,OK,True,5,5,"C1,C2,C3,C4,C5",,,True,True,True,True,True,True,True,True,True,True,True,True,True,True,True
pcb::pcb_0369_OK,pcb,train,pcb_0369_OK,0369,OK,OK,OK,True,5,5,"C1,C2,C3,C4,C5",,,True,True,True,True,True,True,True,True,True,True,True,True,True,True,True
pcb::pcb_0370_OK,pcb,test,pcb_0370_OK,0370,OK,OK,OK,True,5,5,"C1,C2,C3,C4,C5",,,True,True,True,True,True,True,True,True,True,True,True,True,True,True,True
pcb::pcb_0371_OK,pcb,test,pcb_0371_OK,0371,OK,OK,OK,True,5,5,"C1,C2,C3,C4,C5",,,True,True,True,True,True,True,True,True,True,True,True,True,True,True,True
pcb::pcb_0372_OK,pcb,train,pcb_0372_OK,0372,OK,OK,OK,True,5,5,"C1,C2,C3,C4,C5",,,True,True,True,True,True,True,True,True,True,True,True,True,True,True,True
pcb::pcb_0373_OK,pcb,test,pcb_0373_OK,0373,OK,OK,OK,True,5,5,"C1,C2,C3,C4,C5",,,True,True,True,True,True,True,True,True,True,True,True,True,True,True,True
pcb::pcb_0374_OK,pcb,train,pcb_0374_OK,0374,OK,OK,OK,True,5,5,"C1,C2,C3,C4,C5",,,True,True,True,True,True,True,True,True,True,True,True,True,True,True,True
pcb::pcb_0375_OK,pcb,test,pcb_0375_OK,0375,OK,OK,OK,True,5,5,"C1,C2,C3,C4,C5",,,True,True,True,True,True,True,True,True,True,True,True,True,True,True,True
pcb::pcb_0376_OK,pcb,train,pcb_0376_OK,0376,OK,OK,OK,True,5,5,"C1,C2,C3,C4,C5",,,True,True,True,True,True,True,True,True,True,True,True,True,True,True,True
pcb::pcb_0377_OK,pcb,test,pcb_0377_OK,0377,OK,OK,OK,True,5,5,"C1,C2,C3,C4,C5",,,True,True,True,True,True,True,True,True,True,True,True,True,True,True,True
pcb::pcb_0378_OK,pcb,test,pcb_0378_OK,0378,OK,OK,OK,True,5,5,"C1,C2,C3,C4,C5",,,True,True,True,True,True,True,True,True,True,True,True,True,True,True,True
pcb::pcb_0379_OK,pcb,test,pcb_0379_OK,0379,OK,OK,OK,True,5,5,"C1,C2,C3,C4,C5",,,True,True,True,True,True,True,True,True,True,True,True,True,True,True,True
pcb::pcb_0380_OK,pcb,train,pcb_0380_OK,0380,OK,OK,OK,True,5,5,"C1,C2,C3,C4,C5",,,True,True,True,True,True,True,True,True,True,True,True,True,True,True,True
pcb::pcb_0381_OK,pcb,train,pcb_0381_OK,0381,OK,OK,OK,True,5,5,"C1,C2,C3,C4,C5",,,True,True,True,True,True,True,True,True,True,True,True,True,True,True,True
pcb::pcb_0382_OK,pcb,train,pcb_0382_OK,0382,OK,OK,OK,True,5,5,"C1,C2,C3,C4,C5",,,True,True,True,True,True,True,True,True,True,True,True,True,True,True,True
pcb::pcb_0383_OK,pcb,test,pcb_0383_OK,0383,OK,OK,OK,True,5,5,"C1,C2,C3,C4,C5",,,True,True,True,True,True,True,True,True,True,True,True,True,True,True,True
pcb::pcb_0384_OK,pcb,train,pcb_0384_OK,0384,OK,OK,OK,True,5,5,"C1,C2,C3,C4,C5",,,True,True,True,True,True,True,True,True,True,True,True,True,True,True,True
pcb::pcb_0385_OK,pcb,train,pcb_0385_OK,0385,OK,OK,OK,True,5,5,"C1,C2,C3,C4,C5",,,True,True,True,True,True,True,True,True,True,True,True,True,True,True,True
pcb::pcb_0386_OK,pcb,test,pcb_0386_OK,0386,OK,OK,OK,True,5,5,"C1,C2,C3,C4,C5",,,True,True,True,True,True,True,True,True,True,True,True,True,True,True,True
pcb::pcb_0387_OK,pcb,test,pcb_0387_OK,0387,OK,OK,OK,True,5,5,"C1,C2,C3,C4,C5",,,True,True,True,True,True,True,True,True,True,True,True,True,True,True,True
pcb::pcb_0388_OK,pcb,test,pcb_0388_OK,0388,OK,OK,OK,True,5,5,"C1,C2,C3,C4,C5",,,True,True,True,True,True,True,True,True,True,True,True,True,True,True,True
pcb::pcb_0389_OK,pcb,test,pcb_0389_OK,0389,OK,OK,OK,True,5,5,"C1,C2,C3,C4,C5",,,True,True,True,True,True,True,True,True,True,True,True,True,True,True,True
pcb::pcb_0390_OK,pcb,test,pcb_0390_OK,0390,OK,OK,OK,True,5,5,"C1,C2,C3,C4,C5",,,True,True,True,True,True,True,True,True,True,True,True,True,True,True,True
pcb::pcb_0391_OK,pcb,train,pcb_0391_OK,0391,OK,OK,OK,True,5,5,"C1,C2,C3,C4,C5",,,True,True,True,True,True,True,True,True,True,True,True,True,True,True,True
pcb::pcb_0392_OK,pcb,test,pcb_0392_OK,0392,OK,OK,OK,True,5,5,"C1,C2,C3,C4,C5",,,True,True,True,True,True,True,True,True,True,True,True,True,True,True,True
pcb::pcb_0393_OK,pcb,train,pcb_0393_OK,0393,OK,OK,OK,True,5,5,"C1,C2,C3,C4,C5",,,True,True,True,True,True,True,True,True,True,True,True,True,True,True,True
pcb::pcb_0394_OK,pcb,train,pcb_0394_OK,0394,OK,OK,OK,True,5,5,"C1,C2,C3,C4,C5",,,True,True,True,True,True,True,True,True,True,True,True,True,True,True,True
pcb::pcb_0395_OK,pcb,train,pcb_0395_OK,0395,OK,OK,OK,True,5,5,"C1,C2,C3,C4,C5",,,True,True,True,True,True,True,True,True,True,True,True,True,True,True,True
pcb::pcb_0396_OK,pcb,test,pcb_0396_OK,0396,OK,OK,OK,True,5,5,"C1,C2,C3,C4,C5",,,True,True,True,True,True,True,True,True,True,True,True,True,True,True,True
pcb::pcb_0397_OK,pcb,test,pcb_0397_OK,0397,OK,OK,OK,True,5,5,"C1,C2,C3,C4,C5",,,True,True,True,True,True,True,True,True,True,True,True,True,True,True,True
pcb::pcb_0398_OK,pcb,train,pcb_0398_OK,0398,OK,OK,OK,True,5,5,"C1,C2,C3,C4,C5",,,True,True,True,True,True,True,True,True,True,True,True,True,True,True,True
pcb::pcb_0399_OK,pcb,train,pcb_0399_OK,0399,OK,OK,OK,True,5,5,"C1,C2,C3,C4,C5",,,True,True,True,True,True,True,True,True,True,True,True,True,True,True,True
pcb::pcb_0400_OK,pcb,test,pcb_0400_OK,0400,OK,OK,OK,True,5,5,"C1,C2,C3,C4,C5",,,True,True,True,True,True,True,True,True,True,True,True,True,True,True,True
pcb::pcb_0401_OK,pcb,test,pcb_0401_OK,0401,OK,OK,OK,True,5,5,"C1,C2,C3,C4,C5",,,True,True,True,True,True,True,True,True,True,True,True,True,True,True,True
pcb::pcb_0402_OK,pcb,test,pcb_0402_OK,0402,OK,OK,OK,True,5,5,"C1,C2,C3,C4,C5",,,True,True,True,True,True,True,True,True,True,True,True,True,True,True,True
pcb::pcb_0403_OK,pcb,test,pcb_0403_OK,0403,OK,OK,OK,True,5,5,"C1,C2,C3,C4,C5",,,True,True,True,True,True,True,True,True,True,True,True,True,True,True,True
pcb::pcb_0404_OK,pcb,test,pcb_0404_OK,0404,OK,OK,OK,True,5,5,"C1,C2,C3,C4,C5",,,True,True,True,True,True,True,True,True,True,True,True,True,True,True,True
pcb::pcb_0405_OK,pcb,train,pcb_0405_OK,0405,OK,OK,OK,True,5,5,"C1,C2,C3,C4,C5",,,True,True,True,True,True,True,True,True,True,True,True,True,True,True,True
pcb::pcb_0406_OK,pcb,test,pcb_0406_OK,0406,OK,OK,OK,True,5,5,"C1,C2,C3,C4,C5",,,True,True,True,True,True,True,True,True,True,True,True,True,True,True,True
pcb::pcb_0407_OK,pcb,test,pcb_0407_OK,0407,OK,OK,OK,True,5,5,"C1,C2,C3,C4,C5",,,True,True,True,True,True,True,True,True,True,True,True,True,True,True,True
pcb::pcb_0408_OK,pcb,test,pcb_0408_OK,0408,OK,OK,OK,True,5,5,"C1,C2,C3,C4,C5",,,True,True,True,True,True,True,True,True,True,True,True,True,True,True,True
pcb::pcb_0409_OK,pcb,test,pcb_0409_OK,0409,OK,OK,OK,True,5,5,"C1,C2,C3,C4,C5",,,True,True,True,True,True,True,True,True,True,True,True,True,True,True,True
pcb::pcb_0410_OK,pcb,train,pcb_0410_OK,0410,OK,OK,OK,True,5,5,"C1,C2,C3,C4,C5",,,True,True,True,True,True,True,True,True,True,True,True,True,True,True,True
pcb::pcb_0411_OK,pcb,test,pcb_0411_OK,0411,OK,OK,OK,True,5,5,"C1,C2,C3,C4,C5",,,True,True,True,True,True,True,True,True,True,True,True,True,True,True,True
pcb::pcb_0412_OK,pcb,train,pcb_0412_OK,0412,OK,OK,OK,True,5,5,"C1,C2,C3,C4,C5",,,True,True,True,True,True,True,True,True,True,True,True,True,True,True,True
pcb::pcb_0413_OK,pcb,test,pcb_0413_OK,0413,OK,OK,OK,True,5,5,"C1,C2,C3,C4,C5",,,True,True,True,True,True,True,True,True,True,True,True,True,True,True,True
pcb::pcb_0414_OK,pcb,test,pcb_0414_OK,0414,OK,OK,OK,True,5,5,"C1,C2,C3,C4,C5",,,True,True,True,True,True,True,True,True,True,True,True,True,True,True,True
pcb::pcb_0415_OK,pcb,test,pcb_0415_OK,0415,OK,OK,OK,True,5,5,"C1,C2,C3,C4,C5",,,True,True,True,True,True,True,True,True,True,True,True,True,True,True,True
pcb::pcb_0416_OK,pcb,train,pcb_0416_OK,0416,OK,OK,OK,True,5,5,"C1,C2,C3,C4,C5",,,True,True,True,True,True,True,True,True,True,True,True,True,True,True,True
pcb::pcb_0417_OK,pcb,train,pcb_0417_OK,0417,OK,OK,OK,True,5,5,"C1,C2,C3,C4,C5",,,True,True,True,True,True,True,True,True,True,True,True,True,True,True,True
pcb::pcb_0418_OK,pcb,train,pcb_0418_OK,0418,OK,OK,OK,True,5,5,"C1,C2,C3,C4,C5",,,True,True,True,True,True,True,True,True,True,True,True,True,True,True,True
pcb::pcb_0419_OK,pcb,train,pcb_0419_OK,0419,OK,OK,OK,True,5,5,"C1,C2,C3,C4,C5",,,True,True,True,True,True,True,True,True,True,True,True,True,True,True,True
pcb::pcb_0420_OK,pcb,train,pcb_0420_OK,0420,OK,OK,OK,True,5,5,"C1,C2,C3,C4,C5",,,True,True,True,True,True,True,True,True,True,True,True,True,True,True,True
pcb::pcb_0421_OK,pcb,train,pcb_0421_OK,0421,OK,OK,OK,True,5,5,"C1,C2,C3,C4,C5",,,True,True,True,True,True,True,True,True,True,True,True,True,True,True,True
pcb::pcb_0422_OK,pcb,test,pcb_0422_OK,0422,OK,OK,OK,True,5,5,"C1,C2,C3,C4,C5",,,True,True,True,True,True,True,True,True,True,True,True,True,True,True,True
pcb::pcb_0423_OK,pcb,train,pcb_0423_OK,0423,OK,OK,OK,True,5,5,"C1,C2,C3,C4,C5",,,True,True,True,True,True,True,True,True,True,True,True,True,True,True,True
pcb::pcb_0424_OK,pcb,test,pcb_0424_OK,0424,OK,OK,OK,True,5,5,"C1,C2,C3,C4,C5",,,True,True,True,True,True,True,True,True,True,True,True,True,True,True,True
pcb::pcb_0425_OK,pcb,train,pcb_0425_OK,0425,OK,OK,OK,True,5,5,"C1,C2,C3,C4,C5",,,True,True,True,True,True,True,True,True,True,True,True,True,True,True,True
pcb::pcb_0426_OK,pcb,train,pcb_0426_OK,0426,OK,OK,OK,True,5,5,"C1,C2,C3,C4,C5",,,True,True,True,True,True,True,True,True,True,True,True,True,True,True,True
pcb::pcb_0427_OK,pcb,test,pcb_0427_OK,0427,OK,OK,OK,True,5,5,"C1,C2,C3,C4,C5",,,True,True,True,True,True,True,True,True,True,True,True,True,True,True,True
pcb::pcb_0428_OK,pcb,test,pcb_0428_OK,0428,OK,OK,OK,True,5,5,"C1,C2,C3,C4,C5",,,True,True,True,True,True,True,True,True,True,True,True,True,True,True,True
pcb::pcb_0429_OK,pcb,test,pcb_0429_OK,0429,OK,OK,OK,True,5,5,"C1,C2,C3,C4,C5",,,True,True,True,True,True,True,True,True,True,True,True,True,True,True,True
pcb::pcb_0430_OK,pcb,train,pcb_0430_OK,0430,OK,OK,OK,True,5,5,"C1,C2,C3,C4,C5",,,True,True,True,True,True,True,True,True,True,True,True,True,True,True,True
pcb::pcb_0431_OK,pcb,test,pcb_0431_OK,0431,OK,OK,OK,True,5,5,"C1,C2,C3,C4,C5",,,True,True,True,True,True,True,True,True,True,True,True,True,True,True,True
pcb::pcb_0432_OK,pcb,train,pcb_0432_OK,0432,OK,OK,OK,True,5,5,"C1,C2,C3,C4,C5",,,True,True,True,True,True,True,True,True,True,True,True,True,True,True,True
pcb::pcb_0433_OK,pcb,train,pcb_0433_OK,0433,OK,OK,OK,True,5,5,"C1,C2,C3,C4,C5",,,True,True,True,True,True,True,True,True,True,True,True,True,True,True,True
pcb::pcb_0434_OK,pcb,train,pcb_0434_OK,0434,OK,OK,OK,True,5,5,"C1,C2,C3,C4,C5",,,True,True,True,True,True,True,True,True,True,True,True,True,True,True,True
pcb::pcb_0435_OK,pcb,test,pcb_0435_OK,0435,OK,OK,OK,True,5,5,"C1,C2,C3,C4,C5",,,True,True,True,True,True,True,True,True,True,True,True,True,True,True,True
pcb::pcb_0436_OK,pcb,test,pcb_0436_OK,0436,OK,OK,OK,True,5,5,"C1,C2,C3,C4,C5",,,True,True,True,True,True,True,True,True,True,True,True,True,True,True,True
pcb::pcb_0437_OK,pcb,train,pcb_0437_OK,0437,OK,OK,OK,True,5,5,"C1,C2,C3,C4,C5",,,True,True,True,True,True,True,True,True,True,True,True,True,True,True,True
pcb::pcb_0438_OK,pcb,train,pcb_0438_OK,0438,OK,OK,OK,True,5,5,"C1,C2,C3,C4,C5",,,True,True,True,True,True,True,True,True,True,True,True,True,True,True,True
pcb::pcb_0439_OK,pcb,train,pcb_0439_OK,0439,OK,OK,OK,True,5,5,"C1,C2,C3,C4,C5",,,True,True,True,True,True,True,True,True,True,True,True,True,True,True,True
pcb::pcb_0440_OK,pcb,test,pcb_0440_OK,0440,OK,OK,OK,True,5,5,"C1,C2,C3,C4,C5",,,True,True,True,True,True,True,True,True,True,True,True,True,True,True,True
pcb::pcb_0441_OK,pcb,train,pcb_0441_OK,0441,OK,OK,OK,True,5,5,"C1,C2,C3,C4,C5",,,True,True,True,True,True,True,True,True,True,True,True,True,True,True,True
pcb::pcb_0442_OK,pcb,train,pcb_0442_OK,0442,OK,OK,OK,True,5,5,"C1,C2,C3,C4,C5",,,True,True,True,True,True,True,True,True,True,True,True,True,True,True,True
pcb::pcb_0443_OK,pcb,train,pcb_0443_OK,0443,OK,OK,OK,True,5,5,"C1,C2,C3,C4,C5",,,True,True,True,True,True,True,True,True,True,True,True,True,True,True,True
pcb::pcb_0444_OK,pcb,train,pcb_0444_OK,0444,OK,OK,OK,True,5,5,"C1,C2,C3,C4,C5",,,True,True,True,True,True,True,True,True,True,True,True,True,True,True,True
pcb::pcb_0445_OK,pcb,train,pcb_0445_OK,0445,OK,OK,OK,True,5,5,"C1,C2,C3,C4,C5",,,True,True,True,True,True,True,True,True,True,True,True,True,True,True,True
pcb::pcb_0446_OK,pcb,test,pcb_0446_OK,0446,OK,OK,OK,True,5,5,"C1,C2,C3,C4,C5",,,True,True,True,True,True,True,True,True,True,True,True,True,True,True,True
pcb::pcb_0447_OK,pcb,test,pcb_0447_OK,0447,OK,OK,OK,True,5,5,"C1,C2,C3,C4,C5",,,True,True,True,True,True,True,True,True,True,True,True,True,True,True,True
pcb::pcb_0448_OK,pcb,train,pcb_0448_OK,0448,OK,OK,OK,True,5,5,"C1,C2,C3,C4,C5",,,True,True,True,True,True,True,True,True,True,True,True,True,True,True,True
pcb::pcb_0449_OK,pcb,test,pcb_0449_OK,0449,OK,OK,OK,True,5,5,"C1,C2,C3,C4,C5",,,True,True,True,True,True,True,True,True,True,True,True,True,True,True,True
pcb::pcb_0450_OK,pcb,test,pcb_0450_OK,0450,OK,OK,OK,True,5,5,"C1,C2,C3,C4,C5",,,True,True,True,True,True,True,True,True,True,True,True,True,True,True,True
pcb::pcb_0451_OK,pcb,test,pcb_0451_OK,0451,OK,OK,OK,True,5,5,"C1,C2,C3,C4,C5",,,True,True,True,True,True,True,True,True,True,True,True,True,True,True,True
pcb::pcb_0452_OK,pcb,train,pcb_0452_OK,0452,OK,OK,OK,True,5,5,"C1,C2,C3,C4,C5",,,True,True,True,True,True,True,True,True,True,True,True,True,True,True,True
pcb::pcb_0453_OK,pcb,train,pcb_0453_OK,0453,OK,OK,OK,True,5,5,"C1,C2,C3,C4,C5",,,True,True,True,True,True,True,True,True,True,True,True,True,True,True,True
pcb::pcb_0454_OK,pcb,train,pcb_0454_OK,0454,OK,OK,OK,True,5,5,"C1,C2,C3,C4,C5",,,True,True,True,True,True,True,True,True,True,True,True,True,True,True,True
pcb::pcb_0455_OK,pcb,train,pcb_0455_OK,0455,OK,OK,OK,True,5,5,"C1,C2,C3,C4,C5",,,True,True,True,True,True,True,True,True,True,True,True,True,True,True,True
pcb::pcb_0456_OK,pcb,test,pcb_0456_OK,0456,OK,OK,OK,True,5,5,"C1,C2,C3,C4,C5",,,True,True,True,True,True,True,True,True,True,True,True,True,True,True,True
pcb::pcb_0457_OK,pcb,test,pcb_0457_OK,0457,OK,OK,OK,True,5,5,"C1,C2,C3,C4,C5",,,True,True,True,True,True,True,True,True,True,True,True,True,True,True,True
pcb::pcb_0458_OK,pcb,test,pcb_0458_OK,0458,OK,OK,OK,True,5,5,"C1,C2,C3,C4,C5",,,True,True,True,True,True,True,True,True,True,True,True,True,True,True,True
pcb::pcb_0459_OK,pcb,train,pcb_0459_OK,0459,OK,OK,OK,True,5,5,"C1,C2,C3,C4,C5",,,True,True,True,True,True,True,True,True,True,True,True,True,True,True,True
pcb::pcb_0460_OK,pcb,train,pcb_0460_OK,0460,OK,OK,OK,True,5,5,"C1,C2,C3,C4,C5",,,True,True,True,True,True,True,True,True,True,True,True,True,True,True,True
pcb::pcb_0461_OK,pcb,train,pcb_0461_OK,0461,OK,OK,OK,True,5,5,"C1,C2,C3,C4,C5",,,True,True,True,True,True,True,True,True,True,True,True,True,True,True,True
pcb::pcb_0462_OK,pcb,train,pcb_0462_OK,0462,OK,OK,OK,True,5,5,"C1,C2,C3,C4,C5",,,True,True,True,True,True,True,True,True,True,True,True,True,True,True,True
pcb::pcb_0463_OK,pcb,test,pcb_0463_OK,0463,OK,OK,OK,True,5,5,"C1,C2,C3,C4,C5",,,True,True,True,True,True,True,True,True,True,True,True,True,True,True,True
pcb::pcb_0464_OK,pcb,train,pcb_0464_OK,0464,OK,OK,OK,True,5,5,"C1,C2,C3,C4,C5",,,True,True,True,True,True,True,True,True,True,True,True,True,True,True,True
pcb::pcb_0465_OK,pcb,test,pcb_0465_OK,0465,OK,OK,OK,True,5,5,"C1,C2,C3,C4,C5",,,True,True,True,True,True,True,True,True,True,True,True,True,True,True,True
pcb::pcb_0466_OK,pcb,train,pcb_0466_OK,0466,OK,OK,OK,True,5,5,"C1,C2,C3,C4,C5",,,True,True,True,True,True,True,True,True,True,True,True,True,True,True,True
pcb::pcb_0467_OK,pcb,train,pcb_0467_OK,0467,OK,OK,OK,True,5,5,"C1,C2,C3,C4,C5",,,True,True,True,True,True,True,True,True,True,True,True,True,True,True,True
pcb::pcb_0468_OK,pcb,train,pcb_0468_OK,0468,OK,OK,OK,True,5,5,"C1,C2,C3,C4,C5",,,True,True,True,True,True,True,True,True,True,True,True,True,True,True,True
pcb::pcb_0469_OK,pcb,test,pcb_0469_OK,0469,OK,OK,OK,True,5,5,"C1,C2,C3,C4,C5",,,True,True,True,True,True,True,True,True,True,True,True,True,True,True,True
pcb::pcb_0470_OK,pcb,test,pcb_0470_OK,0470,OK,OK,OK,True,5,5,"C1,C2,C3,C4,C5",,,True,True,True,True,True,True,True,True,True,True,True,True,True,True,True
pcb::pcb_0471_OK,pcb,train,pcb_0471_OK,0471,OK,OK,OK,True,5,5,"C1,C2,C3,C4,C5",,,True,True,True,True,True,True,True,True,True,True,True,True,True,True,True
pcb::pcb_0472_OK,pcb,train,pcb_0472_OK,0472,OK,OK,OK,True,5,5,"C1,C2,C3,C4,C5",,,True,True,True,True,True,True,True,True,True,True,True,True,True,True,True
pcb::pcb_0473_OK,pcb,train,pcb_0473_OK,0473,OK,OK,OK,True,5,5,"C1,C2,C3,C4,C5",,,True,True,True,True,True,True,True,True,True,True,True,True,True,True,True
pcb::pcb_0474_OK,pcb,test,pcb_0474_OK,0474,OK,OK,OK,True,5,5,"C1,C2,C3,C4,C5",,,True,True,True,True,True,True,True,True,True,True,True,True,True,True,True
pcb::pcb_0475_OK,pcb,test,pcb_0475_OK,0475,OK,OK,OK,True,5,5,"C1,C2,C3,C4,C5",,,True,True,True,True,True,True,True,True,True,True,True,True,True,True,True
pcb::pcb_0476_OK,pcb,train,pcb_0476_OK,0476,OK,OK,OK,True,5,5,"C1,C2,C3,C4,C5",,,True,True,True,True,True,True,True,True,True,True,True,True,True,True,True
pcb::pcb_0477_OK,pcb,test,pcb_0477_OK,0477,OK,OK,OK,True,5,5,"C1,C2,C3,C4,C5",,,True,True,True,True,True,True,True,True,True,True,True,True,True,True,True
pcb::pcb_0478_OK,pcb,test,pcb_0478_OK,0478,OK,OK,OK,True,5,5,"C1,C2,C3,C4,C5",,,True,True,True,True,True,True,True,True,True,True,True,True,True,True,True
pcb::pcb_0479_OK,pcb,test,pcb_0479_OK,0479,OK,OK,OK,True,5,5,"C1,C2,C3,C4,C5",,,True,True,True,True,True,True,True,True,True,True,True,True,True,True,True
pcb::pcb_0480_OK,pcb,train,pcb_0480_OK,0480,OK,OK,OK,True,5,5,"C1,C2,C3,C4,C5",,,True,True,True,True,True,True,True,True,True,True,True,True,True,True,True
pcb::pcb_0481_OK,pcb,train,pcb_0481_OK,0481,OK,OK,OK,True,5,5,"C1,C2,C3,C4,C5",,,True,True,True,True,True,True,True,True,True,True,True,True,True,True,True
pcb::pcb_0482_OK,pcb,test,pcb_0482_OK,0482,OK,OK,OK,True,5,5,"C1,C2,C3,C4,C5",,,True,True,True,True,True,True,True,True,True,True,True,True,True,True,True
pcb::pcb_0483_OK,pcb,train,pcb_0483_OK,0483,OK,OK,OK,True,5,5,"C1,C2,C3,C4,C5",,,True,True,True,True,True,True,True,True,True,True,True,True,True,True,True
pcb::pcb_0484_OK,pcb,train,pcb_0484_OK,0484,OK,OK,OK,True,5,5,"C1,C2,C3,C4,C5",,,True,True,True,True,True,True,True,True,True,True,True,True,True,True,True
pcb::pcb_0485_OK,pcb,train,pcb_0485_OK,0485,OK,OK,OK,True,5,5,"C1,C2,C3,C4,C5",,,True,True,True,True,True,True,True,True,True,True,True,True,True,True,True
pcb::pcb_0486_OK,pcb,test,pcb_0486_OK,0486,OK,OK,OK,True,5,5,"C1,C2,C3,C4,C5",,,True,True,True,True,True,True,True,True,True,True,True,True,True,True,True
pcb::pcb_0487_OK,pcb,train,pcb_0487_OK,0487,OK,OK,OK,True,5,5,"C1,C2,C3,C4,C5",,,True,True,True,True,True,True,True,True,True,True,True,True,True,True,True
pcb::pcb_0488_OK,pcb,test,pcb_0488_OK,0488,OK,OK,OK,True,5,5,"C1,C2,C3,C4,C5",,,True,True,True,True,True,True,True,True,True,True,True,True,True,True,True
pcb::pcb_0489_OK,pcb,train,pcb_0489_OK,0489,OK,OK,OK,True,5,5,"C1,C2,C3,C4,C5",,,True,True,True,True,True,True,True,True,True,True,True,True,True,True,True
pcb::pcb_0490_OK,pcb,test,pcb_0490_OK,0490,OK,OK,OK,True,5,5,"C1,C2,C3,C4,C5",,,True,True,True,True,True,True,True,True,True,True,True,True,True,True,True
pcb::pcb_0491_OK,pcb,test,pcb_0491_OK,0491,OK,OK,OK,True,5,5,"C1,C2,C3,C4,C5",,,True,True,True,True,True,True,True,True,True,True,True,True,True,True,True
pcb::pcb_0492_OK,pcb,test,pcb_0492_OK,0492,OK,OK,OK,True,5,5,"C1,C2,C3,C4,C5",,,True,True,True,True,True,True,True,True,True,True,True,True,True,True,True
pcb::pcb_0493_OK,pcb,test,pcb_0493_OK,0493,OK,OK,OK,True,5,5,"C1,C2,C3,C4,C5",,,True,True,True,True,True,True,True,True,True,True,True,True,True,True,True
pcb::pcb_0494_OK,pcb,train,pcb_0494_OK,0494,OK,OK,OK,True,5,5,"C1,C2,C3,C4,C5",,,True,True,True,True,True,True,True,True,True,True,True,True,True,True,True
pcb::pcb_0495_OK,pcb,test,pcb_0495_OK,0495,OK,OK,OK,True,5,5,"C1,C2,C3,C4,C5",,,True,True,True,True,True,True,True,True,True,True,True,True,True,True,True
pcb::pcb_0496_OK,pcb,train,pcb_0496_OK,0496,OK,OK,OK,True,5,5,"C1,C2,C3,C4,C5",,,True,True,True,True,True,True,True,True,True,True,True,True,True,True,True
pcb::pcb_0497_OK,pcb,test,pcb_0497_OK,0497,OK,OK,OK,True,5,5,"C1,C2,C3,C4,C5",,,True,True,True,True,True,True,True,True,True,True,True,True,True,True,True
pcb::pcb_0498_OK,pcb,test,pcb_0498_OK,0498,OK,OK,OK,True,5,5,"C1,C2,C3,C4,C5",,,True,True,True,True,True,True,True,True,True,True,True,True,True,True,True
pcb::pcb_0499_OK,pcb,train,pcb_0499_OK,0499,OK,OK,OK,True,5,5,"C1,C2,C3,C4,C5",,,True,True,True,True,True,True,True,True,True,True,True,True,True,True,True
pcb::pcb_0500_OK,pcb,test,pcb_0500_OK,0500,OK,OK,OK,True,5,5,"C1,C2,C3,C4,C5",,,True,True,True,True,True,True,True,True,True,True,True,True,True,True,True
pcb::pcb_1069_NG_YW,pcb,test,pcb_1069_NG_YW,1069,OK,NG_YW,YW,True,5,5,"C1,C2,C3,C4,C5",,,True,True,True,True,True,True,True,True,True,True,True,True,True,True,True
pcb::pcb_1108_NG_HS,pcb,test,pcb_1108_NG_HS,1108,OK,NG_HS,OK,False,5,5,"C1,C2,C3,C4,C5",,,True,True,True,True,True,True,True,True,True,True,True,True,True,True,True
pcb::pcb_1126_NG_YW,pcb,test,pcb_1126_NG_YW,1126,OK,NG_YW,YW,False,5,5,"C1,C2,C3,C4,C5",,,True,True,True,True,True,True,True,True,True,True,True,True,True,True,True
pcb::pcb_1127_NG_YW,pcb,test,pcb_1127_NG_YW,1127,OK,NG_YW,OK,False,5,5,"C1,C2,C3,C4,C5",,,True,True,True,True,True,True,True,True,True,True,True,True,True,True,True
pcb::pcb_1130_NG_YW,pcb,test,pcb_1130_NG_YW,1130,OK,NG_YW,YW,False,5,5,"C1,C2,C3,C4,C5",,,True,True,True,True,True,True,True,True,True,True,True,True,True,True,True
pcb::pcb_1218_NG_YW,pcb,test,pcb_1218_NG_YW,1218,OK,NG_YW,YW,False,5,5,"C1,C2,C3,C4,C5",,,True,True,True,True,True,True,True,True,True,True,True,True,True,True,True
pcb::pcb_1229_NG_ZW,pcb,test,pcb_1229_NG_ZW,1229,OK,NG_ZW,OK,False,5,5,"C1,C2,C3,C4,C5",,,True,True,True,True,True,True,True,True,True,True,True,True,True,True,True
pcb::pcb_1287_NG_YW,pcb,test,pcb_1287_NG_YW,1287,OK,NG_YW,OK,False,5,5,"C1,C2,C3,C4,C5",,,True,True,True,True,True,True,True,True,True,True,True,True,True,True,True
pcb::pcb_2001_OK,pcb,train,pcb_2001_OK,2001,OK,OK,OK,True,5,5,"C1,C2,C3,C4,C5",,,True,True,True,True,True,True,True,True,True,True,True,True,True,True,True
plastic_nut::plastic_nut_0001_NG_AK,plastic_nut,test,plastic_nut_0001_NG_AK,0001,OK,NG_AK,AK,True,5,5,"C1,C2,C3,C4,C5",,,True,True,True,True,True,True,True,True,True,True,True,True,True,True,True
plastic_nut::plastic_nut_0001_NG_HS,plastic_nut,test,plastic_nut_0001_NG_HS,0001,OK,NG_HS,OK,False,5,5,"C1,C2,C3,C4,C5",,,True,True,True,True,True,True,True,True,True,True,True,True,True,True,True
plastic_nut::plastic_nut_0001_NG_QS,plastic_nut,test,plastic_nut_0001_NG_QS,0001,OK,NG_QS,QS,True,5,5,"C1,C2,C3,C4,C5",,,True,True,True,True,True,True,True,True,True,True,True,True,True,True,True
plastic_nut::plastic_nut_0001_NG_ZW,plastic_nut,test,plastic_nut_0001_NG_ZW,0001,OK,NG_ZW,OK,False,5,5,"C1,C2,C3,C4,C5",,,True,True,True,True,True,True,True,True,True,True,True,True,True,True,True
plastic_nut::plastic_nut_0001_OK,plastic_nut,test,plastic_nut_0001_OK,0001,OK,OK,OK,True,5,5,"C1,C2,C3,C4,C5",,,True,True,True,True,True,True,True,True,True,True,True,True,True,True,True
plastic_nut::plastic_nut_0002_NG_AK,plastic_nut,test,plastic_nut_0002_NG_AK,0002,OK,NG_AK,OK,False,5,5,"C1,C2,C3,C4,C5",,,True,True,True,True,True,True,True,True,True,True,True,True,True,True,True
plastic_nut::plastic_nut_0002_NG_HS,plastic_nut,test,plastic_nut_0002_NG_HS,0002,OK,NG_HS,OK,False,5,5,"C1,C2,C3,C4,C5",,,True,True,True,True,True,True,True,True,True,True,True,True,True,True,True
plastic_nut::plastic_nut_0002_NG_QS,plastic_nut,test,plastic_nut_0002_NG_QS,0002,OK,NG_QS,OK,False,5,5,"C1,C2,C3,C4,C5",,,True,True,True,True,True,True,True,True,True,True,True,True,True,True,True
plastic_nut::plastic_nut_0002_NG_ZW,plastic_nut,test,plastic_nut_0002_NG_ZW,0002,OK,NG_ZW,ZW,False,5,5,"C1,C2,C3,C4,C5",,,True,True,True,True,True,True,True,True,True,True,True,True,True,True,True
plastic_nut::plastic_nut_0002_OK,plastic_nut,test,plastic_nut_0002_OK,0002,OK,OK,OK,True,5,5,"C1,C2,C3,C4,C5",,,True,True,True,True,True,True,True,True,True,True,True,True,True,True,True
plastic_nut::plastic_nut_0003_NG_AK,plastic_nut,test,plastic_nut_0003_NG_AK,0003,OK,NG_AK,OK,False,5,5,"C1,C2,C3,C4,C5",,,True,True,True,True,True,True,True,True,True,True,True,True,True,True,True
plastic_nut::plastic_nut_0003_NG_HS,plastic_nut,test,plastic_nut_0003_NG_HS,0003,OK,NG_HS,HS,False,5,5,"C1,C2,C3,C4,C5",,,True,True,True,True,True,True,True,True,True,True,True,True,True,True,True
plastic_nut::plastic_nut_0003_NG_QS,plastic_nut,test,plastic_nut_0003_NG_QS,0003,OK,NG_QS,QS,True,5,5,"C1,C2,C3,C4,C5",,,True,True,True,True,True,True,True,True,True,True,True,True,True,True,True
plastic_nut::plastic_nut_0003_NG_ZW,plastic_nut,test,plastic_nut_0003_NG_ZW,0003,OK,NG_ZW,OK,False,5,5,"C1,C2,C3,C4,C5",,,True,True,True,True,True,True,True,True,True,True,True,True,True,True,True
plastic_nut::plastic_nut_0003_OK,plastic_nut,test,plastic_nut_0003_OK,0003,OK,OK,OK,True,5,5,"C1,C2,C3,C4,C5",,,True,True,True,True,True,True,True,True,True,True,True,True,True,True,True
plastic_nut::plastic_nut_0004_NG_AK,plastic_nut,test,plastic_nut_0004_NG_AK,0004,OK,NG_AK,AK,True,5,5,"C1,C2,C3,C4,C5",,,True,True,True,True,True,True,True,True,True,True,True,True,True,True,True
plastic_nut::plastic_nut_0004_NG_HS,plastic_nut,test,plastic_nut_0004_NG_HS,0004,OK,NG_HS,OK,False,5,5,"C1,C2,C3,C4,C5",,,True,True,True,True,True,True,True,True,True,True,True,True,True,True,True
plastic_nut::plastic_nut_0004_NG_QS,plastic_nut,test,plastic_nut_0004_NG_QS,0004,OK,NG_QS,OK,False,5,5,"C1,C2,C3,C4,C5",,,True,True,True,True,True,True,True,True,True,True,True,True,True,True,True
plastic_nut::plastic_nut_0004_NG_ZW,plastic_nut,test,plastic_nut_0004_NG_ZW,0004,OK,NG_ZW,OK,False,5,5,"C1,C2,C3,C4,C5",,,True,True,True,True,True,True,True,True,True,True,True,True,True,True,True
plastic_nut::plastic_nut_0004_OK,plastic_nut,test,plastic_nut_0004_OK,0004,OK,OK,OK,True,5,5,"C1,C2,C3,C4,C5",,,True,True,True,True,True,True,True,True,True,True,True,True,True,True,True
plastic_nut::plastic_nut_0005_NG_AK,plastic_nut,test,plastic_nut_0005_NG_AK,0005,OK,NG_AK,OK,False,5,5,"C1,C2,C3,C4,C5",,,True,True,True,True,True,True,True,True,True,True,True,True,True,True,True
plastic_nut::plastic_nut_0005_NG_HS,plastic_nut,test,plastic_nut_0005_NG_HS,0005,OK,NG_HS,OK,False,5,5,"C1,C2,C3,C4,C5",,,True,True,True,True,True,True,True,True,True,True,True,True,True,True,True
plastic_nut::plastic_nut_0005_NG_QS,plastic_nut,test,plastic_nut_0005_NG_QS,0005,OK,NG_QS,QS,True,5,5,"C1,C2,C3,C4,C5",,,True,True,True,True,True,True,True,True,True,True,True,True,True,True,True
plastic_nut::plastic_nut_0005_NG_ZW,plastic_nut,test,plastic_nut_0005_NG_ZW,0005,OK,NG_ZW,OK,False,5,5,"C1,C2,C3,C4,C5",,,True,True,True,True,True,True,True,True,True,True,True,True,True,True,True
plastic_nut::plastic_nut_0005_OK,plastic_nut,train,plastic_nut_0005_OK,0005,OK,OK,OK,True,5,5,"C1,C2,C3,C4,C5",,,True,True,True,True,True,True,True,True,True,True,True,True,True,True,True
plastic_nut::plastic_nut_0006_NG_AK,plastic_nut,test,plastic_nut_0006_NG_AK,0006,OK,NG_AK,OK,False,5,5,"C1,C2,C3,C4,C5",,,True,True,True,True,True,True,True,True,True,True,True,True,True,True,True
plastic_nut::plastic_nut_0006_NG_HS,plastic_nut,test,plastic_nut_0006_NG_HS,0006,OK,NG_HS,OK,False,5,5,"C1,C2,C3,C4,C5",,,True,True,True,True,True,True,True,True,True,True,True,True,True,True,True
plastic_nut::plastic_nut_0006_NG_QS,plastic_nut,test,plastic_nut_0006_NG_QS,0006,OK,NG_QS,OK,False,5,5,"C1,C2,C3,C4,C5",,,True,True,True,True,True,True,True,True,True,True,True,True,True,True,True
plastic_nut::plastic_nut_0006_NG_ZW,plastic_nut,test,plastic_nut_0006_NG_ZW,0006,OK,NG_ZW,OK,False,5,5,"C1,C2,C3,C4,C5",,,True,True,True,True,True,True,True,True,True,True,True,True,True,True,True
plastic_nut::plastic_nut_0006_OK,plastic_nut,train,plastic_nut_0006_OK,0006,OK,OK,OK,True,5,5,"C1,C2,C3,C4,C5",,,True,True,True,True,True,True,True,True,True,True,True,True,True,True,True
plastic_nut::plastic_nut_0007_NG_AK,plastic_nut,test,plastic_nut_0007_NG_AK,0007,OK,NG_AK,OK,False,5,5,"C1,C2,C3,C4,C5",,,True,True,True,True,True,True,True,True,True,True,True,True,True,True,True
plastic_nut::plastic_nut_0007_NG_HS,plastic_nut,test,plastic_nut_0007_NG_HS,0007,OK,NG_HS,OK,False,5,5,"C1,C2,C3,C4,C5",,,True,True,True,True,True,True,True,True,True,True,True,True,True,True,True
plastic_nut::plastic_nut_0007_NG_QS,plastic_nut,test,plastic_nut_0007_NG_QS,0007,OK,NG_QS,QS,False,5,5,"C1,C2,C3,C4,C5",,,True,True,True,True,True,True,True,True,True,True,True,True,True,True,True
plastic_nut::plastic_nut_0007_NG_ZW,plastic_nut,test,plastic_nut_0007_NG_ZW,0007,OK,NG_ZW,ZW,False,5,5,"C1,C2,C3,C4,C5",,,True,True,True,True,True,True,True,True,True,True,True,True,True,True,True
plastic_nut::plastic_nut_0007_OK,plastic_nut,train,plastic_nut_0007_OK,0007,OK,OK,OK,True,5,5,"C1,C2,C3,C4,C5",,,True,True,True,True,True,True,True,True,True,True,True,True,True,True,True
plastic_nut::plastic_nut_0008_NG_AK,plastic_nut,test,plastic_nut_0008_NG_AK,0008,OK,NG_AK,OK,False,5,5,"C1,C2,C3,C4,C5",,,True,True,True,True,True,True,True,True,True,True,True,True,True,True,True
plastic_nut::plastic_nut_0008_NG_HS,plastic_nut,test,plastic_nut_0008_NG_HS,0008,OK,NG_HS,OK,False,5,5,"C1,C2,C3,C4,C5",,,True,True,True,True,True,True,True,True,True,True,True,True,True,True,True
plastic_nut::plastic_nut_0008_NG_QS,plastic_nut,test,plastic_nut_0008_NG_QS,0008,OK,NG_QS,QS,True,5,5,"C1,C2,C3,C4,C5",,,True,True,True,True,True,True,True,True,True,True,True,True,True,True,True
plastic_nut::plastic_nut_0008_NG_ZW,plastic_nut,test,plastic_nut_0008_NG_ZW,0008,OK,NG_ZW,OK,False,5,5,"C1,C2,C3,C4,C5",,,True,True,True,True,True,True,True,True,True,True,True,True,True,True,True
plastic_nut::plastic_nut_0008_OK,plastic_nut,train,plastic_nut_0008_OK,0008,OK,OK,OK,True,5,5,"C1,C2,C3,C4,C5",,,True,True,True,True,True,True,True,True,True,True,True,True,True,True,True
plastic_nut::plastic_nut_0009_NG_AK,plastic_nut,test,plastic_nut_0009_NG_AK,0009,OK,NG_AK,AK,True,5,5,"C1,C2,C3,C4,C5",,,True,True,True,True,True,True,True,True,True,True,True,True,True,True,True
plastic_nut::plastic_nut_0009_NG_HS,plastic_nut,test,plastic_nut_0009_NG_HS,0009,OK,NG_HS,OK,False,5,5,"C1,C2,C3,C4,C5",,,True,True,True,True,True,True,True,True,True,True,True,True,True,True,True
plastic_nut::plastic_nut_0009_NG_QS,plastic_nut,test,plastic_nut_0009_NG_QS,0009,OK,NG_QS,QS,True,5,5,"C1,C2,C3,C4,C5",,,True,True,True,True,True,True,True,True,True,True,True,True,True,True,True
plastic_nut::plastic_nut_0009_NG_ZW,plastic_nut,test,plastic_nut_0009_NG_ZW,0009,OK,NG_ZW,ZW,True,5,5,"C1,C2,C3,C4,C5",,,True,True,True,True,True,True,True,True,True,True,True,True,True,True,True
plastic_nut::plastic_nut_0009_OK,plastic_nut,test,plastic_nut_0009_OK,0009,OK,OK,OK,True,5,5,"C1,C2,C3,C4,C5",,,True,True,True,True,True,True,True,True,True,True,True,True,True,True,True
plastic_nut::plastic_nut_0010_NG_AK,plastic_nut,test,plastic_nut_0010_NG_AK,0010,OK,NG_AK,OK,False,5,5,"C1,C2,C3,C4,C5",,,True,True,True,True,True,True,True,True,True,True,True,True,True,True,True
plastic_nut::plastic_nut_0010_NG_HS,plastic_nut,test,plastic_nut_0010_NG_HS,0010,OK,NG_HS,OK,False,5,5,"C1,C2,C3,C4,C5",,,True,True,True,True,True,True,True,True,True,True,True,True,True,True,True
plastic_nut::plastic_nut_0010_NG_QS,plastic_nut,test,plastic_nut_0010_NG_QS,0010,OK,NG_QS,QS,True,5,5,"C1,C2,C3,C4,C5",,,True,True,True,True,True,True,True,True,True,True,True,True,True,True,True
plastic_nut::plastic_nut_0010_NG_ZW,plastic_nut,test,plastic_nut_0010_NG_ZW,0010,OK,NG_ZW,ZW,True,5,5,"C1,C2,C3,C4,C5",,,True,True,True,True,True,True,True,True,True,True,True,True,True,True,True
plastic_nut::plastic_nut_0010_OK,plastic_nut,test,plastic_nut_0010_OK,0010,OK,OK,OK,True,5,5,"C1,C2,C3,C4,C5",,,True,True,True,True,True,True,True,True,True,True,True,True,True,True,True
plastic_nut::plastic_nut_0011_NG_AK,plastic_nut,test,plastic_nut_0011_NG_AK,0011,OK,NG_AK,OK,False,5,5,"C1,C2,C3,C4,C5",,,True,True,True,True,True,True,True,True,True,True,True,True,True,True,True
plastic_nut::plastic_nut_0011_NG_HS,plastic_nut,test,plastic_nut_0011_NG_HS,0011,OK,NG_HS,OK,False,5,5,"C1,C2,C3,C4,C5",,,True,True,True,True,True,True,True,True,True,True,True,True,True,True,True
plastic_nut::plastic_nut_0011_NG_QS,plastic_nut,test,plastic_nut_0011_NG_QS,0011,OK,NG_QS,QS,True,5,5,"C1,C2,C3,C4,C5",,,True,True,True,True,True,True,True,True,True,True,True,True,True,True,True
plastic_nut::plastic_nut_0011_NG_ZW,plastic_nut,test,plastic_nut_0011_NG_ZW,0011,OK,NG_ZW,OK,False,5,5,"C1,C2,C3,C4,C5",,,True,True,True,True,True,True,True,True,True,True,True,True,True,True,True
plastic_nut::plastic_nut_0011_OK,plastic_nut,test,plastic_nut_0011_OK,0011,OK,OK,OK,True,5,5,"C1,C2,C3,C4,C5",,,True,True,True,True,True,True,True,True,True,True,True,True,True,True,True
plastic_nut::plastic_nut_0012_NG_AK,plastic_nut,test,plastic_nut_0012_NG_AK,0012,OK,NG_AK,OK,False,5,5,"C1,C2,C3,C4,C5",,,True,True,True,True,True,True,True,True,True,True,True,True,True,True,True
plastic_nut::plastic_nut_0012_NG_HS,plastic_nut,test,plastic_nut_0012_NG_HS,0012,OK,NG_HS,OK,False,5,5,"C1,C2,C3,C4,C5",,,True,True,True,True,True,True,True,True,True,True,True,True,True,True,True
plastic_nut::plastic_nut_0012_NG_QS,plastic_nut,test,plastic_nut_0012_NG_QS,0012,OK,NG_QS,OK,False,5,5,"C1,C2,C3,C4,C5",,,True,True,True,True,True,True,True,True,True,True,True,True,True,True,True
plastic_nut::plastic_nut_0012_NG_ZW,plastic_nut,test,plastic_nut_0012_NG_ZW,0012,OK,NG_ZW,ZW,False,5,5,"C1,C2,C3,C4,C5",,,True,True,True,True,True,True,True,True,True,True,True,True,True,True,True
plastic_nut::plastic_nut_0012_OK,plastic_nut,test,plastic_nut_0012_OK,0012,OK,OK,OK,True,5,5,"C1,C2,C3,C4,C5",,,True,True,True,True,True,True,True,True,True,True,True,True,True,True,True
plastic_nut::plastic_nut_0013_NG_AK,plastic_nut,test,plastic_nut_0013_NG_AK,0013,OK,NG_AK,OK,False,5,5,"C1,C2,C3,C4,C5",,,True,True,True,True,True,True,True,True,True,True,True,True,True,True,True
plastic_nut::plastic_nut_0013_NG_HS,plastic_nut,test,plastic_nut_0013_NG_HS,0013,OK,NG_HS,OK,False,5,5,"C1,C2,C3,C4,C5",,,True,True,True,True,True,True,True,True,True,True,True,True,True,True,True
plastic_nut::plastic_nut_0013_NG_QS,plastic_nut,test,plastic_nut_0013_NG_QS,0013,OK,NG_QS,OK,False,5,5,"C1,C2,C3,C4,C5",,,True,True,True,True,True,True,True,True,True,True,True,True,True,True,True
plastic_nut::plastic_nut_0013_NG_ZW,plastic_nut,test,plastic_nut_0013_NG_ZW,0013,OK,NG_ZW,ZW,True,5,5,"C1,C2,C3,C4,C5",,,True,True,True,True,True,True,True,True,True,True,True,True,True,True,True
plastic_nut::plastic_nut_0013_OK,plastic_nut,test,plastic_nut_0013_OK,0013,OK,OK,OK,True,5,5,"C1,C2,C3,C4,C5",,,True,True,True,True,True,True,True,True,True,True,True,True,True,True,True
plastic_nut::plastic_nut_0014_NG_AK,plastic_nut,test,plastic_nut_0014_NG_AK,0014,OK,NG_AK,OK,False,5,5,"C1,C2,C3,C4,C5",,,True,True,True,True,True,True,True,True,True,True,True,True,True,True,True
plastic_nut::plastic_nut_0014_NG_HS,plastic_nut,test,plastic_nut_0014_NG_HS,0014,OK,NG_HS,HS,True,5,5,"C1,C2,C3,C4,C5",,,True,True,True,True,True,True,True,True,True,True,True,True,True,True,True
plastic_nut::plastic_nut_0014_NG_QS,plastic_nut,test,plastic_nut_0014_NG_QS,0014,OK,NG_QS,QS,True,5,5,"C1,C2,C3,C4,C5",,,True,True,True,True,True,True,True,True,True,True,True,True,True,True,True
plastic_nut::plastic_nut_0014_NG_ZW,plastic_nut,test,plastic_nut_0014_NG_ZW,0014,OK,NG_ZW,ZW,True,5,5,"C1,C2,C3,C4,C5",,,True,True,True,True,True,True,True,True,True,True,True,True,True,True,True
plastic_nut::plastic_nut_0014_OK,plastic_nut,test,plastic_nut_0014_OK,0014,OK,OK,OK,True,5,5,"C1,C2,C3,C4,C5",,,True,True,True,True,True,True,True,True,True,True,True,True,True,True,True
plastic_nut::plastic_nut_0015_NG_AK,plastic_nut,test,plastic_nut_0015_NG_AK,0015,OK,NG_AK,OK,False,5,5,"C1,C2,C3,C4,C5",,,True,True,True,True,True,True,True,True,True,True,True,True,True,True,True
plastic_nut::plastic_nut_0015_NG_HS,plastic_nut,test,plastic_nut_0015_NG_HS,0015,OK,NG_HS,OK,False,5,5,"C1,C2,C3,C4,C5",,,True,True,True,True,True,True,True,True,True,True,True,True,True,True,True
plastic_nut::plastic_nut_0015_NG_QS,plastic_nut,test,plastic_nut_0015_NG_QS,0015,OK,NG_QS,QS,True,5,5,"C1,C2,C3,C4,C5",,,True,True,True,True,True,True,True,True,True,True,True,True,True,True,True
plastic_nut::plastic_nut_0015_NG_ZW,plastic_nut,test,plastic_nut_0015_NG_ZW,0015,OK,NG_ZW,ZW,True,5,5,"C1,C2,C3,C4,C5",,,True,True,True,True,True,True,True,True,True,True,True,True,True,True,True
plastic_nut::plastic_nut_0015_OK,plastic_nut,test,plastic_nut_0015_OK,0015,OK,OK,OK,True,5,5,"C1,C2,C3,C4,C5",,,True,True,True,True,True,True,True,True,True,True,True,True,True,True,True
plastic_nut::plastic_nut_0016_NG_AK,plastic_nut,test,plastic_nut_0016_NG_AK,0016,OK,NG_AK,OK,False,5,5,"C1,C2,C3,C4,C5",,,True,True,True,True,True,True,True,True,True,True,True,True,True,True,True
plastic_nut::plastic_nut_0016_NG_HS,plastic_nut,test,plastic_nut_0016_NG_HS,0016,OK,NG_HS,OK,False,5,5,"C1,C2,C3,C4,C5",,,True,True,True,True,True,True,True,True,True,True,True,True,True,True,True
plastic_nut::plastic_nut_0016_NG_QS,plastic_nut,test,plastic_nut_0016_NG_QS,0016,OK,NG_QS,OK,False,5,5,"C1,C2,C3,C4,C5",,,True,True,True,True,True,True,True,True,True,True,True,True,True,True,True
plastic_nut::plastic_nut_0016_NG_ZW,plastic_nut,test,plastic_nut_0016_NG_ZW,0016,OK,NG_ZW,OK,False,5,5,"C1,C2,C3,C4,C5",,,True,True,True,True,True,True,True,True,True,True,True,True,True,True,True
plastic_nut::plastic_nut_0016_OK,plastic_nut,train,plastic_nut_0016_OK,0016,OK,OK,OK,True,5,5,"C1,C2,C3,C4,C5",,,True,True,True,True,True,True,True,True,True,True,True,True,True,True,True
plastic_nut::plastic_nut_0017_NG_AK,plastic_nut,test,plastic_nut_0017_NG_AK,0017,OK,NG_AK,AK,True,5,5,"C1,C2,C3,C4,C5",,,True,True,True,True,True,True,True,True,True,True,True,True,True,True,True
plastic_nut::plastic_nut_0017_NG_HS,plastic_nut,test,plastic_nut_0017_NG_HS,0017,OK,NG_HS,OK,False,5,5,"C1,C2,C3,C4,C5",,,True,True,True,True,True,True,True,True,True,True,True,True,True,True,True
plastic_nut::plastic_nut_0017_NG_QS,plastic_nut,test,plastic_nut_0017_NG_QS,0017,OK,NG_QS,QS,True,5,5,"C1,C2,C3,C4,C5",,,True,True,True,True,True,True,True,True,True,True,True,True,True,True,True
plastic_nut::plastic_nut_0017_NG_ZW,plastic_nut,test,plastic_nut_0017_NG_ZW,0017,OK,NG_ZW,OK,False,5,5,"C1,C2,C3,C4,C5",,,True,True,True,True,True,True,True,True,True,True,True,True,True,True,True
plastic_nut::plastic_nut_0017_OK,plastic_nut,test,plastic_nut_0017_OK,0017,OK,OK,OK,True,5,5,"C1,C2,C3,C4,C5",,,True,True,True,True,True,True,True,True,True,True,True,True,True,True,True
plastic_nut::plastic_nut_0018_NG_AK,plastic_nut,test,plastic_nut_0018_NG_AK,0018,OK,NG_AK,OK,False,5,5,"C1,C2,C3,C4,C5",,,True,True,True,True,True,True,True,True,True,True,True,True,True,True,True
plastic_nut::plastic_nut_0018_NG_HS,plastic_nut,test,plastic_nut_0018_NG_HS,0018,OK,NG_HS,OK,False,5,5,"C1,C2,C3,C4,C5",,,True,True,True,True,True,True,True,True,True,True,True,True,True,True,True
plastic_nut::plastic_nut_0018_NG_QS,plastic_nut,test,plastic_nut_0018_NG_QS,0018,OK,NG_QS,OK,False,5,5,"C1,C2,C3,C4,C5",,,True,True,True,True,True,True,True,True,True,True,True,True,True,True,True
plastic_nut::plastic_nut_0018_NG_ZW,plastic_nut,test,plastic_nut_0018_NG_ZW,0018,OK,NG_ZW,OK,False,5,5,"C1,C2,C3,C4,C5",,,True,True,True,True,True,True,True,True,True,True,True,True,True,True,True
plastic_nut::plastic_nut_0018_OK,plastic_nut,test,plastic_nut_0018_OK,0018,OK,OK,OK,True,5,5,"C1,C2,C3,C4,C5",,,True,True,True,True,True,True,True,True,True,True,True,True,True,True,True
plastic_nut::plastic_nut_0019_NG_AK,plastic_nut,test,plastic_nut_0019_NG_AK,0019,OK,NG_AK,OK,False,5,5,"C1,C2,C3,C4,C5",,,True,True,True,True,True,True,True,True,True,True,True,True,True,True,True
plastic_nut::plastic_nut_0019_NG_HS,plastic_nut,test,plastic_nut_0019_NG_HS,0019,OK,NG_HS,OK,False,5,5,"C1,C2,C3,C4,C5",,,True,True,True,True,True,True,True,True,True,True,True,True,True,True,True
plastic_nut::plastic_nut_0019_NG_QS,plastic_nut,test,plastic_nut_0019_NG_QS,0019,OK,NG_QS,OK,False,5,5,"C1,C2,C3,C4,C5",,,True,True,True,True,True,True,True,True,True,True,True,True,True,True,True
plastic_nut::plastic_nut_0019_NG_ZW,plastic_nut,test,plastic_nut_0019_NG_ZW,0019,OK,NG_ZW,ZW,False,5,5,"C1,C2,C3,C4,C5",,,True,True,True,True,True,True,True,True,True,True,True,True,True,True,True
plastic_nut::plastic_nut_0019_OK,plastic_nut,test,plastic_nut_0019_OK,0019,OK,OK,OK,True,5,5,"C1,C2,C3,C4,C5",,,True,True,True,True,True,True,True,True,True,True,True,True,True,True,True
plastic_nut::plastic_nut_0020_NG_AK,plastic_nut,test,plastic_nut_0020_NG_AK,0020,OK,NG_AK,OK,False,5,5,"C1,C2,C3,C4,C5",,,True,True,True,True,True,True,True,True,True,True,True,True,True,True,True
plastic_nut::plastic_nut_0020_NG_HS,plastic_nut,test,plastic_nut_0020_NG_HS,0020,OK,NG_HS,OK,False,5,5,"C1,C2,C3,C4,C5",,,True,True,True,True,True,True,True,True,True,True,True,True,True,True,True
plastic_nut::plastic_nut_0020_NG_QS,plastic_nut,test,plastic_nut_0020_NG_QS,0020,OK,NG_QS,QS,True,5,5,"C1,C2,C3,C4,C5",,,True,True,True,True,True,True,True,True,True,True,True,True,True,True,True
plastic_nut::plastic_nut_0020_NG_ZW,plastic_nut,test,plastic_nut_0020_NG_ZW,0020,OK,NG_ZW,ZW,True,5,5,"C1,C2,C3,C4,C5",,,True,True,True,True,True,True,True,True,True,True,True,True,True,True,True
plastic_nut::plastic_nut_0020_OK,plastic_nut,test,plastic_nut_0020_OK,0020,OK,OK,OK,True,5,5,"C1,C2,C3,C4,C5",,,True,True,True,True,True,True,True,True,True,True,True,True,True,True,True
plastic_nut::plastic_nut_0021_NG_AK,plastic_nut,test,plastic_nut_0021_NG_AK,0021,OK,NG_AK,AK,True,5,5,"C1,C2,C3,C4,C5",,,True,True,True,True,True,True,True,True,True,True,True,True,True,True,True
plastic_nut::plastic_nut_0021_NG_HS,plastic_nut,test,plastic_nut_0021_NG_HS,0021,OK,NG_HS,OK,False,5,5,"C1,C2,C3,C4,C5",,,True,True,True,True,True,True,True,True,True,True,True,True,True,True,True
plastic_nut::plastic_nut_0021_NG_QS,plastic_nut,test,plastic_nut_0021_NG_QS,0021,OK,NG_QS,OK,False,5,5,"C1,C2,C3,C4,C5",,,True,True,True,True,True,True,True,True,True,True,True,True,True,True,True
plastic_nut::plastic_nut_0021_NG_ZW,plastic_nut,test,plastic_nut_0021_NG_ZW,0021,OK,NG_ZW,OK,False,5,5,"C1,C2,C3,C4,C5",,,True,True,True,True,True,True,True,True,True,True,True,True,True,True,True
plastic_nut::plastic_nut_0021_OK,plastic_nut,test,plastic_nut_0021_OK,0021,OK,OK,OK,True,5,5,"C1,C2,C3,C4,C5",,,True,True,True,True,True,True,True,True,True,True,True,True,True,True,True
plastic_nut::plastic_nut_0022_NG_AK,plastic_nut,test,plastic_nut_0022_NG_AK,0022,OK,NG_AK,OK,False,5,5,"C1,C2,C3,C4,C5",,,True,True,True,True,True,True,True,True,True,True,True,True,True,True,True
plastic_nut::plastic_nut_0022_NG_HS,plastic_nut,test,plastic_nut_0022_NG_HS,0022,OK,NG_HS,HS,True,5,5,"C1,C2,C3,C4,C5",,,True,True,True,True,True,True,True,True,True,True,True,True,True,True,True
plastic_nut::plastic_nut_0022_NG_QS,plastic_nut,test,plastic_nut_0022_NG_QS,0022,OK,NG_QS,OK,False,5,5,"C1,C2,C3,C4,C5",,,True,True,True,True,True,True,True,True,True,True,True,True,True,True,True
plastic_nut::plastic_nut_0022_NG_ZW,plastic_nut,test,plastic_nut_0022_NG_ZW,0022,OK,NG_ZW,ZW,False,5,5,"C1,C2,C3,C4,C5",,,True,True,True,True,True,True,True,True,True,True,True,True,True,True,True
plastic_nut::plastic_nut_0022_OK,plastic_nut,test,plastic_nut_0022_OK,0022,OK,OK,OK,True,5,5,"C1,C2,C3,C4,C5",,,True,True,True,True,True,True,True,True,True,True,True,True,True,True,True
plastic_nut::plastic_nut_0023_NG_AK,plastic_nut,test,plastic_nut_0023_NG_AK,0023,OK,NG_AK,OK,False,5,5,"C1,C2,C3,C4,C5",,,True,True,True,True,True,True,True,True,True,True,True,True,True,True,True
plastic_nut::plastic_nut_0023_NG_HS,plastic_nut,test,plastic_nut_0023_NG_HS,0023,OK,NG_HS,OK,False,5,5,"C1,C2,C3,C4,C5",,,True,True,True,True,True,True,True,True,True,True,True,True,True,True,True
plastic_nut::plastic_nut_0023_NG_QS,plastic_nut,test,plastic_nut_0023_NG_QS,0023,OK,NG_QS,QS,True,5,5,"C1,C2,C3,C4,C5",,,True,True,True,True,True,True,True,True,True,True,True,True,True,True,True
plastic_nut::plastic_nut_0023_NG_ZW,plastic_nut,test,plastic_nut_0023_NG_ZW,0023,OK,NG_ZW,OK,False,5,5,"C1,C2,C3,C4,C5",,,True,True,True,True,True,True,True,True,True,True,True,True,True,True,True
plastic_nut::plastic_nut_0023_OK,plastic_nut,train,plastic_nut_0023_OK,0023,OK,OK,OK,True,5,5,"C1,C2,C3,C4,C5",,,True,True,True,True,True,True,True,True,True,True,True,True,True,True,True
plastic_nut::plastic_nut_0024_NG_AK,plastic_nut,test,plastic_nut_0024_NG_AK,0024,OK,NG_AK,AK,True,5,5,"C1,C2,C3,C4,C5",,,True,True,True,True,True,True,True,True,True,True,True,True,True,True,True
plastic_nut::plastic_nut_0024_NG_HS,plastic_nut,test,plastic_nut_0024_NG_HS,0024,OK,NG_HS,OK,False,5,5,"C1,C2,C3,C4,C5",,,True,True,True,True,True,True,True,True,True,True,True,True,True,True,True
plastic_nut::plastic_nut_0024_NG_QS,plastic_nut,test,plastic_nut_0024_NG_QS,0024,OK,NG_QS,OK,False,5,5,"C1,C2,C3,C4,C5",,,True,True,True,True,True,True,True,True,True,True,True,True,True,True,True
plastic_nut::plastic_nut_0024_NG_ZW,plastic_nut,test,plastic_nut_0024_NG_ZW,0024,OK,NG_ZW,ZW,False,5,5,"C1,C2,C3,C4,C5",,,True,True,True,True,True,True,True,True,True,True,True,True,True,True,True
plastic_nut::plastic_nut_0024_OK,plastic_nut,train,plastic_nut_0024_OK,0024,OK,OK,OK,True,5,5,"C1,C2,C3,C4,C5",,,True,True,True,True,True,True,True,True,True,True,True,True,True,True,True
plastic_nut::plastic_nut_0025_NG_AK,plastic_nut,test,plastic_nut_0025_NG_AK,0025,OK,NG_AK,AK,True,5,5,"C1,C2,C3,C4,C5",,,True,True,True,True,True,True,True,True,True,True,True,True,True,True,True
plastic_nut::plastic_nut_0025_NG_HS,plastic_nut,test,plastic_nut_0025_NG_HS,0025,OK,NG_HS,OK,False,5,5,"C1,C2,C3,C4,C5",,,True,True,True,True,True,True,True,True,True,True,True,True,True,True,True
plastic_nut::plastic_nut_0025_NG_QS,plastic_nut,test,plastic_nut_0025_NG_QS,0025,OK,NG_QS,OK,False,5,5,"C1,C2,C3,C4,C5",,,True,True,True,True,True,True,True,True,True,True,True,True,True,True,True
plastic_nut::plastic_nut_0025_NG_ZW,plastic_nut,test,plastic_nut_0025_NG_ZW,0025,OK,NG_ZW,OK,False,5,5,"C1,C2,C3,C4,C5",,,True,True,True,True,True,True,True,True,True,True,True,True,True,True,True
plastic_nut::plastic_nut_0025_OK,plastic_nut,test,plastic_nut_0025_OK,0025,OK,OK,OK,True,5,5,"C1,C2,C3,C4,C5",,,True,True,True,True,True,True,True,True,True,True,True,True,True,True,True
plastic_nut::plastic_nut_0026_NG_AK,plastic_nut,test,plastic_nut_0026_NG_AK,0026,OK,NG_AK,OK,False,5,5,"C1,C2,C3,C4,C5",,,True,True,True,True,True,True,True,True,True,True,True,True,True,True,True
plastic_nut::plastic_nut_0026_NG_HS,plastic_nut,test,plastic_nut_0026_NG_HS,0026,OK,NG_HS,OK,False,5,5,"C1,C2,C3,C4,C5",,,True,True,True,True,True,True,True,True,True,True,True,True,True,True,True
plastic_nut::plastic_nut_0026_NG_QS,plastic_nut,test,plastic_nut_0026_NG_QS,0026,OK,NG_QS,QS,True,5,5,"C1,C2,C3,C4,C5",,,True,True,True,True,True,True,True,True,True,True,True,True,True,True,True
plastic_nut::plastic_nut_0026_NG_ZW,plastic_nut,test,plastic_nut_0026_NG_ZW,0026,OK,NG_ZW,OK,False,5,5,"C1,C2,C3,C4,C5",,,True,True,True,True,True,True,True,True,True,True,True,True,True,True,True
plastic_nut::plastic_nut_0026_OK,plastic_nut,train,plastic_nut_0026_OK,0026,OK,OK,OK,True,5,5,"C1,C2,C3,C4,C5",,,True,True,True,True,True,True,True,True,True,True,True,True,True,True,True
plastic_nut::plastic_nut_0027_NG_AK,plastic_nut,test,plastic_nut_0027_NG_AK,0027,OK,NG_AK,AK,False,5,5,"C1,C2,C3,C4,C5",,,True,True,True,True,True,True,True,True,True,True,True,True,True,True,True
plastic_nut::plastic_nut_0027_NG_HS,plastic_nut,test,plastic_nut_0027_NG_HS,0027,OK,NG_HS,OK,False,5,5,"C1,C2,C3,C4,C5",,,True,True,True,True,True,True,True,True,True,True,True,True,True,True,True
plastic_nut::plastic_nut_0027_NG_QS,plastic_nut,test,plastic_nut_0027_NG_QS,0027,OK,NG_QS,QS,True,5,5,"C1,C2,C3,C4,C5",,,True,True,True,True,True,True,True,True,True,True,True,True,True,True,True
plastic_nut::plastic_nut_0027_NG_ZW,plastic_nut,test,plastic_nut_0027_NG_ZW,0027,OK,NG_ZW,OK,False,5,5,"C1,C2,C3,C4,C5",,,True,True,True,True,True,True,True,True,True,True,True,True,True,True,True
plastic_nut::plastic_nut_0027_OK,plastic_nut,test,plastic_nut_0027_OK,0027,OK,OK,OK,True,5,5,"C1,C2,C3,C4,C5",,,True,True,True,True,True,True,True,True,True,True,True,True,True,True,True
plastic_nut::plastic_nut_0028_NG_AK,plastic_nut,test,plastic_nut_0028_NG_AK,0028,OK,NG_AK,OK,False,5,5,"C1,C2,C3,C4,C5",,,True,True,True,True,True,True,True,True,True,True,True,True,True,True,True
plastic_nut::plastic_nut_0028_NG_HS,plastic_nut,test,plastic_nut_0028_NG_HS,0028,OK,NG_HS,OK,False,5,5,"C1,C2,C3,C4,C5",,,True,True,True,True,True,True,True,True,True,True,True,True,True,True,True
plastic_nut::plastic_nut_0028_NG_QS,plastic_nut,test,plastic_nut_0028_NG_QS,0028,OK,NG_QS,QS,True,5,5,"C1,C2,C3,C4,C5",,,True,True,True,True,True,True,True,True,True,True,True,True,True,True,True
plastic_nut::plastic_nut_0028_NG_ZW,plastic_nut,test,plastic_nut_0028_NG_ZW,0028,OK,NG_ZW,OK,False,5,5,"C1,C2,C3,C4,C5",,,True,True,True,True,True,True,True,True,True,True,True,True,True,True,True
plastic_nut::plastic_nut_0028_OK,plastic_nut,train,plastic_nut_0028_OK,0028,OK,OK,OK,True,5,5,"C1,C2,C3,C4,C5",,,True,True,True,True,True,True,True,True,True,True,True,True,True,True,True
plastic_nut::plastic_nut_0029_NG_AK,plastic_nut,test,plastic_nut_0029_NG_AK,0029,OK,NG_AK,OK,False,5,5,"C1,C2,C3,C4,C5",,,True,True,True,True,True,True,True,True,True,True,True,True,True,True,True
plastic_nut::plastic_nut_0029_NG_HS,plastic_nut,test,plastic_nut_0029_NG_HS,0029,OK,NG_HS,OK,False,5,5,"C1,C2,C3,C4,C5",,,True,True,True,True,True,True,True,True,True,True,True,True,True,True,True
plastic_nut::plastic_nut_0029_NG_QS,plastic_nut,test,plastic_nut_0029_NG_QS,0029,OK,NG_QS,QS,True,5,5,"C1,C2,C3,C4,C5",,,True,True,True,True,True,True,True,True,True,True,True,True,True,True,True
plastic_nut::plastic_nut_0029_NG_ZW,plastic_nut,test,plastic_nut_0029_NG_ZW,0029,OK,NG_ZW,OK,False,5,5,"C1,C2,C3,C4,C5",,,True,True,True,True,True,True,True,True,True,True,True,True,True,True,True
plastic_nut::plastic_nut_0029_OK,plastic_nut,train,plastic_nut_0029_OK,0029,OK,OK,OK,True,5,5,"C1,C2,C3,C4,C5",,,True,True,True,True,True,True,True,True,True,True,True,True,True,True,True
plastic_nut::plastic_nut_0030_NG_AK,plastic_nut,test,plastic_nut_0030_NG_AK,0030,OK,NG_AK,AK,True,5,5,"C1,C2,C3,C4,C5",,,True,True,True,True,True,True,True,True,True,True,True,True,True,True,True
plastic_nut::plastic_nut_0030_NG_HS,plastic_nut,test,plastic_nut_0030_NG_HS,0030,OK,NG_HS,OK,False,5,5,"C1,C2,C3,C4,C5",,,True,True,True,True,True,True,True,True,True,True,True,True,True,True,True
plastic_nut::plastic_nut_0030_NG_QS,plastic_nut,test,plastic_nut_0030_NG_QS,0030,OK,NG_QS,QS,True,5,5,"C1,C2,C3,C4,C5",,,True,True,True,True,True,True,True,True,True,True,True,True,True,True,True
plastic_nut::plastic_nut_0030_NG_ZW,plastic_nut,test,plastic_nut_0030_NG_ZW,0030,OK,NG_ZW,OK,False,5,5,"C1,C2,C3,C4,C5",,,True,True,True,True,True,True,True,True,True,True,True,True,True,True,True
plastic_nut::plastic_nut_0030_OK,plastic_nut,train,plastic_nut_0030_OK,0030,OK,OK,OK,True,5,5,"C1,C2,C3,C4,C5",,,True,True,True,True,True,True,True,True,True,True,True,True,True,True,True
plastic_nut::plastic_nut_0031_NG_AK,plastic_nut,test,plastic_nut_0031_NG_AK,0031,OK,NG_AK,OK,False,5,5,"C1,C2,C3,C4,C5",,,True,True,True,True,True,True,True,True,True,True,True,True,True,True,True
plastic_nut::plastic_nut_0031_NG_HS,plastic_nut,test,plastic_nut_0031_NG_HS,0031,OK,NG_HS,OK,False,5,5,"C1,C2,C3,C4,C5",,,True,True,True,True,True,True,True,True,True,True,True,True,True,True,True
plastic_nut::plastic_nut_0031_NG_QS,plastic_nut,test,plastic_nut_0031_NG_QS,0031,OK,NG_QS,OK,False,5,5,"C1,C2,C3,C4,C5",,,True,True,True,True,True,True,True,True,True,True,True,True,True,True,True
plastic_nut::plastic_nut_0031_NG_ZW,plastic_nut,test,plastic_nut_0031_NG_ZW,0031,OK,NG_ZW,OK,False,5,5,"C1,C2,C3,C4,C5",,,True,True,True,True,True,True,True,True,True,True,True,True,True,True,True
plastic_nut::plastic_nut_0031_OK,plastic_nut,test,plastic_nut_0031_OK,0031,OK,OK,OK,True,5,5,"C1,C2,C3,C4,C5",,,True,True,True,True,True,True,True,True,True,True,True,True,True,True,True
plastic_nut::plastic_nut_0032_NG_AK,plastic_nut,test,plastic_nut_0032_NG_AK,0032,OK,NG_AK,OK,False,5,5,"C1,C2,C3,C4,C5",,,True,True,True,True,True,True,True,True,True,True,True,True,True,True,True
plastic_nut::plastic_nut_0032_NG_HS,plastic_nut,test,plastic_nut_0032_NG_HS,0032,OK,NG_HS,OK,False,5,5,"C1,C2,C3,C4,C5",,,True,True,True,True,True,True,True,True,True,True,True,True,True,True,True
plastic_nut::plastic_nut_0032_NG_QS,plastic_nut,test,plastic_nut_0032_NG_QS,0032,OK,NG_QS,QS,True,5,5,"C1,C2,C3,C4,C5",,,True,True,True,True,True,True,True,True,True,True,True,True,True,True,True
plastic_nut::plastic_nut_0032_NG_ZW,plastic_nut,test,plastic_nut_0032_NG_ZW,0032,OK,NG_ZW,OK,False,5,5,"C1,C2,C3,C4,C5",,,True,True,True,True,True,True,True,True,True,True,True,True,True,True,True
plastic_nut::plastic_nut_0032_OK,plastic_nut,test,plastic_nut_0032_OK,0032,OK,OK,OK,True,5,5,"C1,C2,C3,C4,C5",,,True,True,True,True,True,True,True,True,True,True,True,True,True,True,True
plastic_nut::plastic_nut_0033_NG_AK,plastic_nut,test,plastic_nut_0033_NG_AK,0033,OK,NG_AK,AK,False,5,5,"C1,C2,C3,C4,C5",,,True,True,True,True,True,True,True,True,True,True,True,True,True,True,True
plastic_nut::plastic_nut_0033_NG_HS,plastic_nut,test,plastic_nut_0033_NG_HS,0033,OK,NG_HS,OK,False,5,5,"C1,C2,C3,C4,C5",,,True,True,True,True,True,True,True,True,True,True,True,True,True,True,True
plastic_nut::plastic_nut_0033_NG_QS,plastic_nut,test,plastic_nut_0033_NG_QS,0033,OK,NG_QS,OK,False,5,5,"C1,C2,C3,C4,C5",,,True,True,True,True,True,True,True,True,True,True,True,True,True,True,True
plastic_nut::plastic_nut_0033_NG_ZW,plastic_nut,test,plastic_nut_0033_NG_ZW,0033,OK,NG_ZW,OK,False,5,5,"C1,C2,C3,C4,C5",,,True,True,True,True,True,True,True,True,True,True,True,True,True,True,True
plastic_nut::plastic_nut_0033_OK,plastic_nut,train,plastic_nut_0033_OK,0033,OK,OK,OK,True,5,5,"C1,C2,C3,C4,C5",,,True,True,True,True,True,True,True,True,True,True,True,True,True,True,True
plastic_nut::plastic_nut_0034_NG_AK,plastic_nut,test,plastic_nut_0034_NG_AK,0034,OK,NG_AK,OK,False,5,5,"C1,C2,C3,C4,C5",,,True,True,True,True,True,True,True,True,True,True,True,True,True,True,True
plastic_nut::plastic_nut_0034_NG_HS,plastic_nut,test,plastic_nut_0034_NG_HS,0034,OK,NG_HS,HS,False,5,5,"C1,C2,C3,C4,C5",,,True,True,True,True,True,True,True,True,True,True,True,True,True,True,True
plastic_nut::plastic_nut_0034_NG_QS,plastic_nut,test,plastic_nut_0034_NG_QS,0034,OK,NG_QS,QS,True,5,5,"C1,C2,C3,C4,C5",,,True,True,True,True,True,True,True,True,True,True,True,True,True,True,True
plastic_nut::plastic_nut_0034_NG_ZW,plastic_nut,test,plastic_nut_0034_NG_ZW,0034,OK,NG_ZW,OK,False,5,5,"C1,C2,C3,C4,C5",,,True,True,True,True,True,True,True,True,True,True,True,True,True,True,True
plastic_nut::plastic_nut_0034_OK,plastic_nut,test,plastic_nut_0034_OK,0034,OK,OK,OK,True,5,5,"C1,C2,C3,C4,C5",,,True,True,True,True,True,True,True,True,True,True,True,True,True,True,True
plastic_nut::plastic_nut_0035_NG_AK,plastic_nut,test,plastic_nut_0035_NG_AK,0035,OK,NG_AK,OK,False,5,5,"C1,C2,C3,C4,C5",,,True,True,True,True,True,True,True,True,True,True,True,True,True,True,True
plastic_nut::plastic_nut_0035_NG_HS,plastic_nut,test,plastic_nut_0035_NG_HS,0035,OK,NG_HS,OK,False,5,5,"C1,C2,C3,C4,C5",,,True,True,True,True,True,True,True,True,True,True,True,True,True,True,True
plastic_nut::plastic_nut_0035_NG_QS,plastic_nut,test,plastic_nut_0035_NG_QS,0035,OK,NG_QS,OK,False,5,5,"C1,C2,C3,C4,C5",,,True,True,True,True,True,True,True,True,True,True,True,True,True,True,True
plastic_nut::plastic_nut_0035_NG_ZW,plastic_nut,test,plastic_nut_0035_NG_ZW,0035,OK,NG_ZW,OK,False,5,5,"C1,C2,C3,C4,C5",,,True,True,True,True,True,True,True,True,True,True,True,True,True,True,True
plastic_nut::plastic_nut_0035_OK,plastic_nut,train,plastic_nut_0035_OK,0035,OK,OK,OK,True,5,5,"C1,C2,C3,C4,C5",,,True,True,True,True,True,True,True,True,True,True,True,True,True,True,True
plastic_nut::plastic_nut_0036_NG_AK,plastic_nut,test,plastic_nut_0036_NG_AK,0036,OK,NG_AK,OK,False,5,5,"C1,C2,C3,C4,C5",,,True,True,True,True,True,True,True,True,True,True,True,True,True,True,True
plastic_nut::plastic_nut_0036_NG_HS,plastic_nut,test,plastic_nut_0036_NG_HS,0036,OK,NG_HS,OK,False,5,5,"C1,C2,C3,C4,C5",,,True,True,True,True,True,True,True,True,True,True,True,True,True,True,True
plastic_nut::plastic_nut_0036_NG_QS,plastic_nut,test,plastic_nut_0036_NG_QS,0036,OK,NG_QS,QS,True,5,5,"C1,C2,C3,C4,C5",,,True,True,True,True,True,True,True,True,True,True,True,True,True,True,True
plastic_nut::plastic_nut_0036_NG_ZW,plastic_nut,test,plastic_nut_0036_NG_ZW,0036,OK,NG_ZW,OK,False,5,5,"C1,C2,C3,C4,C5",,,True,True,True,True,True,True,True,True,True,True,True,True,True,True,True
plastic_nut::plastic_nut_0036_OK,plastic_nut,train,plastic_nut_0036_OK,0036,OK,OK,OK,True,5,5,"C1,C2,C3,C4,C5",,,True,True,True,True,True,True,True,True,True,True,True,True,True,True,True
plastic_nut::plastic_nut_0037_NG_AK,plastic_nut,test,plastic_nut_0037_NG_AK,0037,OK,NG_AK,OK,False,5,5,"C1,C2,C3,C4,C5",,,True,True,True,True,True,True,True,True,True,True,True,True,True,True,True
plastic_nut::plastic_nut_0037_NG_HS,plastic_nut,test,plastic_nut_0037_NG_HS,0037,OK,NG_HS,OK,False,5,5,"C1,C2,C3,C4,C5",,,True,True,True,True,True,True,True,True,True,True,True,True,True,True,True
plastic_nut::plastic_nut_0037_NG_QS,plastic_nut,test,plastic_nut_0037_NG_QS,0037,OK,NG_QS,QS,True,5,5,"C1,C2,C3,C4,C5",,,True,True,True,True,True,True,True,True,True,True,True,True,True,True,True
plastic_nut::plastic_nut_0037_NG_ZW,plastic_nut,test,plastic_nut_0037_NG_ZW,0037,OK,NG_ZW,OK,False,5,5,"C1,C2,C3,C4,C5",,,True,True,True,True,True,True,True,True,True,True,True,True,True,True,True
plastic_nut::plastic_nut_0037_OK,plastic_nut,test,plastic_nut_0037_OK,0037,OK,OK,OK,True,5,5,"C1,C2,C3,C4,C5",,,True,True,True,True,True,True,True,True,True,True,True,True,True,True,True
plastic_nut::plastic_nut_0038_NG_AK,plastic_nut,test,plastic_nut_0038_NG_AK,0038,OK,NG_AK,OK,False,5,5,"C1,C2,C3,C4,C5",,,True,True,True,True,True,True,True,True,True,True,True,True,True,True,True
plastic_nut::plastic_nut_0038_NG_HS,plastic_nut,test,plastic_nut_0038_NG_HS,0038,OK,NG_HS,OK,False,5,5,"C1,C2,C3,C4,C5",,,True,True,True,True,True,True,True,True,True,True,True,True,True,True,True
plastic_nut::plastic_nut_0038_NG_QS,plastic_nut,test,plastic_nut_0038_NG_QS,0038,OK,NG_QS,OK,False,5,5,"C1,C2,C3,C4,C5",,,True,True,True,True,True,True,True,True,True,True,True,True,True,True,True
plastic_nut::plastic_nut_0038_NG_ZW,plastic_nut,test,plastic_nut_0038_NG_ZW,0038,OK,NG_ZW,ZW,True,5,5,"C1,C2,C3,C4,C5",,,True,True,True,True,True,True,True,True,True,True,True,True,True,True,True
plastic_nut::plastic_nut_0038_OK,plastic_nut,test,plastic_nut_0038_OK,0038,OK,OK,OK,True,5,5,"C1,C2,C3,C4,C5",,,True,True,True,True,True,True,True,True,True,True,True,True,True,True,True
plastic_nut::plastic_nut_0039_NG_AK,plastic_nut,test,plastic_nut_0039_NG_AK,0039,OK,NG_AK,OK,False,5,5,"C1,C2,C3,C4,C5",,,True,True,True,True,True,True,True,True,True,True,True,True,True,True,True
plastic_nut::plastic_nut_0039_NG_HS,plastic_nut,test,plastic_nut_0039_NG_HS,0039,OK,NG_HS,OK,False,5,5,"C1,C2,C3,C4,C5",,,True,True,True,True,True,True,True,True,True,True,True,True,True,True,True
plastic_nut::plastic_nut_0039_NG_QS,plastic_nut,test,plastic_nut_0039_NG_QS,0039,OK,NG_QS,QS,False,5,5,"C1,C2,C3,C4,C5",,,True,True,True,True,True,True,True,True,True,True,True,True,True,True,True
plastic_nut::plastic_nut_0039_NG_ZW,plastic_nut,test,plastic_nut_0039_NG_ZW,0039,OK,NG_ZW,ZW,False,5,5,"C1,C2,C3,C4,C5",,,True,True,True,True,True,True,True,True,True,True,True,True,True,True,True
plastic_nut::plastic_nut_0039_OK,plastic_nut,test,plastic_nut_0039_OK,0039,OK,OK,OK,True,5,5,"C1,C2,C3,C4,C5",,,True,True,True,True,True,True,True,True,True,True,True,True,True,True,True
plastic_nut::plastic_nut_0040_NG_AK,plastic_nut,test,plastic_nut_0040_NG_AK,0040,OK,NG_AK,AK,True,5,5,"C1,C2,C3,C4,C5",,,True,True,True,True,True,True,True,True,True,True,True,True,True,True,True
plastic_nut::plastic_nut_0040_NG_HS,plastic_nut,test,plastic_nut_0040_NG_HS,0040,OK,NG_HS,OK,False,5,5,"C1,C2,C3,C4,C5",,,True,True,True,True,True,True,True,True,True,True,True,True,True,True,True
plastic_nut::plastic_nut_0040_NG_QS,plastic_nut,test,plastic_nut_0040_NG_QS,0040,OK,NG_QS,OK,False,5,5,"C1,C2,C3,C4,C5",,,True,True,True,True,True,True,True,True,True,True,True,True,True,True,True
plastic_nut::plastic_nut_0040_NG_ZW,plastic_nut,test,plastic_nut_0040_NG_ZW,0040,OK,NG_ZW,OK,False,5,5,"C1,C2,C3,C4,C5",,,True,True,True,True,True,True,True,True,True,True,True,True,True,True,True
plastic_nut::plastic_nut_0040_OK,plastic_nut,test,plastic_nut_0040_OK,0040,OK,OK,OK,True,5,5,"C1,C2,C3,C4,C5",,,True,True,True,True,True,True,True,True,True,True,True,True,True,True,True
plastic_nut::plastic_nut_0041_NG_AK,plastic_nut,test,plastic_nut_0041_NG_AK,0041,OK,NG_AK,OK,False,5,5,"C1,C2,C3,C4,C5",,,True,True,True,True,True,True,True,True,True,True,True,True,True,True,True
plastic_nut::plastic_nut_0041_NG_HS,plastic_nut,test,plastic_nut_0041_NG_HS,0041,OK,NG_HS,OK,False,5,5,"C1,C2,C3,C4,C5",,,True,True,True,True,True,True,True,True,True,True,True,True,True,True,True
plastic_nut::plastic_nut_0041_NG_QS,plastic_nut,test,plastic_nut_0041_NG_QS,0041,OK,NG_QS,OK,False,5,5,"C1,C2,C3,C4,C5",,,True,True,True,True,True,True,True,True,True,True,True,True,True,True,True
plastic_nut::plastic_nut_0041_NG_ZW,plastic_nut,test,plastic_nut_0041_NG_ZW,0041,OK,NG_ZW,OK,False,5,5,"C1,C2,C3,C4,C5",,,True,True,True,True,True,True,True,True,True,True,True,True,True,True,True
plastic_nut::plastic_nut_0041_OK,plastic_nut,test,plastic_nut_0041_OK,0041,OK,OK,OK,True,5,5,"C1,C2,C3,C4,C5",,,True,True,True,True,True,True,True,True,True,True,True,True,True,True,True
plastic_nut::plastic_nut_0042_NG_AK,plastic_nut,test,plastic_nut_0042_NG_AK,0042,OK,NG_AK,OK,False,5,5,"C1,C2,C3,C4,C5",,,True,True,True,True,True,True,True,True,True,True,True,True,True,True,True
plastic_nut::plastic_nut_0042_NG_HS,plastic_nut,test,plastic_nut_0042_NG_HS,0042,OK,NG_HS,OK,False,5,5,"C1,C2,C3,C4,C5",,,True,True,True,True,True,True,True,True,True,True,True,True,True,True,True
plastic_nut::plastic_nut_0042_NG_QS,plastic_nut,test,plastic_nut_0042_NG_QS,0042,OK,NG_QS,OK,False,5,5,"C1,C2,C3,C4,C5",,,True,True,True,True,True,True,True,True,True,True,True,True,True,True,True
plastic_nut::plastic_nut_0042_NG_ZW,plastic_nut,test,plastic_nut_0042_NG_ZW,0042,OK,NG_ZW,OK,False,5,5,"C1,C2,C3,C4,C5",,,True,True,True,True,True,True,True,True,True,True,True,True,True,True,True
plastic_nut::plastic_nut_0042_OK,plastic_nut,train,plastic_nut_0042_OK,0042,OK,OK,OK,True,5,5,"C1,C2,C3,C4,C5",,,True,True,True,True,True,True,True,True,True,True,True,True,True,True,True
plastic_nut::plastic_nut_0043_NG_AK,plastic_nut,test,plastic_nut_0043_NG_AK,0043,OK,NG_AK,OK,False,5,5,"C1,C2,C3,C4,C5",,,True,True,True,True,True,True,True,True,True,True,True,True,True,True,True
plastic_nut::plastic_nut_0043_NG_HS,plastic_nut,test,plastic_nut_0043_NG_HS,0043,OK,NG_HS,OK,False,5,5,"C1,C2,C3,C4,C5",,,True,True,True,True,True,True,True,True,True,True,True,True,True,True,True
plastic_nut::plastic_nut_0043_NG_QS,plastic_nut,test,plastic_nut_0043_NG_QS,0043,OK,NG_QS,QS,True,5,5,"C1,C2,C3,C4,C5",,,True,True,True,True,True,True,True,True,True,True,True,True,True,True,True
plastic_nut::plastic_nut_0043_NG_ZW,plastic_nut,test,plastic_nut_0043_NG_ZW,0043,OK,NG_ZW,OK,False,5,5,"C1,C2,C3,C4,C5",,,True,True,True,True,True,True,True,True,True,True,True,True,True,True,True
plastic_nut::plastic_nut_0043_OK,plastic_nut,test,plastic_nut_0043_OK,0043,OK,OK,OK,True,5,5,"C1,C2,C3,C4,C5",,,True,True,True,True,True,True,True,True,True,True,True,True,True,True,True
plastic_nut::plastic_nut_0044_NG_AK,plastic_nut,test,plastic_nut_0044_NG_AK,0044,OK,NG_AK,AK,True,5,5,"C1,C2,C3,C4,C5",,,True,True,True,True,True,True,True,True,True,True,True,True,True,True,True
plastic_nut::plastic_nut_0044_NG_HS,plastic_nut,test,plastic_nut_0044_NG_HS,0044,OK,NG_HS,OK,False,5,5,"C1,C2,C3,C4,C5",,,True,True,True,True,True,True,True,True,True,True,True,True,True,True,True
plastic_nut::plastic_nut_0044_NG_QS,plastic_nut,test,plastic_nut_0044_NG_QS,0044,OK,NG_QS,OK,False,5,5,"C1,C2,C3,C4,C5",,,True,True,True,True,True,True,True,True,True,True,True,True,True,True,True
plastic_nut::plastic_nut_0044_NG_ZW,plastic_nut,test,plastic_nut_0044_NG_ZW,0044,OK,NG_ZW,ZW,False,5,5,"C1,C2,C3,C4,C5",,,True,True,True,True,True,True,True,True,True,True,True,True,True,True,True
plastic_nut::plastic_nut_0044_OK,plastic_nut,train,plastic_nut_0044_OK,0044,OK,OK,OK,True,5,5,"C1,C2,C3,C4,C5",,,True,True,True,True,True,True,True,True,True,True,True,True,True,True,True
plastic_nut::plastic_nut_0045_NG_AK,plastic_nut,test,plastic_nut_0045_NG_AK,0045,OK,NG_AK,OK,False,5,5,"C1,C2,C3,C4,C5",,,True,True,True,True,True,True,True,True,True,True,True,True,True,True,True
plastic_nut::plastic_nut_0045_NG_HS,plastic_nut,test,plastic_nut_0045_NG_HS,0045,OK,NG_HS,OK,False,5,5,"C1,C2,C3,C4,C5",,,True,True,True,True,True,True,True,True,True,True,True,True,True,True,True
plastic_nut::plastic_nut_0045_NG_QS,plastic_nut,test,plastic_nut_0045_NG_QS,0045,OK,NG_QS,OK,False,5,5,"C1,C2,C3,C4,C5",,,True,True,True,True,True,True,True,True,True,True,True,True,True,True,True
plastic_nut::plastic_nut_0045_NG_ZW,plastic_nut,test,plastic_nut_0045_NG_ZW,0045,OK,NG_ZW,OK,False,5,5,"C1,C2,C3,C4,C5",,,True,True,True,True,True,True,True,True,True,True,True,True,True,True,True
plastic_nut::plastic_nut_0045_OK,plastic_nut,test,plastic_nut_0045_OK,0045,OK,OK,OK,True,5,5,"C1,C2,C3,C4,C5",,,True,True,True,True,True,True,True,True,True,True,True,True,True,True,True
plastic_nut::plastic_nut_0046_NG_AK,plastic_nut,test,plastic_nut_0046_NG_AK,0046,OK,NG_AK,OK,False,5,5,"C1,C2,C3,C4,C5",,,True,True,True,True,True,True,True,True,True,True,True,True,True,True,True
plastic_nut::plastic_nut_0046_NG_HS,plastic_nut,test,plastic_nut_0046_NG_HS,0046,OK,NG_HS,OK,False,5,5,"C1,C2,C3,C4,C5",,,True,True,True,True,True,True,True,True,True,True,True,True,True,True,True
plastic_nut::plastic_nut_0046_NG_QS,plastic_nut,test,plastic_nut_0046_NG_QS,0046,OK,NG_QS,OK,False,5,5,"C1,C2,C3,C4,C5",,,True,True,True,True,True,True,True,True,True,True,True,True,True,True,True
plastic_nut::plastic_nut_0046_NG_ZW,plastic_nut,test,plastic_nut_0046_NG_ZW,0046,OK,NG_ZW,ZW,False,5,5,"C1,C2,C3,C4,C5",,,True,True,True,True,True,True,True,True,True,True,True,True,True,True,True
plastic_nut::plastic_nut_0046_OK,plastic_nut,test,plastic_nut_0046_OK,0046,OK,OK,OK,True,5,5,"C1,C2,C3,C4,C5",,,True,True,True,True,True,True,True,True,True,True,True,True,True,True,True
plastic_nut::plastic_nut_0047_NG_AK,plastic_nut,test,plastic_nut_0047_NG_AK,0047,OK,NG_AK,OK,False,5,5,"C1,C2,C3,C4,C5",,,True,True,True,True,True,True,True,True,True,True,True,True,True,True,True
plastic_nut::plastic_nut_0047_NG_HS,plastic_nut,test,plastic_nut_0047_NG_HS,0047,OK,NG_HS,OK,False,5,5,"C1,C2,C3,C4,C5",,,True,True,True,True,True,True,True,True,True,True,True,True,True,True,True
plastic_nut::plastic_nut_0047_NG_QS,plastic_nut,test,plastic_nut_0047_NG_QS,0047,OK,NG_QS,QS,True,5,5,"C1,C2,C3,C4,C5",,,True,True,True,True,True,True,True,True,True,True,True,True,True,True,True
plastic_nut::plastic_nut_0047_NG_ZW,plastic_nut,test,plastic_nut_0047_NG_ZW,0047,OK,NG_ZW,OK,False,5,5,"C1,C2,C3,C4,C5",,,True,True,True,True,True,True,True,True,True,True,True,True,True,True,True
plastic_nut::plastic_nut_0047_OK,plastic_nut,train,plastic_nut_0047_OK,0047,OK,OK,OK,True,5,5,"C1,C2,C3,C4,C5",,,True,True,True,True,True,True,True,True,True,True,True,True,True,True,True
plastic_nut::plastic_nut_0048_NG_AK,plastic_nut,test,plastic_nut_0048_NG_AK,0048,OK,NG_AK,OK,False,5,5,"C1,C2,C3,C4,C5",,,True,True,True,True,True,True,True,True,True,True,True,True,True,True,True
plastic_nut::plastic_nut_0048_NG_HS,plastic_nut,test,plastic_nut_0048_NG_HS,0048,OK,NG_HS,OK,False,5,5,"C1,C2,C3,C4,C5",,,True,True,True,True,True,True,True,True,True,True,True,True,True,True,True
plastic_nut::plastic_nut_0048_NG_QS,plastic_nut,test,plastic_nut_0048_NG_QS,0048,OK,NG_QS,OK,False,5,5,"C1,C2,C3,C4,C5",,,True,True,True,True,True,True,True,True,True,True,True,True,True,True,True
plastic_nut::plastic_nut_0048_NG_ZW,plastic_nut,test,plastic_nut_0048_NG_ZW,0048,OK,NG_ZW,OK,False,5,5,"C1,C2,C3,C4,C5",,,True,True,True,True,True,True,True,True,True,True,True,True,True,True,True
plastic_nut::plastic_nut_0048_OK,plastic_nut,train,plastic_nut_0048_OK,0048,OK,OK,OK,True,5,5,"C1,C2,C3,C4,C5",,,True,True,True,True,True,True,True,True,True,True,True,True,True,True,True
plastic_nut::plastic_nut_0049_NG_AK,plastic_nut,test,plastic_nut_0049_NG_AK,0049,OK,NG_AK,OK,False,5,5,"C1,C2,C3,C4,C5",,,True,True,True,True,True,True,True,True,True,True,True,True,True,True,True
plastic_nut::plastic_nut_0049_NG_HS,plastic_nut,test,plastic_nut_0049_NG_HS,0049,OK,NG_HS,OK,False,5,5,"C1,C2,C3,C4,C5",,,True,True,True,True,True,True,True,True,True,True,True,True,True,True,True
plastic_nut::plastic_nut_0049_NG_QS,plastic_nut,test,plastic_nut_0049_NG_QS,0049,OK,NG_QS,QS,True,5,5,"C1,C2,C3,C4,C5",,,True,True,True,True,True,True,True,True,True,True,True,True,True,True,True
plastic_nut::plastic_nut_0049_NG_ZW,plastic_nut,test,plastic_nut_0049_NG_ZW,0049,OK,NG_ZW,OK,False,5,5,"C1,C2,C3,C4,C5",,,True,True,True,True,True,True,True,True,True,True,True,True,True,True,True
plastic_nut::plastic_nut_0049_OK,plastic_nut,test,plastic_nut_0049_OK,0049,OK,OK,OK,True,5,5,"C1,C2,C3,C4,C5",,,True,True,True,True,True,True,True,True,True,True,True,True,True,True,True
plastic_nut::plastic_nut_0050_NG_AK,plastic_nut,test,plastic_nut_0050_NG_AK,0050,OK,NG_AK,OK,False,5,5,"C1,C2,C3,C4,C5",,,True,True,True,True,True,True,True,True,True,True,True,True,True,True,True
plastic_nut::plastic_nut_0050_NG_HS,plastic_nut,test,plastic_nut_0050_NG_HS,0050,OK,NG_HS,OK,False,5,5,"C1,C2,C3,C4,C5",,,True,True,True,True,True,True,True,True,True,True,True,True,True,True,True
plastic_nut::plastic_nut_0050_NG_QS,plastic_nut,test,plastic_nut_0050_NG_QS,0050,OK,NG_QS,OK,False,5,5,"C1,C2,C3,C4,C5",,,True,True,True,True,True,True,True,True,True,True,True,True,True,True,True
plastic_nut::plastic_nut_0050_NG_ZW,plastic_nut,test,plastic_nut_0050_NG_ZW,0050,OK,NG_ZW,ZW,True,5,5,"C1,C2,C3,C4,C5",,,True,True,True,True,True,True,True,True,True,True,True,True,True,True,True
plastic_nut::plastic_nut_0050_OK,plastic_nut,train,plastic_nut_0050_OK,0050,OK,OK,OK,True,5,5,"C1,C2,C3,C4,C5",,,True,True,True,True,True,True,True,True,True,True,True,True,True,True,True
plastic_nut::plastic_nut_0051_NG_AK,plastic_nut,test,plastic_nut_0051_NG_AK,0051,OK,NG_AK,OK,False,5,5,"C1,C2,C3,C4,C5",,,True,True,True,True,True,True,True,True,True,True,True,True,True,True,True
plastic_nut::plastic_nut_0051_NG_HS,plastic_nut,test,plastic_nut_0051_NG_HS,0051,OK,NG_HS,OK,False,5,5,"C1,C2,C3,C4,C5",,,True,True,True,True,True,True,True,True,True,True,True,True,True,True,True
plastic_nut::plastic_nut_0051_NG_QS,plastic_nut,test,plastic_nut_0051_NG_QS,0051,OK,NG_QS,OK,False,5,5,"C1,C2,C3,C4,C5",,,True,True,True,True,True,True,True,True,True,True,True,True,True,True,True
plastic_nut::plastic_nut_0051_NG_ZW,plastic_nut,test,plastic_nut_0051_NG_ZW,0051,OK,NG_ZW,OK,False,5,5,"C1,C2,C3,C4,C5",,,True,True,True,True,True,True,True,True,True,True,True,True,True,True,True
plastic_nut::plastic_nut_0051_OK,plastic_nut,test,plastic_nut_0051_OK,0051,OK,OK,OK,True,5,5,"C1,C2,C3,C4,C5",,,True,True,True,True,True,True,True,True,True,True,True,True,True,True,True
plastic_nut::plastic_nut_0052_NG_AK,plastic_nut,test,plastic_nut_0052_NG_AK,0052,OK,NG_AK,OK,False,5,5,"C1,C2,C3,C4,C5",,,True,True,True,True,True,True,True,True,True,True,True,True,True,True,True
plastic_nut::plastic_nut_0052_NG_HS,plastic_nut,test,plastic_nut_0052_NG_HS,0052,OK,NG_HS,OK,False,5,5,"C1,C2,C3,C4,C5",,,True,True,True,True,True,True,True,True,True,True,True,True,True,True,True
plastic_nut::plastic_nut_0052_NG_QS,plastic_nut,test,plastic_nut_0052_NG_QS,0052,OK,NG_QS,OK,False,5,5,"C1,C2,C3,C4,C5",,,True,True,True,True,True,True,True,True,True,True,True,True,True,True,True
plastic_nut::plastic_nut_0052_NG_ZW,plastic_nut,test,plastic_nut_0052_NG_ZW,0052,OK,NG_ZW,OK,False,5,5,"C1,C2,C3,C4,C5",,,True,True,True,True,True,True,True,True,True,True,True,True,True,True,True
plastic_nut::plastic_nut_0052_OK,plastic_nut,test,plastic_nut_0052_OK,0052,OK,OK,OK,True,5,5,"C1,C2,C3,C4,C5",,,True,True,True,True,True,True,True,True,True,True,True,True,True,True,True
plastic_nut::plastic_nut_0053_NG_AK,plastic_nut,test,plastic_nut_0053_NG_AK,0053,OK,NG_AK,AK,False,5,5,"C1,C2,C3,C4,C5",,,True,True,True,True,True,True,True,True,True,True,True,True,True,True,True
plastic_nut::plastic_nut_0053_NG_HS,plastic_nut,test,plastic_nut_0053_NG_HS,0053,OK,NG_HS,OK,False,5,5,"C1,C2,C3,C4,C5",,,True,True,True,True,True,True,True,True,True,True,True,True,True,True,True
plastic_nut::plastic_nut_0053_NG_QS,plastic_nut,test,plastic_nut_0053_NG_QS,0053,OK,NG_QS,OK,False,5,5,"C1,C2,C3,C4,C5",,,True,True,True,True,True,True,True,True,True,True,True,True,True,True,True
plastic_nut::plastic_nut_0053_NG_ZW,plastic_nut,test,plastic_nut_0053_NG_ZW,0053,OK,NG_ZW,ZW,True,5,5,"C1,C2,C3,C4,C5",,,True,True,True,True,True,True,True,True,True,True,True,True,True,True,True
plastic_nut::plastic_nut_0053_OK,plastic_nut,train,plastic_nut_0053_OK,0053,OK,OK,OK,True,5,5,"C1,C2,C3,C4,C5",,,True,True,True,True,True,True,True,True,True,True,True,True,True,True,True
plastic_nut::plastic_nut_0054_NG_AK,plastic_nut,test,plastic_nut_0054_NG_AK,0054,OK,NG_AK,OK,False,5,5,"C1,C2,C3,C4,C5",,,True,True,True,True,True,True,True,True,True,True,True,True,True,True,True
plastic_nut::plastic_nut_0054_NG_HS,plastic_nut,test,plastic_nut_0054_NG_HS,0054,OK,NG_HS,OK,False,5,5,"C1,C2,C3,C4,C5",,,True,True,True,True,True,True,True,True,True,True,True,True,True,True,True
plastic_nut::plastic_nut_0054_NG_QS,plastic_nut,test,plastic_nut_0054_NG_QS,0054,OK,NG_QS,QS,True,5,5,"C1,C2,C3,C4,C5",,,True,True,True,True,True,True,True,True,True,True,True,True,True,True,True
plastic_nut::plastic_nut_0054_NG_ZW,plastic_nut,test,plastic_nut_0054_NG_ZW,0054,OK,NG_ZW,OK,False,5,5,"C1,C2,C3,C4,C5",,,True,True,True,True,True,True,True,True,True,True,True,True,True,True,True
plastic_nut::plastic_nut_0054_OK,plastic_nut,train,plastic_nut_0054_OK,0054,OK,OK,OK,True,5,5,"C1,C2,C3,C4,C5",,,True,True,True,True,True,True,True,True,True,True,True,True,True,True,True
plastic_nut::plastic_nut_0055_NG_AK,plastic_nut,test,plastic_nut_0055_NG_AK,0055,OK,NG_AK,OK,False,5,5,"C1,C2,C3,C4,C5",,,True,True,True,True,True,True,True,True,True,True,True,True,True,True,True
plastic_nut::plastic_nut_0055_NG_HS,plastic_nut,test,plastic_nut_0055_NG_HS,0055,OK,NG_HS,OK,False,5,5,"C1,C2,C3,C4,C5",,,True,True,True,True,True,True,True,True,True,True,True,True,True,True,True
plastic_nut::plastic_nut_0055_NG_QS,plastic_nut,test,plastic_nut_0055_NG_QS,0055,OK,NG_QS,QS,True,5,5,"C1,C2,C3,C4,C5",,,True,True,True,True,True,True,True,True,True,True,True,True,True,True,True
plastic_nut::plastic_nut_0055_NG_ZW,plastic_nut,test,plastic_nut_0055_NG_ZW,0055,OK,NG_ZW,ZW,True,5,5,"C1,C2,C3,C4,C5",,,True,True,True,True,True,True,True,True,True,True,True,True,True,True,True
plastic_nut::plastic_nut_0055_OK,plastic_nut,train,plastic_nut_0055_OK,0055,OK,OK,OK,True,5,5,"C1,C2,C3,C4,C5",,,True,True,True,True,True,True,True,True,True,True,True,True,True,True,True
plastic_nut::plastic_nut_0056_NG_AK,plastic_nut,test,plastic_nut_0056_NG_AK,0056,OK,NG_AK,OK,False,5,5,"C1,C2,C3,C4,C5",,,True,True,True,True,True,True,True,True,True,True,True,True,True,True,True
plastic_nut::plastic_nut_0056_NG_HS,plastic_nut,test,plastic_nut_0056_NG_HS,0056,OK,NG_HS,HS,True,5,5,"C1,C2,C3,C4,C5",,,True,True,True,True,True,True,True,True,True,True,True,True,True,True,True
plastic_nut::plastic_nut_0056_NG_QS,plastic_nut,test,plastic_nut_0056_NG_QS,0056,OK,NG_QS,OK,False,5,5,"C1,C2,C3,C4,C5",,,True,True,True,True,True,True,True,True,True,True,True,True,True,True,True
plastic_nut::plastic_nut_0056_NG_ZW,plastic_nut,test,plastic_nut_0056_NG_ZW,0056,OK,NG_ZW,OK,False,5,5,"C1,C2,C3,C4,C5",,,True,True,True,True,True,True,True,True,True,True,True,True,True,True,True
plastic_nut::plastic_nut_0056_OK,plastic_nut,test,plastic_nut_0056_OK,0056,OK,OK,OK,True,5,5,"C1,C2,C3,C4,C5",,,True,True,True,True,True,True,True,True,True,True,True,True,True,True,True
plastic_nut::plastic_nut_0057_NG_AK,plastic_nut,test,plastic_nut_0057_NG_AK,0057,OK,NG_AK,OK,False,5,5,"C1,C2,C3,C4,C5",,,True,True,True,True,True,True,True,True,True,True,True,True,True,True,True
plastic_nut::plastic_nut_0057_NG_HS,plastic_nut,test,plastic_nut_0057_NG_HS,0057,OK,NG_HS,OK,False,5,5,"C1,C2,C3,C4,C5",,,True,True,True,True,True,True,True,True,True,True,True,True,True,True,True
plastic_nut::plastic_nut_0057_NG_QS,plastic_nut,test,plastic_nut_0057_NG_QS,0057,OK,NG_QS,QS,True,5,5,"C1,C2,C3,C4,C5",,,True,True,True,True,True,True,True,True,True,True,True,True,True,True,True
plastic_nut::plastic_nut_0057_NG_ZW,plastic_nut,test,plastic_nut_0057_NG_ZW,0057,OK,NG_ZW,OK,False,5,5,"C1,C2,C3,C4,C5",,,True,True,True,True,True,True,True,True,True,True,True,True,True,True,True
plastic_nut::plastic_nut_0057_OK,plastic_nut,test,plastic_nut_0057_OK,0057,OK,OK,OK,True,5,5,"C1,C2,C3,C4,C5",,,True,True,True,True,True,True,True,True,True,True,True,True,True,True,True
plastic_nut::plastic_nut_0058_NG_AK,plastic_nut,test,plastic_nut_0058_NG_AK,0058,OK,NG_AK,OK,False,5,5,"C1,C2,C3,C4,C5",,,True,True,True,True,True,True,True,True,True,True,True,True,True,True,True
plastic_nut::plastic_nut_0058_NG_HS,plastic_nut,test,plastic_nut_0058_NG_HS,0058,OK,NG_HS,HS,True,5,5,"C1,C2,C3,C4,C5",,,True,True,True,True,True,True,True,True,True,True,True,True,True,True,True
plastic_nut::plastic_nut_0058_NG_QS,plastic_nut,test,plastic_nut_0058_NG_QS,0058,OK,NG_QS,OK,False,5,5,"C1,C2,C3,C4,C5",,,True,True,True,True,True,True,True,True,True,True,True,True,True,True,True
plastic_nut::plastic_nut_0058_NG_ZW,plastic_nut,test,plastic_nut_0058_NG_ZW,0058,OK,NG_ZW,ZW,False,5,5,"C1,C2,C3,C4,C5",,,True,True,True,True,True,True,True,True,True,True,True,True,True,True,True
plastic_nut::plastic_nut_0058_OK,plastic_nut,train,plastic_nut_0058_OK,0058,OK,OK,OK,True,5,5,"C1,C2,C3,C4,C5",,,True,True,True,True,True,True,True,True,True,True,True,True,True,True,True
plastic_nut::plastic_nut_0059_NG_AK,plastic_nut,test,plastic_nut_0059_NG_AK,0059,OK,NG_AK,OK,False,5,5,"C1,C2,C3,C4,C5",,,True,True,True,True,True,True,True,True,True,True,True,True,True,True,True
plastic_nut::plastic_nut_0059_NG_HS,plastic_nut,test,plastic_nut_0059_NG_HS,0059,OK,NG_HS,OK,False,5,5,"C1,C2,C3,C4,C5",,,True,True,True,True,True,True,True,True,True,True,True,True,True,True,True
plastic_nut::plastic_nut_0059_NG_QS,plastic_nut,test,plastic_nut_0059_NG_QS,0059,OK,NG_QS,OK,False,5,5,"C1,C2,C3,C4,C5",,,True,True,True,True,True,True,True,True,True,True,True,True,True,True,True
plastic_nut::plastic_nut_0059_NG_ZW,plastic_nut,test,plastic_nut_0059_NG_ZW,0059,OK,NG_ZW,OK,False,5,5,"C1,C2,C3,C4,C5",,,True,True,True,True,True,True,True,True,True,True,True,True,True,True,True
plastic_nut::plastic_nut_0059_OK,plastic_nut,test,plastic_nut_0059_OK,0059,OK,OK,OK,True,5,5,"C1,C2,C3,C4,C5",,,True,True,True,True,True,True,True,True,True,True,True,True,True,True,True
plastic_nut::plastic_nut_0060_NG_AK,plastic_nut,test,plastic_nut_0060_NG_AK,0060,OK,NG_AK,OK,False,5,5,"C1,C2,C3,C4,C5",,,True,True,True,True,True,True,True,True,True,True,True,True,True,True,True
plastic_nut::plastic_nut_0060_NG_HS,plastic_nut,test,plastic_nut_0060_NG_HS,0060,OK,NG_HS,OK,False,5,5,"C1,C2,C3,C4,C5",,,True,True,True,True,True,True,True,True,True,True,True,True,True,True,True
plastic_nut::plastic_nut_0060_NG_QS,plastic_nut,test,plastic_nut_0060_NG_QS,0060,OK,NG_QS,OK,False,5,5,"C1,C2,C3,C4,C5",,,True,True,True,True,True,True,True,True,True,True,True,True,True,True,True
plastic_nut::plastic_nut_0060_NG_ZW,plastic_nut,test,plastic_nut_0060_NG_ZW,0060,OK,NG_ZW,OK,False,5,5,"C1,C2,C3,C4,C5",,,True,True,True,True,True,True,True,True,True,True,True,True,True,True,True
plastic_nut::plastic_nut_0060_OK,plastic_nut,test,plastic_nut_0060_OK,0060,OK,OK,OK,True,5,5,"C1,C2,C3,C4,C5",,,True,True,True,True,True,True,True,True,True,True,True,True,True,True,True
plastic_nut::plastic_nut_0061_NG_AK,plastic_nut,test,plastic_nut_0061_NG_AK,0061,OK,NG_AK,OK,False,5,5,"C1,C2,C3,C4,C5",,,True,True,True,True,True,True,True,True,True,True,True,True,True,True,True
plastic_nut::plastic_nut_0061_NG_HS,plastic_nut,test,plastic_nut_0061_NG_HS,0061,OK,NG_HS,OK,False,5,5,"C1,C2,C3,C4,C5",,,True,True,True,True,True,True,True,True,True,True,True,True,True,True,True
plastic_nut::plastic_nut_0061_NG_QS,plastic_nut,test,plastic_nut_0061_NG_QS,0061,OK,NG_QS,QS,True,5,5,"C1,C2,C3,C4,C5",,,True,True,True,True,True,True,True,True,True,True,True,True,True,True,True
plastic_nut::plastic_nut_0061_NG_ZW,plastic_nut,test,plastic_nut_0061_NG_ZW,0061,OK,NG_ZW,OK,False,5,5,"C1,C2,C3,C4,C5",,,True,True,True,True,True,True,True,True,True,True,True,True,True,True,True
plastic_nut::plastic_nut_0061_OK,plastic_nut,train,plastic_nut_0061_OK,0061,OK,OK,OK,True,5,5,"C1,C2,C3,C4,C5",,,True,True,True,True,True,True,True,True,True,True,True,True,True,True,True
plastic_nut::plastic_nut_0062_NG_AK,plastic_nut,test,plastic_nut_0062_NG_AK,0062,OK,NG_AK,OK,False,5,5,"C1,C2,C3,C4,C5",,,True,True,True,True,True,True,True,True,True,True,True,True,True,True,True
plastic_nut::plastic_nut_0062_NG_HS,plastic_nut,test,plastic_nut_0062_NG_HS,0062,OK,NG_HS,OK,False,5,5,"C1,C2,C3,C4,C5",,,True,True,True,True,True,True,True,True,True,True,True,True,True,True,True
plastic_nut::plastic_nut_0062_NG_QS,plastic_nut,test,plastic_nut_0062_NG_QS,0062,OK,NG_QS,OK,False,5,5,"C1,C2,C3,C4,C5",,,True,True,True,True,True,True,True,True,True,True,True,True,True,True,True
plastic_nut::plastic_nut_0062_NG_ZW,plastic_nut,test,plastic_nut_0062_NG_ZW,0062,OK,NG_ZW,OK,False,5,5,"C1,C2,C3,C4,C5",,,True,True,True,True,True,True,True,True,True,True,True,True,True,True,True
plastic_nut::plastic_nut_0062_OK,plastic_nut,test,plastic_nut_0062_OK,0062,OK,OK,OK,True,5,5,"C1,C2,C3,C4,C5",,,True,True,True,True,True,True,True,True,True,True,True,True,True,True,True
plastic_nut::plastic_nut_0063_NG_AK,plastic_nut,test,plastic_nut_0063_NG_AK,0063,OK,NG_AK,OK,False,5,5,"C1,C2,C3,C4,C5",,,True,True,True,True,True,True,True,True,True,True,True,True,True,True,True
plastic_nut::plastic_nut_0063_NG_HS,plastic_nut,test,plastic_nut_0063_NG_HS,0063,OK,NG_HS,OK,False,5,5,"C1,C2,C3,C4,C5",,,True,True,True,True,True,True,True,True,True,True,True,True,True,True,True
plastic_nut::plastic_nut_0063_NG_QS,plastic_nut,test,plastic_nut_0063_NG_QS,0063,OK,NG_QS,OK,False,5,5,"C1,C2,C3,C4,C5",,,True,True,True,True,True,True,True,True,True,True,True,True,True,True,True
plastic_nut::plastic_nut_0063_NG_ZW,plastic_nut,test,plastic_nut_0063_NG_ZW,0063,OK,NG_ZW,OK,False,5,5,"C1,C2,C3,C4,C5",,,True,True,True,True,True,True,True,True,True,True,True,True,True,True,True
plastic_nut::plastic_nut_0063_OK,plastic_nut,test,plastic_nut_0063_OK,0063,OK,OK,OK,True,5,5,"C1,C2,C3,C4,C5",,,True,True,True,True,True,True,True,True,True,True,True,True,True,True,True
plastic_nut::plastic_nut_0064_NG_AK,plastic_nut,test,plastic_nut_0064_NG_AK,0064,OK,NG_AK,OK,False,5,5,"C1,C2,C3,C4,C5",,,True,True,True,True,True,True,True,True,True,True,True,True,True,True,True
plastic_nut::plastic_nut_0064_NG_HS,plastic_nut,test,plastic_nut_0064_NG_HS,0064,OK,NG_HS,OK,False,5,5,"C1,C2,C3,C4,C5",,,True,True,True,True,True,True,True,True,True,True,True,True,True,True,True
plastic_nut::plastic_nut_0064_NG_QS,plastic_nut,test,plastic_nut_0064_NG_QS,0064,OK,NG_QS,QS,True,5,5,"C1,C2,C3,C4,C5",,,True,True,True,True,True,True,True,True,True,True,True,True,True,True,True
plastic_nut::plastic_nut_0064_NG_ZW,plastic_nut,test,plastic_nut_0064_NG_ZW,0064,OK,NG_ZW,OK,False,5,5,"C1,C2,C3,C4,C5",,,True,True,True,True,True,True,True,True,True,True,True,True,True,True,True
plastic_nut::plastic_nut_0064_OK,plastic_nut,test,plastic_nut_0064_OK,0064,OK,OK,OK,True,5,5,"C1,C2,C3,C4,C5",,,True,True,True,True,True,True,True,True,True,True,True,True,True,True,True
plastic_nut::plastic_nut_0065_NG_AK,plastic_nut,test,plastic_nut_0065_NG_AK,0065,OK,NG_AK,OK,False,5,5,"C1,C2,C3,C4,C5",,,True,True,True,True,True,True,True,True,True,True,True,True,True,True,True
plastic_nut::plastic_nut_0065_NG_HS,plastic_nut,test,plastic_nut_0065_NG_HS,0065,OK,NG_HS,OK,False,5,5,"C1,C2,C3,C4,C5",,,True,True,True,True,True,True,True,True,True,True,True,True,True,True,True
plastic_nut::plastic_nut_0065_NG_QS,plastic_nut,test,plastic_nut_0065_NG_QS,0065,OK,NG_QS,QS,False,5,5,"C1,C2,C3,C4,C5",,,True,True,True,True,True,True,True,True,True,True,True,True,True,True,True
plastic_nut::plastic_nut_0065_NG_ZW,plastic_nut,test,plastic_nut_0065_NG_ZW,0065,OK,NG_ZW,ZW,False,5,5,"C1,C2,C3,C4,C5",,,True,True,True,True,True,True,True,True,True,True,True,True,True,True,True
plastic_nut::plastic_nut_0065_OK,plastic_nut,test,plastic_nut_0065_OK,0065,OK,OK,OK,True,5,5,"C1,C2,C3,C4,C5",,,True,True,True,True,True,True,True,True,True,True,True,True,True,True,True
plastic_nut::plastic_nut_0066_NG_AK,plastic_nut,test,plastic_nut_0066_NG_AK,0066,OK,NG_AK,OK,False,5,5,"C1,C2,C3,C4,C5",,,True,True,True,True,True,True,True,True,True,True,True,True,True,True,True
plastic_nut::plastic_nut_0066_NG_HS,plastic_nut,test,plastic_nut_0066_NG_HS,0066,OK,NG_HS,OK,False,5,5,"C1,C2,C3,C4,C5",,,True,True,True,True,True,True,True,True,True,True,True,True,True,True,True
plastic_nut::plastic_nut_0066_NG_QS,plastic_nut,test,plastic_nut_0066_NG_QS,0066,OK,NG_QS,OK,False,5,5,"C1,C2,C3,C4,C5",,,True,True,True,True,True,True,True,True,True,True,True,True,True,True,True
plastic_nut::plastic_nut_0066_NG_ZW,plastic_nut,test,plastic_nut_0066_NG_ZW,0066,OK,NG_ZW,OK,False,5,5,"C1,C2,C3,C4,C5",,,True,True,True,True,True,True,True,True,True,True,True,True,True,True,True
plastic_nut::plastic_nut_0066_OK,plastic_nut,test,plastic_nut_0066_OK,0066,OK,OK,OK,True,5,5,"C1,C2,C3,C4,C5",,,True,True,True,True,True,True,True,True,True,True,True,True,True,True,True
plastic_nut::plastic_nut_0067_NG_AK,plastic_nut,test,plastic_nut_0067_NG_AK,0067,OK,NG_AK,OK,False,5,5,"C1,C2,C3,C4,C5",,,True,True,True,True,True,True,True,True,True,True,True,True,True,True,True
plastic_nut::plastic_nut_0067_NG_HS,plastic_nut,test,plastic_nut_0067_NG_HS,0067,OK,NG_HS,OK,False,5,5,"C1,C2,C3,C4,C5",,,True,True,True,True,True,True,True,True,True,True,True,True,True,True,True
plastic_nut::plastic_nut_0067_NG_QS,plastic_nut,test,plastic_nut_0067_NG_QS,0067,OK,NG_QS,QS,True,5,5,"C1,C2,C3,C4,C5",,,True,True,True,True,True,True,True,True,True,True,True,True,True,True,True
plastic_nut::plastic_nut_0067_NG_ZW,plastic_nut,test,plastic_nut_0067_NG_ZW,0067,OK,NG_ZW,OK,False,5,5,"C1,C2,C3,C4,C5",,,True,True,True,True,True,True,True,True,True,True,True,True,True,True,True
plastic_nut::plastic_nut_0067_OK,plastic_nut,train,plastic_nut_0067_OK,0067,OK,OK,OK,True,5,5,"C1,C2,C3,C4,C5",,,True,True,True,True,True,True,True,True,True,True,True,True,True,True,True
plastic_nut::plastic_nut_0068_NG_AK,plastic_nut,test,plastic_nut_0068_NG_AK,0068,OK,NG_AK,OK,False,5,5,"C1,C2,C3,C4,C5",,,True,True,True,True,True,True,True,True,True,True,True,True,True,True,True
plastic_nut::plastic_nut_0068_NG_HS,plastic_nut,test,plastic_nut_0068_NG_HS,0068,OK,NG_HS,OK,False,5,5,"C1,C2,C3,C4,C5",,,True,True,True,True,True,True,True,True,True,True,True,True,True,True,True
plastic_nut::plastic_nut_0068_NG_QS,plastic_nut,test,plastic_nut_0068_NG_QS,0068,OK,NG_QS,OK,False,5,5,"C1,C2,C3,C4,C5",,,True,True,True,True,True,True,True,True,True,True,True,True,True,True,True
plastic_nut::plastic_nut_0068_NG_ZW,plastic_nut,test,plastic_nut_0068_NG_ZW,0068,OK,NG_ZW,OK,False,5,5,"C1,C2,C3,C4,C5",,,True,True,True,True,True,True,True,True,True,True,True,True,True,True,True
plastic_nut::plastic_nut_0068_OK,plastic_nut,train,plastic_nut_0068_OK,0068,OK,OK,OK,True,5,5,"C1,C2,C3,C4,C5",,,True,True,True,True,True,True,True,True,True,True,True,True,True,True,True
plastic_nut::plastic_nut_0069_NG_AK,plastic_nut,test,plastic_nut_0069_NG_AK,0069,OK,NG_AK,AK,True,5,5,"C1,C2,C3,C4,C5",,,True,True,True,True,True,True,True,True,True,True,True,True,True,True,True
plastic_nut::plastic_nut_0069_NG_HS,plastic_nut,test,plastic_nut_0069_NG_HS,0069,OK,NG_HS,OK,False,5,5,"C1,C2,C3,C4,C5",,,True,True,True,True,True,True,True,True,True,True,True,True,True,True,True
plastic_nut::plastic_nut_0069_NG_QS,plastic_nut,test,plastic_nut_0069_NG_QS,0069,OK,NG_QS,OK,False,5,5,"C1,C2,C3,C4,C5",,,True,True,True,True,True,True,True,True,True,True,True,True,True,True,True
plastic_nut::plastic_nut_0069_NG_ZW,plastic_nut,test,plastic_nut_0069_NG_ZW,0069,OK,NG_ZW,ZW,True,5,5,"C1,C2,C3,C4,C5",,,True,True,True,True,True,True,True,True,True,True,True,True,True,True,True
plastic_nut::plastic_nut_0069_OK,plastic_nut,train,plastic_nut_0069_OK,0069,OK,OK,OK,True,5,5,"C1,C2,C3,C4,C5",,,True,True,True,True,True,True,True,True,True,True,True,True,True,True,True
plastic_nut::plastic_nut_0070_NG_AK,plastic_nut,test,plastic_nut_0070_NG_AK,0070,OK,NG_AK,OK,False,5,5,"C1,C2,C3,C4,C5",,,True,True,True,True,True,True,True,True,True,True,True,True,True,True,True
plastic_nut::plastic_nut_0070_NG_HS,plastic_nut,test,plastic_nut_0070_NG_HS,0070,OK,NG_HS,OK,False,5,5,"C1,C2,C3,C4,C5",,,True,True,True,True,True,True,True,True,True,True,True,True,True,True,True
plastic_nut::plastic_nut_0070_NG_QS,plastic_nut,test,plastic_nut_0070_NG_QS,0070,OK,NG_QS,OK,False,5,5,"C1,C2,C3,C4,C5",,,True,True,True,True,True,True,True,True,True,True,True,True,True,True,True
plastic_nut::plastic_nut_0070_NG_ZW,plastic_nut,test,plastic_nut_0070_NG_ZW,0070,OK,NG_ZW,ZW,True,5,5,"C1,C2,C3,C4,C5",,,True,True,True,True,True,True,True,True,True,True,True,True,True,True,True
plastic_nut::plastic_nut_0070_OK,plastic_nut,test,plastic_nut_0070_OK,0070,OK,OK,OK,True,5,5,"C1,C2,C3,C4,C5",,,True,True,True,True,True,True,True,True,True,True,True,True,True,True,True
plastic_nut::plastic_nut_0071_NG_AK,plastic_nut,test,plastic_nut_0071_NG_AK,0071,OK,NG_AK,OK,False,5,5,"C1,C2,C3,C4,C5",,,True,True,True,True,True,True,True,True,True,True,True,True,True,True,True
plastic_nut::plastic_nut_0071_NG_HS,plastic_nut,test,plastic_nut_0071_NG_HS,0071,OK,NG_HS,HS,True,5,5,"C1,C2,C3,C4,C5",,,True,True,True,True,True,True,True,True,True,True,True,True,True,True,True
plastic_nut::plastic_nut_0071_NG_QS,plastic_nut,test,plastic_nut_0071_NG_QS,0071,OK,NG_QS,QS,True,5,5,"C1,C2,C3,C4,C5",,,True,True,True,True,True,True,True,True,True,True,True,True,True,True,True
plastic_nut::plastic_nut_0071_NG_ZW,plastic_nut,test,plastic_nut_0071_NG_ZW,0071,OK,NG_ZW,OK,False,5,5,"C1,C2,C3,C4,C5",,,True,True,True,True,True,True,True,True,True,True,True,True,True,True,True
plastic_nut::plastic_nut_0071_OK,plastic_nut,test,plastic_nut_0071_OK,0071,OK,OK,OK,True,5,5,"C1,C2,C3,C4,C5",,,True,True,True,True,True,True,True,True,True,True,True,True,True,True,True
plastic_nut::plastic_nut_0072_NG_AK,plastic_nut,test,plastic_nut_0072_NG_AK,0072,OK,NG_AK,OK,False,5,5,"C1,C2,C3,C4,C5",,,True,True,True,True,True,True,True,True,True,True,True,True,True,True,True
plastic_nut::plastic_nut_0072_NG_HS,plastic_nut,test,plastic_nut_0072_NG_HS,0072,OK,NG_HS,OK,False,5,5,"C1,C2,C3,C4,C5",,,True,True,True,True,True,True,True,True,True,True,True,True,True,True,True
plastic_nut::plastic_nut_0072_NG_QS,plastic_nut,test,plastic_nut_0072_NG_QS,0072,OK,NG_QS,OK,False,5,5,"C1,C2,C3,C4,C5",,,True,True,True,True,True,True,True,True,True,True,True,True,True,True,True
plastic_nut::plastic_nut_0072_NG_ZW,plastic_nut,test,plastic_nut_0072_NG_ZW,0072,OK,NG_ZW,OK,False,5,5,"C1,C2,C3,C4,C5",,,True,True,True,True,True,True,True,True,True,True,True,True,True,True,True
plastic_nut::plastic_nut_0072_OK,plastic_nut,test,plastic_nut_0072_OK,0072,OK,OK,OK,True,5,5,"C1,C2,C3,C4,C5",,,True,True,True,True,True,True,True,True,True,True,True,True,True,True,True
plastic_nut::plastic_nut_0073_NG_AK,plastic_nut,test,plastic_nut_0073_NG_AK,0073,OK,NG_AK,OK,False,5,5,"C1,C2,C3,C4,C5",,,True,True,True,True,True,True,True,True,True,True,True,True,True,True,True
plastic_nut::plastic_nut_0073_NG_HS,plastic_nut,test,plastic_nut_0073_NG_HS,0073,OK,NG_HS,OK,False,5,5,"C1,C2,C3,C4,C5",,,True,True,True,True,True,True,True,True,True,True,True,True,True,True,True
plastic_nut::plastic_nut_0073_NG_QS,plastic_nut,test,plastic_nut_0073_NG_QS,0073,OK,NG_QS,QS,True,5,5,"C1,C2,C3,C4,C5",,,True,True,True,True,True,True,True,True,True,True,True,True,True,True,True
plastic_nut::plastic_nut_0073_NG_ZW,plastic_nut,test,plastic_nut_0073_NG_ZW,0073,OK,NG_ZW,OK,False,5,5,"C1,C2,C3,C4,C5",,,True,True,True,True,True,True,True,True,True,True,True,True,True,True,True
plastic_nut::plastic_nut_0073_OK,plastic_nut,test,plastic_nut_0073_OK,0073,OK,OK,OK,True,5,5,"C1,C2,C3,C4,C5",,,True,True,True,True,True,True,True,True,True,True,True,True,True,True,True
plastic_nut::plastic_nut_0074_NG_AK,plastic_nut,test,plastic_nut_0074_NG_AK,0074,OK,NG_AK,OK,False,5,5,"C1,C2,C3,C4,C5",,,True,True,True,True,True,True,True,True,True,True,True,True,True,True,True
plastic_nut::plastic_nut_0074_NG_HS,plastic_nut,test,plastic_nut_0074_NG_HS,0074,OK,NG_HS,OK,False,5,5,"C1,C2,C3,C4,C5",,,True,True,True,True,True,True,True,True,True,True,True,True,True,True,True
plastic_nut::plastic_nut_0074_NG_QS,plastic_nut,test,plastic_nut_0074_NG_QS,0074,OK,NG_QS,OK,False,5,5,"C1,C2,C3,C4,C5",,,True,True,True,True,True,True,True,True,True,True,True,True,True,True,True
plastic_nut::plastic_nut_0074_NG_ZW,plastic_nut,test,plastic_nut_0074_NG_ZW,0074,OK,NG_ZW,OK,False,5,5,"C1,C2,C3,C4,C5",,,True,True,True,True,True,True,True,True,True,True,True,True,True,True,True
plastic_nut::plastic_nut_0074_OK,plastic_nut,test,plastic_nut_0074_OK,0074,OK,OK,OK,True,5,5,"C1,C2,C3,C4,C5",,,True,True,True,True,True,True,True,True,True,True,True,True,True,True,True
plastic_nut::plastic_nut_0075_NG_AK,plastic_nut,test,plastic_nut_0075_NG_AK,0075,OK,NG_AK,OK,False,5,5,"C1,C2,C3,C4,C5",,,True,True,True,True,True,True,True,True,True,True,True,True,True,True,True
plastic_nut::plastic_nut_0075_NG_HS,plastic_nut,test,plastic_nut_0075_NG_HS,0075,OK,NG_HS,OK,False,5,5,"C1,C2,C3,C4,C5",,,True,True,True,True,True,True,True,True,True,True,True,True,True,True,True
plastic_nut::plastic_nut_0075_NG_QS,plastic_nut,test,plastic_nut_0075_NG_QS,0075,OK,NG_QS,OK,False,5,5,"C1,C2,C3,C4,C5",,,True,True,True,True,True,True,True,True,True,True,True,True,True,True,True
plastic_nut::plastic_nut_0075_NG_ZW,plastic_nut,test,plastic_nut_0075_NG_ZW,0075,OK,NG_ZW,ZW,True,5,5,"C1,C2,C3,C4,C5",,,True,True,True,True,True,True,True,True,True,True,True,True,True,True,True
plastic_nut::plastic_nut_0075_OK,plastic_nut,test,plastic_nut_0075_OK,0075,OK,OK,OK,True,5,5,"C1,C2,C3,C4,C5",,,True,True,True,True,True,True,True,True,True,True,True,True,True,True,True
plastic_nut::plastic_nut_0076_NG_AK,plastic_nut,test,plastic_nut_0076_NG_AK,0076,OK,NG_AK,OK,False,5,5,"C1,C2,C3,C4,C5",,,True,True,True,True,True,True,True,True,True,True,True,True,True,True,True
plastic_nut::plastic_nut_0076_NG_HS,plastic_nut,test,plastic_nut_0076_NG_HS,0076,OK,NG_HS,OK,False,5,5,"C1,C2,C3,C4,C5",,,True,True,True,True,True,True,True,True,True,True,True,True,True,True,True
plastic_nut::plastic_nut_0076_NG_QS,plastic_nut,test,plastic_nut_0076_NG_QS,0076,OK,NG_QS,QS,True,5,5,"C1,C2,C3,C4,C5",,,True,True,True,True,True,True,True,True,True,True,True,True,True,True,True
plastic_nut::plastic_nut_0076_NG_ZW,plastic_nut,test,plastic_nut_0076_NG_ZW,0076,OK,NG_ZW,OK,False,5,5,"C1,C2,C3,C4,C5",,,True,True,True,True,True,True,True,True,True,True,True,True,True,True,True
plastic_nut::plastic_nut_0076_OK,plastic_nut,train,plastic_nut_0076_OK,0076,OK,OK,OK,True,5,5,"C1,C2,C3,C4,C5",,,True,True,True,True,True,True,True,True,True,True,True,True,True,True,True
plastic_nut::plastic_nut_0077_NG_AK,plastic_nut,test,plastic_nut_0077_NG_AK,0077,OK,NG_AK,OK,False,5,5,"C1,C2,C3,C4,C5",,,True,True,True,True,True,True,True,True,True,True,True,True,True,True,True
plastic_nut::plastic_nut_0077_NG_HS,plastic_nut,test,plastic_nut_0077_NG_HS,0077,OK,NG_HS,OK,False,5,5,"C1,C2,C3,C4,C5",,,True,True,True,True,True,True,True,True,True,True,True,True,True,True,True
plastic_nut::plastic_nut_0077_NG_QS,plastic_nut,test,plastic_nut_0077_NG_QS,0077,OK,NG_QS,QS,True,5,5,"C1,C2,C3,C4,C5",,,True,True,True,True,True,True,True,True,True,True,True,True,True,True,True
plastic_nut::plastic_nut_0077_NG_ZW,plastic_nut,test,plastic_nut_0077_NG_ZW,0077,OK,NG_ZW,OK,False,5,5,"C1,C2,C3,C4,C5",,,True,True,True,True,True,True,True,True,True,True,True,True,True,True,True
plastic_nut::plastic_nut_0077_OK,plastic_nut,train,plastic_nut_0077_OK,0077,OK,OK,OK,True,5,5,"C1,C2,C3,C4,C5",,,True,True,True,True,True,True,True,True,True,True,True,True,True,True,True
plastic_nut::plastic_nut_0078_NG_AK,plastic_nut,test,plastic_nut_0078_NG_AK,0078,OK,NG_AK,OK,False,5,5,"C1,C2,C3,C4,C5",,,True,True,True,True,True,True,True,True,True,True,True,True,True,True,True
plastic_nut::plastic_nut_0078_NG_HS,plastic_nut,test,plastic_nut_0078_NG_HS,0078,OK,NG_HS,OK,False,5,5,"C1,C2,C3,C4,C5",,,True,True,True,True,True,True,True,True,True,True,True,True,True,True,True
plastic_nut::plastic_nut_0078_NG_QS,plastic_nut,test,plastic_nut_0078_NG_QS,0078,OK,NG_QS,OK,False,5,5,"C1,C2,C3,C4,C5",,,True,True,True,True,True,True,True,True,True,True,True,True,True,True,True
plastic_nut::plastic_nut_0078_NG_ZW,plastic_nut,test,plastic_nut_0078_NG_ZW,0078,OK,NG_ZW,ZW,False,5,5,"C1,C2,C3,C4,C5",,,True,True,True,True,True,True,True,True,True,True,True,True,True,True,True
plastic_nut::plastic_nut_0078_OK,plastic_nut,train,plastic_nut_0078_OK,0078,OK,OK,OK,True,5,5,"C1,C2,C3,C4,C5",,,True,True,True,True,True,True,True,True,True,True,True,True,True,True,True
plastic_nut::plastic_nut_0079_NG_AK,plastic_nut,test,plastic_nut_0079_NG_AK,0079,OK,NG_AK,OK,False,5,5,"C1,C2,C3,C4,C5",,,True,True,True,True,True,True,True,True,True,True,True,True,True,True,True
plastic_nut::plastic_nut_0079_NG_HS,plastic_nut,test,plastic_nut_0079_NG_HS,0079,OK,NG_HS,OK,False,5,5,"C1,C2,C3,C4,C5",,,True,True,True,True,True,True,True,True,True,True,True,True,True,True,True
plastic_nut::plastic_nut_0079_NG_QS,plastic_nut,test,plastic_nut_0079_NG_QS,0079,OK,NG_QS,OK,False,5,5,"C1,C2,C3,C4,C5",,,True,True,True,True,True,True,True,True,True,True,True,True,True,True,True
plastic_nut::plastic_nut_0079_NG_ZW,plastic_nut,test,plastic_nut_0079_NG_ZW,0079,OK,NG_ZW,OK,False,5,5,"C1,C2,C3,C4,C5",,,True,True,True,True,True,True,True,True,True,True,True,True,True,True,True
plastic_nut::plastic_nut_0079_OK,plastic_nut,test,plastic_nut_0079_OK,0079,OK,OK,OK,True,5,5,"C1,C2,C3,C4,C5",,,True,True,True,True,True,True,True,True,True,True,True,True,True,True,True
plastic_nut::plastic_nut_0080_NG_AK,plastic_nut,test,plastic_nut_0080_NG_AK,0080,OK,NG_AK,OK,False,5,5,"C1,C2,C3,C4,C5",,,True,True,True,True,True,True,True,True,True,True,True,True,True,True,True
plastic_nut::plastic_nut_0080_NG_HS,plastic_nut,test,plastic_nut_0080_NG_HS,0080,OK,NG_HS,OK,False,5,5,"C1,C2,C3,C4,C5",,,True,True,True,True,True,True,True,True,True,True,True,True,True,True,True
plastic_nut::plastic_nut_0080_NG_QS,plastic_nut,test,plastic_nut_0080_NG_QS,0080,OK,NG_QS,OK,False,5,5,"C1,C2,C3,C4,C5",,,True,True,True,True,True,True,True,True,True,True,True,True,True,True,True
plastic_nut::plastic_nut_0080_NG_ZW,plastic_nut,test,plastic_nut_0080_NG_ZW,0080,OK,NG_ZW,OK,False,5,5,"C1,C2,C3,C4,C5",,,True,True,True,True,True,True,True,True,True,True,True,True,True,True,True
plastic_nut::plastic_nut_0080_OK,plastic_nut,train,plastic_nut_0080_OK,0080,OK,OK,OK,True,5,5,"C1,C2,C3,C4,C5",,,True,True,True,True,True,True,True,True,True,True,True,True,True,True,True
plastic_nut::plastic_nut_0081_NG_AK,plastic_nut,test,plastic_nut_0081_NG_AK,0081,OK,NG_AK,OK,False,5,5,"C1,C2,C3,C4,C5",,,True,True,True,True,True,True,True,True,True,True,True,True,True,True,True
plastic_nut::plastic_nut_0081_NG_HS,plastic_nut,test,plastic_nut_0081_NG_HS,0081,OK,NG_HS,OK,False,5,5,"C1,C2,C3,C4,C5",,,True,True,True,True,True,True,True,True,True,True,True,True,True,True,True
plastic_nut::plastic_nut_0081_NG_QS,plastic_nut,test,plastic_nut_0081_NG_QS,0081,OK,NG_QS,QS,True,5,5,"C1,C2,C3,C4,C5",,,True,True,True,True,True,True,True,True,True,True,True,True,True,True,True
plastic_nut::plastic_nut_0081_NG_ZW,plastic_nut,test,plastic_nut_0081_NG_ZW,0081,OK,NG_ZW,OK,False,5,5,"C1,C2,C3,C4,C5",,,True,True,True,True,True,True,True,True,True,True,True,True,True,True,True
plastic_nut::plastic_nut_0081_OK,plastic_nut,test,plastic_nut_0081_OK,0081,OK,OK,OK,True,5,5,"C1,C2,C3,C4,C5",,,True,True,True,True,True,True,True,True,True,True,True,True,True,True,True
plastic_nut::plastic_nut_0082_NG_AK,plastic_nut,test,plastic_nut_0082_NG_AK,0082,OK,NG_AK,OK,False,5,5,"C1,C2,C3,C4,C5",,,True,True,True,True,True,True,True,True,True,True,True,True,True,True,True
plastic_nut::plastic_nut_0082_NG_HS,plastic_nut,test,plastic_nut_0082_NG_HS,0082,OK,NG_HS,OK,False,5,5,"C1,C2,C3,C4,C5",,,True,True,True,True,True,True,True,True,True,True,True,True,True,True,True
plastic_nut::plastic_nut_0082_NG_QS,plastic_nut,test,plastic_nut_0082_NG_QS,0082,OK,NG_QS,OK,False,5,5,"C1,C2,C3,C4,C5",,,True,True,True,True,True,True,True,True,True,True,True,True,True,True,True
plastic_nut::plastic_nut_0082_NG_ZW,plastic_nut,test,plastic_nut_0082_NG_ZW,0082,OK,NG_ZW,ZW,True,5,5,"C1,C2,C3,C4,C5",,,True,True,True,True,True,True,True,True,True,True,True,True,True,True,True
plastic_nut::plastic_nut_0082_OK,plastic_nut,train,plastic_nut_0082_OK,0082,OK,OK,OK,True,5,5,"C1,C2,C3,C4,C5",,,True,True,True,True,True,True,True,True,True,True,True,True,True,True,True
plastic_nut::plastic_nut_0083_NG_AK,plastic_nut,test,plastic_nut_0083_NG_AK,0083,OK,NG_AK,OK,False,5,5,"C1,C2,C3,C4,C5",,,True,True,True,True,True,True,True,True,True,True,True,True,True,True,True
plastic_nut::plastic_nut_0083_NG_HS,plastic_nut,test,plastic_nut_0083_NG_HS,0083,OK,NG_HS,HS,True,5,5,"C1,C2,C3,C4,C5",,,True,True,True,True,True,True,True,True,True,True,True,True,True,True,True
plastic_nut::plastic_nut_0083_NG_QS,plastic_nut,test,plastic_nut_0083_NG_QS,0083,OK,NG_QS,QS,False,5,5,"C1,C2,C3,C4,C5",,,True,True,True,True,True,True,True,True,True,True,True,True,True,True,True
plastic_nut::plastic_nut_0083_NG_ZW,plastic_nut,test,plastic_nut_0083_NG_ZW,0083,OK,NG_ZW,OK,False,5,5,"C1,C2,C3,C4,C5",,,True,True,True,True,True,True,True,True,True,True,True,True,True,True,True
plastic_nut::plastic_nut_0083_OK,plastic_nut,train,plastic_nut_0083_OK,0083,OK,OK,OK,True,5,5,"C1,C2,C3,C4,C5",,,True,True,True,True,True,True,True,True,True,True,True,True,True,True,True
plastic_nut::plastic_nut_0084_NG_AK,plastic_nut,test,plastic_nut_0084_NG_AK,0084,OK,NG_AK,OK,False,5,5,"C1,C2,C3,C4,C5",,,True,True,True,True,True,True,True,True,True,True,True,True,True,True,True
plastic_nut::plastic_nut_0084_NG_HS,plastic_nut,test,plastic_nut_0084_NG_HS,0084,OK,NG_HS,OK,False,5,5,"C1,C2,C3,C4,C5",,,True,True,True,True,True,True,True,True,True,True,True,True,True,True,True
plastic_nut::plastic_nut_0084_NG_QS,plastic_nut,test,plastic_nut_0084_NG_QS,0084,OK,NG_QS,OK,False,5,5,"C1,C2,C3,C4,C5",,,True,True,True,True,True,True,True,True,True,True,True,True,True,True,True
plastic_nut::plastic_nut_0084_NG_ZW,plastic_nut,test,plastic_nut_0084_NG_ZW,0084,OK,NG_ZW,ZW,False,5,5,"C1,C2,C3,C4,C5",,,True,True,True,True,True,True,True,True,True,True,True,True,True,True,True
plastic_nut::plastic_nut_0084_OK,plastic_nut,train,plastic_nut_0084_OK,0084,OK,OK,OK,True,5,5,"C1,C2,C3,C4,C5",,,True,True,True,True,True,True,True,True,True,True,True,True,True,True,True
plastic_nut::plastic_nut_0085_NG_AK,plastic_nut,test,plastic_nut_0085_NG_AK,0085,OK,NG_AK,OK,False,5,5,"C1,C2,C3,C4,C5",,,True,True,True,True,True,True,True,True,True,True,True,True,True,True,True
plastic_nut::plastic_nut_0085_NG_HS,plastic_nut,test,plastic_nut_0085_NG_HS,0085,OK,NG_HS,HS,True,5,5,"C1,C2,C3,C4,C5",,,True,True,True,True,True,True,True,True,True,True,True,True,True,True,True
plastic_nut::plastic_nut_0085_NG_QS,plastic_nut,test,plastic_nut_0085_NG_QS,0085,OK,NG_QS,QS,True,5,5,"C1,C2,C3,C4,C5",,,True,True,True,True,True,True,True,True,True,True,True,True,True,True,True
plastic_nut::plastic_nut_0085_NG_ZW,plastic_nut,test,plastic_nut_0085_NG_ZW,0085,OK,NG_ZW,OK,False,5,5,"C1,C2,C3,C4,C5",,,True,True,True,True,True,True,True,True,True,True,True,True,True,True,True
plastic_nut::plastic_nut_0085_OK,plastic_nut,train,plastic_nut_0085_OK,0085,OK,OK,OK,True,5,5,"C1,C2,C3,C4,C5",,,True,True,True,True,True,True,True,True,True,True,True,True,True,True,True
plastic_nut::plastic_nut_0086_NG_AK,plastic_nut,test,plastic_nut_0086_NG_AK,0086,OK,NG_AK,OK,False,5,5,"C1,C2,C3,C4,C5",,,True,True,True,True,True,True,True,True,True,True,True,True,True,True,True
plastic_nut::plastic_nut_0086_NG_HS,plastic_nut,test,plastic_nut_0086_NG_HS,0086,OK,NG_HS,OK,False,5,5,"C1,C2,C3,C4,C5",,,True,True,True,True,True,True,True,True,True,True,True,True,True,True,True
plastic_nut::plastic_nut_0086_NG_QS,plastic_nut,test,plastic_nut_0086_NG_QS,0086,OK,NG_QS,OK,False,5,5,"C1,C2,C3,C4,C5",,,True,True,True,True,True,True,True,True,True,True,True,True,True,True,True
plastic_nut::plastic_nut_0086_NG_ZW,plastic_nut,test,plastic_nut_0086_NG_ZW,0086,OK,NG_ZW,ZW,False,5,5,"C1,C2,C3,C4,C5",,,True,True,True,True,True,True,True,True,True,True,True,True,True,True,True
plastic_nut::plastic_nut_0086_OK,plastic_nut,test,plastic_nut_0086_OK,0086,OK,OK,OK,True,5,5,"C1,C2,C3,C4,C5",,,True,True,True,True,True,True,True,True,True,True,True,True,True,True,True
plastic_nut::plastic_nut_0087_NG_AK,plastic_nut,test,plastic_nut_0087_NG_AK,0087,OK,NG_AK,OK,False,5,5,"C1,C2,C3,C4,C5",,,True,True,True,True,True,True,True,True,True,True,True,True,True,True,True
plastic_nut::plastic_nut_0087_NG_HS,plastic_nut,test,plastic_nut_0087_NG_HS,0087,OK,NG_HS,HS,True,5,5,"C1,C2,C3,C4,C5",,,True,True,True,True,True,True,True,True,True,True,True,True,True,True,True
plastic_nut::plastic_nut_0087_NG_QS,plastic_nut,test,plastic_nut_0087_NG_QS,0087,OK,NG_QS,QS,True,5,5,"C1,C2,C3,C4,C5",,,True,True,True,True,True,True,True,True,True,True,True,True,True,True,True
plastic_nut::plastic_nut_0087_NG_ZW,plastic_nut,test,plastic_nut_0087_NG_ZW,0087,OK,NG_ZW,ZW,True,5,5,"C1,C2,C3,C4,C5",,,True,True,True,True,True,True,True,True,True,True,True,True,True,True,True
plastic_nut::plastic_nut_0087_OK,plastic_nut,train,plastic_nut_0087_OK,0087,OK,OK,OK,True,5,5,"C1,C2,C3,C4,C5",,,True,True,True,True,True,True,True,True,True,True,True,True,True,True,True
plastic_nut::plastic_nut_0088_NG_AK,plastic_nut,test,plastic_nut_0088_NG_AK,0088,OK,NG_AK,OK,False,5,5,"C1,C2,C3,C4,C5",,,True,True,True,True,True,True,True,True,True,True,True,True,True,True,True
plastic_nut::plastic_nut_0088_NG_HS,plastic_nut,test,plastic_nut_0088_NG_HS,0088,OK,NG_HS,OK,False,5,5,"C1,C2,C3,C4,C5",,,True,True,True,True,True,True,True,True,True,True,True,True,True,True,True
plastic_nut::plastic_nut_0088_NG_QS,plastic_nut,test,plastic_nut_0088_NG_QS,0088,OK,NG_QS,QS,True,5,5,"C1,C2,C3,C4,C5",,,True,True,True,True,True,True,True,True,True,True,True,True,True,True,True
plastic_nut::plastic_nut_0088_NG_ZW,plastic_nut,test,plastic_nut_0088_NG_ZW,0088,OK,NG_ZW,OK,False,5,5,"C1,C2,C3,C4,C5",,,True,True,True,True,True,True,True,True,True,True,True,True,True,True,True
plastic_nut::plastic_nut_0088_OK,plastic_nut,test,plastic_nut_0088_OK,0088,OK,OK,OK,True,5,5,"C1,C2,C3,C4,C5",,,True,True,True,True,True,True,True,True,True,True,True,True,True,True,True
plastic_nut::plastic_nut_0089_NG_AK,plastic_nut,test,plastic_nut_0089_NG_AK,0089,OK,NG_AK,OK,False,5,5,"C1,C2,C3,C4,C5",,,True,True,True,True,True,True,True,True,True,True,True,True,True,True,True
plastic_nut::plastic_nut_0089_NG_HS,plastic_nut,test,plastic_nut_0089_NG_HS,0089,OK,NG_HS,OK,False,5,5,"C1,C2,C3,C4,C5",,,True,True,True,True,True,True,True,True,True,True,True,True,True,True,True
plastic_nut::plastic_nut_0089_NG_QS,plastic_nut,test,plastic_nut_0089_NG_QS,0089,OK,NG_QS,QS,True,5,5,"C1,C2,C3,C4,C5",,,True,True,True,True,True,True,True,True,True,True,True,True,True,True,True
plastic_nut::plastic_nut_0089_NG_ZW,plastic_nut,test,plastic_nut_0089_NG_ZW,0089,OK,NG_ZW,OK,False,5,5,"C1,C2,C3,C4,C5",,,True,True,True,True,True,True,True,True,True,True,True,True,True,True,True
plastic_nut::plastic_nut_0089_OK,plastic_nut,test,plastic_nut_0089_OK,0089,OK,OK,OK,True,5,5,"C1,C2,C3,C4,C5",,,True,True,True,True,True,True,True,True,True,True,True,True,True,True,True
plastic_nut::plastic_nut_0090_NG_AK,plastic_nut,test,plastic_nut_0090_NG_AK,0090,OK,NG_AK,OK,False,5,5,"C1,C2,C3,C4,C5",,,True,True,True,True,True,True,True,True,True,True,True,True,True,True,True
plastic_nut::plastic_nut_0090_NG_HS,plastic_nut,test,plastic_nut_0090_NG_HS,0090,OK,NG_HS,OK,False,5,5,"C1,C2,C3,C4,C5",,,True,True,True,True,True,True,True,True,True,True,True,True,True,True,True
plastic_nut::plastic_nut_0090_NG_QS,plastic_nut,test,plastic_nut_0090_NG_QS,0090,OK,NG_QS,OK,False,5,5,"C1,C2,C3,C4,C5",,,True,True,True,True,True,True,True,True,True,True,True,True,True,True,True
plastic_nut::plastic_nut_0090_NG_ZW,plastic_nut,test,plastic_nut_0090_NG_ZW,0090,OK,NG_ZW,OK,False,5,5,"C1,C2,C3,C4,C5",,,True,True,True,True,True,True,True,True,True,True,True,True,True,True,True
plastic_nut::plastic_nut_0090_OK,plastic_nut,train,plastic_nut_0090_OK,0090,OK,OK,OK,True,5,5,"C1,C2,C3,C4,C5",,,True,True,True,True,True,True,True,True,True,True,True,True,True,True,True
plastic_nut::plastic_nut_0091_NG_AK,plastic_nut,test,plastic_nut_0091_NG_AK,0091,OK,NG_AK,OK,False,5,5,"C1,C2,C3,C4,C5",,,True,True,True,True,True,True,True,True,True,True,True,True,True,True,True
plastic_nut::plastic_nut_0091_NG_HS,plastic_nut,test,plastic_nut_0091_NG_HS,0091,OK,NG_HS,OK,False,5,5,"C1,C2,C3,C4,C5",,,True,True,True,True,True,True,True,True,True,True,True,True,True,True,True
plastic_nut::plastic_nut_0091_NG_QS,plastic_nut,test,plastic_nut_0091_NG_QS,0091,OK,NG_QS,QS,True,5,5,"C1,C2,C3,C4,C5",,,True,True,True,True,True,True,True,True,True,True,True,True,True,True,True
plastic_nut::plastic_nut_0091_NG_ZW,plastic_nut,test,plastic_nut_0091_NG_ZW,0091,OK,NG_ZW,OK,False,5,5,"C1,C2,C3,C4,C5",,,True,True,True,True,True,True,True,True,True,True,True,True,True,True,True
plastic_nut::plastic_nut_0091_OK,plastic_nut,train,plastic_nut_0091_OK,0091,OK,OK,OK,True,5,5,"C1,C2,C3,C4,C5",,,True,True,True,True,True,True,True,True,True,True,True,True,True,True,True
plastic_nut::plastic_nut_0092_NG_AK,plastic_nut,test,plastic_nut_0092_NG_AK,0092,OK,NG_AK,OK,False,5,5,"C1,C2,C3,C4,C5",,,True,True,True,True,True,True,True,True,True,True,True,True,True,True,True
plastic_nut::plastic_nut_0092_NG_HS,plastic_nut,test,plastic_nut_0092_NG_HS,0092,OK,NG_HS,HS,False,5,5,"C1,C2,C3,C4,C5",,,True,True,True,True,True,True,True,True,True,True,True,True,True,True,True
plastic_nut::plastic_nut_0092_NG_QS,plastic_nut,test,plastic_nut_0092_NG_QS,0092,OK,NG_QS,OK,False,5,5,"C1,C2,C3,C4,C5",,,True,True,True,True,True,True,True,True,True,True,True,True,True,True,True
plastic_nut::plastic_nut_0092_NG_ZW,plastic_nut,test,plastic_nut_0092_NG_ZW,0092,OK,NG_ZW,OK,False,5,5,"C1,C2,C3,C4,C5",,,True,True,True,True,True,True,True,True,True,True,True,True,True,True,True
plastic_nut::plastic_nut_0092_OK,plastic_nut,train,plastic_nut_0092_OK,0092,OK,OK,OK,True,5,5,"C1,C2,C3,C4,C5",,,True,True,True,True,True,True,True,True,True,True,True,True,True,True,True
plastic_nut::plastic_nut_0093_NG_AK,plastic_nut,test,plastic_nut_0093_NG_AK,0093,OK,NG_AK,OK,False,5,5,"C1,C2,C3,C4,C5",,,True,True,True,True,True,True,True,True,True,True,True,True,True,True,True
plastic_nut::plastic_nut_0093_NG_HS,plastic_nut,test,plastic_nut_0093_NG_HS,0093,OK,NG_HS,OK,False,5,5,"C1,C2,C3,C4,C5",,,True,True,True,True,True,True,True,True,True,True,True,True,True,True,True
plastic_nut::plastic_nut_0093_NG_QS,plastic_nut,test,plastic_nut_0093_NG_QS,0093,OK,NG_QS,OK,False,5,5,"C1,C2,C3,C4,C5",,,True,True,True,True,True,True,True,True,True,True,True,True,True,True,True
plastic_nut::plastic_nut_0093_NG_ZW,plastic_nut,test,plastic_nut_0093_NG_ZW,0093,OK,NG_ZW,ZW,True,5,5,"C1,C2,C3,C4,C5",,,True,True,True,True,True,True,True,True,True,True,True,True,True,True,True
plastic_nut::plastic_nut_0093_OK,plastic_nut,train,plastic_nut_0093_OK,0093,OK,OK,OK,True,5,5,"C1,C2,C3,C4,C5",,,True,True,True,True,True,True,True,True,True,True,True,True,True,True,True
plastic_nut::plastic_nut_0094_NG_AK,plastic_nut,test,plastic_nut_0094_NG_AK,0094,OK,NG_AK,OK,False,5,5,"C1,C2,C3,C4,C5",,,True,True,True,True,True,True,True,True,True,True,True,True,True,True,True
plastic_nut::plastic_nut_0094_NG_HS,plastic_nut,test,plastic_nut_0094_NG_HS,0094,OK,NG_HS,OK,False,5,5,"C1,C2,C3,C4,C5",,,True,True,True,True,True,True,True,True,True,True,True,True,True,True,True
plastic_nut::plastic_nut_0094_NG_QS,plastic_nut,test,plastic_nut_0094_NG_QS,0094,OK,NG_QS,OK,False,5,5,"C1,C2,C3,C4,C5",,,True,True,True,True,True,True,True,True,True,True,True,True,True,True,True
plastic_nut::plastic_nut_0094_NG_ZW,plastic_nut,test,plastic_nut_0094_NG_ZW,0094,OK,NG_ZW,OK,False,5,5,"C1,C2,C3,C4,C5",,,True,True,True,True,True,True,True,True,True,True,True,True,True,True,True
plastic_nut::plastic_nut_0094_OK,plastic_nut,train,plastic_nut_0094_OK,0094,OK,OK,OK,True,5,5,"C1,C2,C3,C4,C5",,,True,True,True,True,True,True,True,True,True,True,True,True,True,True,True
plastic_nut::plastic_nut_0095_NG_AK,plastic_nut,test,plastic_nut_0095_NG_AK,0095,OK,NG_AK,OK,False,5,5,"C1,C2,C3,C4,C5",,,True,True,True,True,True,True,True,True,True,True,True,True,True,True,True
plastic_nut::plastic_nut_0095_NG_HS,plastic_nut,test,plastic_nut_0095_NG_HS,0095,OK,NG_HS,OK,False,5,5,"C1,C2,C3,C4,C5",,,True,True,True,True,True,True,True,True,True,True,True,True,True,True,True
plastic_nut::plastic_nut_0095_NG_QS,plastic_nut,test,plastic_nut_0095_NG_QS,0095,OK,NG_QS,OK,False,5,5,"C1,C2,C3,C4,C5",,,True,True,True,True,True,True,True,True,True,True,True,True,True,True,True
plastic_nut::plastic_nut_0095_NG_ZW,plastic_nut,test,plastic_nut_0095_NG_ZW,0095,OK,NG_ZW,OK,False,5,5,"C1,C2,C3,C4,C5",,,True,True,True,True,True,True,True,True,True,True,True,True,True,True,True
plastic_nut::plastic_nut_0095_OK,plastic_nut,test,plastic_nut_0095_OK,0095,OK,OK,OK,True,5,5,"C1,C2,C3,C4,C5",,,True,True,True,True,True,True,True,True,True,True,True,True,True,True,True
plastic_nut::plastic_nut_0096_NG_AK,plastic_nut,test,plastic_nut_0096_NG_AK,0096,OK,NG_AK,OK,False,5,5,"C1,C2,C3,C4,C5",,,True,True,True,True,True,True,True,True,True,True,True,True,True,True,True
plastic_nut::plastic_nut_0096_NG_HS,plastic_nut,test,plastic_nut_0096_NG_HS,0096,OK,NG_HS,OK,False,5,5,"C1,C2,C3,C4,C5",,,True,True,True,True,True,True,True,True,True,True,True,True,True,True,True
plastic_nut::plastic_nut_0096_NG_QS,plastic_nut,test,plastic_nut_0096_NG_QS,0096,OK,NG_QS,OK,False,5,5,"C1,C2,C3,C4,C5",,,True,True,True,True,True,True,True,True,True,True,True,True,True,True,True
plastic_nut::plastic_nut_0096_NG_ZW,plastic_nut,test,plastic_nut_0096_NG_ZW,0096,OK,NG_ZW,OK,False,5,5,"C1,C2,C3,C4,C5",,,True,True,True,True,True,True,True,True,True,True,True,True,True,True,True
plastic_nut::plastic_nut_0096_OK,plastic_nut,test,plastic_nut_0096_OK,0096,OK,OK,OK,True,5,5,"C1,C2,C3,C4,C5",,,True,True,True,True,True,True,True,True,True,True,True,True,True,True,True
plastic_nut::plastic_nut_0097_NG_AK,plastic_nut,test,plastic_nut_0097_NG_AK,0097,OK,NG_AK,OK,False,5,5,"C1,C2,C3,C4,C5",,,True,True,True,True,True,True,True,True,True,True,True,True,True,True,True
plastic_nut::plastic_nut_0097_NG_HS,plastic_nut,test,plastic_nut_0097_NG_HS,0097,OK,NG_HS,OK,False,5,5,"C1,C2,C3,C4,C5",,,True,True,True,True,True,True,True,True,True,True,True,True,True,True,True
plastic_nut::plastic_nut_0097_NG_QS,plastic_nut,test,plastic_nut_0097_NG_QS,0097,OK,NG_QS,OK,False,5,5,"C1,C2,C3,C4,C5",,,True,True,True,True,True,True,True,True,True,True,True,True,True,True,True
plastic_nut::plastic_nut_0097_NG_ZW,plastic_nut,test,plastic_nut_0097_NG_ZW,0097,OK,NG_ZW,OK,False,5,5,"C1,C2,C3,C4,C5",,,True,True,True,True,True,True,True,True,True,True,True,True,True,True,True
plastic_nut::plastic_nut_0097_OK,plastic_nut,train,plastic_nut_0097_OK,0097,OK,OK,OK,True,5,5,"C1,C2,C3,C4,C5",,,True,True,True,True,True,True,True,True,True,True,True,True,True,True,True
plastic_nut::plastic_nut_0098_NG_AK,plastic_nut,test,plastic_nut_0098_NG_AK,0098,OK,NG_AK,OK,False,5,5,"C1,C2,C3,C4,C5",,,True,True,True,True,True,True,True,True,True,True,True,True,True,True,True
plastic_nut::plastic_nut_0098_NG_HS,plastic_nut,test,plastic_nut_0098_NG_HS,0098,OK,NG_HS,OK,False,5,5,"C1,C2,C3,C4,C5",,,True,True,True,True,True,True,True,True,True,True,True,True,True,True,True
plastic_nut::plastic_nut_0098_NG_QS,plastic_nut,test,plastic_nut_0098_NG_QS,0098,OK,NG_QS,OK,False,5,5,"C1,C2,C3,C4,C5",,,True,True,True,True,True,True,True,True,True,True,True,True,True,True,True
plastic_nut::plastic_nut_0098_NG_ZW,plastic_nut,test,plastic_nut_0098_NG_ZW,0098,OK,NG_ZW,ZW,False,5,5,"C1,C2,C3,C4,C5",,,True,True,True,True,True,True,True,True,True,True,True,True,True,True,True
plastic_nut::plastic_nut_0098_OK,plastic_nut,train,plastic_nut_0098_OK,0098,OK,OK,OK,True,5,5,"C1,C2,C3,C4,C5",,,True,True,True,True,True,True,True,True,True,True,True,True,True,True,True
plastic_nut::plastic_nut_0099_NG_AK,plastic_nut,test,plastic_nut_0099_NG_AK,0099,OK,NG_AK,OK,False,5,5,"C1,C2,C3,C4,C5",,,True,True,True,True,True,True,True,True,True,True,True,True,True,True,True
plastic_nut::plastic_nut_0099_NG_HS,plastic_nut,test,plastic_nut_0099_NG_HS,0099,OK,NG_HS,OK,False,5,5,"C1,C2,C3,C4,C5",,,True,True,True,True,True,True,True,True,True,True,True,True,True,True,True
plastic_nut::plastic_nut_0099_NG_QS,plastic_nut,test,plastic_nut_0099_NG_QS,0099,OK,NG_QS,QS,True,5,5,"C1,C2,C3,C4,C5",,,True,True,True,True,True,True,True,True,True,True,True,True,True,True,True
plastic_nut::plastic_nut_0099_NG_ZW,plastic_nut,test,plastic_nut_0099_NG_ZW,0099,OK,NG_ZW,OK,False,5,5,"C1,C2,C3,C4,C5",,,True,True,True,True,True,True,True,True,True,True,True,True,True,True,True
plastic_nut::plastic_nut_0099_OK,plastic_nut,test,plastic_nut_0099_OK,0099,OK,OK,OK,True,5,5,"C1,C2,C3,C4,C5",,,True,True,True,True,True,True,True,True,True,True,True,True,True,True,True
plastic_nut::plastic_nut_0100_NG_AK,plastic_nut,test,plastic_nut_0100_NG_AK,0100,OK,NG_AK,OK,False,5,5,"C1,C2,C3,C4,C5",,,True,True,True,True,True,True,True,True,True,True,True,True,True,True,True
plastic_nut::plastic_nut_0100_NG_HS,plastic_nut,test,plastic_nut_0100_NG_HS,0100,OK,NG_HS,OK,False,5,5,"C1,C2,C3,C4,C5",,,True,True,True,True,True,True,True,True,True,True,True,True,True,True,True
plastic_nut::plastic_nut_0100_NG_QS,plastic_nut,test,plastic_nut_0100_NG_QS,0100,OK,NG_QS,QS,True,5,5,"C1,C2,C3,C4,C5",,,True,True,True,True,True,True,True,True,True,True,True,True,True,True,True
plastic_nut::plastic_nut_0100_NG_ZW,plastic_nut,test,plastic_nut_0100_NG_ZW,0100,OK,NG_ZW,ZW,True,5,5,"C1,C2,C3,C4,C5",,,True,True,True,True,True,True,True,True,True,True,True,True,True,True,True
plastic_nut::plastic_nut_0100_OK,plastic_nut,train,plastic_nut_0100_OK,0100,OK,OK,OK,True,5,5,"C1,C2,C3,C4,C5",,,True,True,True,True,True,True,True,True,True,True,True,True,True,True,True
plastic_nut::plastic_nut_0101_NG_AK,plastic_nut,test,plastic_nut_0101_NG_AK,0101,OK,NG_AK,OK,False,5,5,"C1,C2,C3,C4,C5",,,True,True,True,True,True,True,True,True,True,True,True,True,True,True,True
plastic_nut::plastic_nut_0101_NG_HS,plastic_nut,test,plastic_nut_0101_NG_HS,0101,OK,NG_HS,OK,False,5,5,"C1,C2,C3,C4,C5",,,True,True,True,True,True,True,True,True,True,True,True,True,True,True,True
plastic_nut::plastic_nut_0101_NG_QS,plastic_nut,test,plastic_nut_0101_NG_QS,0101,OK,NG_QS,OK,False,5,5,"C1,C2,C3,C4,C5",,,True,True,True,True,True,True,True,True,True,True,True,True,True,True,True
plastic_nut::plastic_nut_0101_NG_ZW,plastic_nut,test,plastic_nut_0101_NG_ZW,0101,OK,NG_ZW,OK,False,5,5,"C1,C2,C3,C4,C5",,,True,True,True,True,True,True,True,True,True,True,True,True,True,True,True
plastic_nut::plastic_nut_0101_OK,plastic_nut,test,plastic_nut_0101_OK,0101,OK,OK,OK,True,5,5,"C1,C2,C3,C4,C5",,,True,True,True,True,True,True,True,True,True,True,True,True,True,True,True
plastic_nut::plastic_nut_0102_NG_AK,plastic_nut,test,plastic_nut_0102_NG_AK,0102,OK,NG_AK,OK,False,5,5,"C1,C2,C3,C4,C5",,,True,True,True,True,True,True,True,True,True,True,True,True,True,True,True
plastic_nut::plastic_nut_0102_NG_HS,plastic_nut,test,plastic_nut_0102_NG_HS,0102,OK,NG_HS,OK,False,5,5,"C1,C2,C3,C4,C5",,,True,True,True,True,True,True,True,True,True,True,True,True,True,True,True
plastic_nut::plastic_nut_0102_NG_QS,plastic_nut,test,plastic_nut_0102_NG_QS,0102,OK,NG_QS,OK,False,5,5,"C1,C2,C3,C4,C5",,,True,True,True,True,True,True,True,True,True,True,True,True,True,True,True
plastic_nut::plastic_nut_0102_NG_ZW,plastic_nut,test,plastic_nut_0102_NG_ZW,0102,OK,NG_ZW,OK,False,5,5,"C1,C2,C3,C4,C5",,,True,True,True,True,True,True,True,True,True,True,True,True,True,True,True
plastic_nut::plastic_nut_0102_OK,plastic_nut,train,plastic_nut_0102_OK,0102,OK,OK,OK,True,5,5,"C1,C2,C3,C4,C5",,,True,True,True,True,True,True,True,True,True,True,True,True,True,True,True
plastic_nut::plastic_nut_0103_NG_AK,plastic_nut,test,plastic_nut_0103_NG_AK,0103,OK,NG_AK,OK,False,5,5,"C1,C2,C3,C4,C5",,,True,True,True,True,True,True,True,True,True,True,True,True,True,True,True
plastic_nut::plastic_nut_0103_NG_HS,plastic_nut,test,plastic_nut_0103_NG_HS,0103,OK,NG_HS,OK,False,5,5,"C1,C2,C3,C4,C5",,,True,True,True,True,True,True,True,True,True,True,True,True,True,True,True
plastic_nut::plastic_nut_0103_NG_QS,plastic_nut,test,plastic_nut_0103_NG_QS,0103,OK,NG_QS,OK,False,5,5,"C1,C2,C3,C4,C5",,,True,True,True,True,True,True,True,True,True,True,True,True,True,True,True
plastic_nut::plastic_nut_0103_NG_ZW,plastic_nut,test,plastic_nut_0103_NG_ZW,0103,OK,NG_ZW,OK,False,5,5,"C1,C2,C3,C4,C5",,,True,True,True,True,True,True,True,True,True,True,True,True,True,True,True
plastic_nut::plastic_nut_0103_OK,plastic_nut,test,plastic_nut_0103_OK,0103,OK,OK,OK,True,5,5,"C1,C2,C3,C4,C5",,,True,True,True,True,True,True,True,True,True,True,True,True,True,True,True
plastic_nut::plastic_nut_0104_NG_AK,plastic_nut,test,plastic_nut_0104_NG_AK,0104,OK,NG_AK,OK,False,5,5,"C1,C2,C3,C4,C5",,,True,True,True,True,True,True,True,True,True,True,True,True,True,True,True
plastic_nut::plastic_nut_0104_NG_HS,plastic_nut,test,plastic_nut_0104_NG_HS,0104,OK,NG_HS,OK,False,5,5,"C1,C2,C3,C4,C5",,,True,True,True,True,True,True,True,True,True,True,True,True,True,True,True
plastic_nut::plastic_nut_0104_NG_QS,plastic_nut,test,plastic_nut_0104_NG_QS,0104,OK,NG_QS,OK,False,5,5,"C1,C2,C3,C4,C5",,,True,True,True,True,True,True,True,True,True,True,True,True,True,True,True
plastic_nut::plastic_nut_0104_NG_ZW,plastic_nut,test,plastic_nut_0104_NG_ZW,0104,OK,NG_ZW,OK,False,5,5,"C1,C2,C3,C4,C5",,,True,True,True,True,True,True,True,True,True,True,True,True,True,True,True
plastic_nut::plastic_nut_0104_OK,plastic_nut,test,plastic_nut_0104_OK,0104,OK,OK,OK,True,5,5,"C1,C2,C3,C4,C5",,,True,True,True,True,True,True,True,True,True,True,True,True,True,True,True
plastic_nut::plastic_nut_0105_NG_AK,plastic_nut,test,plastic_nut_0105_NG_AK,0105,OK,NG_AK,OK,False,5,5,"C1,C2,C3,C4,C5",,,True,True,True,True,True,True,True,True,True,True,True,True,True,True,True
plastic_nut::plastic_nut_0105_NG_HS,plastic_nut,test,plastic_nut_0105_NG_HS,0105,OK,NG_HS,OK,False,5,5,"C1,C2,C3,C4,C5",,,True,True,True,True,True,True,True,True,True,True,True,True,True,True,True
plastic_nut::plastic_nut_0105_NG_QS,plastic_nut,test,plastic_nut_0105_NG_QS,0105,OK,NG_QS,OK,False,5,5,"C1,C2,C3,C4,C5",,,True,True,True,True,True,True,True,True,True,True,True,True,True,True,True
plastic_nut::plastic_nut_0105_NG_ZW,plastic_nut,test,plastic_nut_0105_NG_ZW,0105,OK,NG_ZW,OK,False,5,5,"C1,C2,C3,C4,C5",,,True,True,True,True,True,True,True,True,True,True,True,True,True,True,True
plastic_nut::plastic_nut_0105_OK,plastic_nut,test,plastic_nut_0105_OK,0105,OK,OK,OK,True,5,5,"C1,C2,C3,C4,C5",,,True,True,True,True,True,True,True,True,True,True,True,True,True,True,True
plastic_nut::plastic_nut_0106_NG_AK,plastic_nut,test,plastic_nut_0106_NG_AK,0106,OK,NG_AK,OK,False,5,5,"C1,C2,C3,C4,C5",,,True,True,True,True,True,True,True,True,True,True,True,True,True,True,True
plastic_nut::plastic_nut_0106_NG_HS,plastic_nut,test,plastic_nut_0106_NG_HS,0106,OK,NG_HS,OK,False,5,5,"C1,C2,C3,C4,C5",,,True,True,True,True,True,True,True,True,True,True,True,True,True,True,True
plastic_nut::plastic_nut_0106_NG_QS,plastic_nut,test,plastic_nut_0106_NG_QS,0106,OK,NG_QS,OK,False,5,5,"C1,C2,C3,C4,C5",,,True,True,True,True,True,True,True,True,True,True,True,True,True,True,True
plastic_nut::plastic_nut_0106_NG_ZW,plastic_nut,test,plastic_nut_0106_NG_ZW,0106,OK,NG_ZW,OK,False,5,5,"C1,C2,C3,C4,C5",,,True,True,True,True,True,True,True,True,True,True,True,True,True,True,True
plastic_nut::plastic_nut_0106_OK,plastic_nut,test,plastic_nut_0106_OK,0106,OK,OK,OK,True,5,5,"C1,C2,C3,C4,C5",,,True,True,True,True,True,True,True,True,True,True,True,True,True,True,True
plastic_nut::plastic_nut_0107_NG_AK,plastic_nut,test,plastic_nut_0107_NG_AK,0107,OK,NG_AK,OK,False,5,5,"C1,C2,C3,C4,C5",,,True,True,True,True,True,True,True,True,True,True,True,True,True,True,True
plastic_nut::plastic_nut_0107_NG_HS,plastic_nut,test,plastic_nut_0107_NG_HS,0107,OK,NG_HS,HS,False,5,5,"C1,C2,C3,C4,C5",,,True,True,True,True,True,True,True,True,True,True,True,True,True,True,True
plastic_nut::plastic_nut_0107_NG_QS,plastic_nut,test,plastic_nut_0107_NG_QS,0107,OK,NG_QS,QS,True,5,5,"C1,C2,C3,C4,C5",,,True,True,True,True,True,True,True,True,True,True,True,True,True,True,True
plastic_nut::plastic_nut_0107_NG_ZW,plastic_nut,test,plastic_nut_0107_NG_ZW,0107,OK,NG_ZW,OK,False,5,5,"C1,C2,C3,C4,C5",,,True,True,True,True,True,True,True,True,True,True,True,True,True,True,True
plastic_nut::plastic_nut_0107_OK,plastic_nut,train,plastic_nut_0107_OK,0107,OK,OK,OK,True,5,5,"C1,C2,C3,C4,C5",,,True,True,True,True,True,True,True,True,True,True,True,True,True,True,True
plastic_nut::plastic_nut_0108_NG_AK,plastic_nut,test,plastic_nut_0108_NG_AK,0108,OK,NG_AK,OK,False,5,5,"C1,C2,C3,C4,C5",,,True,True,True,True,True,True,True,True,True,True,True,True,True,True,True
plastic_nut::plastic_nut_0108_NG_HS,plastic_nut,test,plastic_nut_0108_NG_HS,0108,OK,NG_HS,OK,False,5,5,"C1,C2,C3,C4,C5",,,True,True,True,True,True,True,True,True,True,True,True,True,True,True,True
plastic_nut::plastic_nut_0108_NG_QS,plastic_nut,test,plastic_nut_0108_NG_QS,0108,OK,NG_QS,OK,False,5,5,"C1,C2,C3,C4,C5",,,True,True,True,True,True,True,True,True,True,True,True,True,True,True,True
plastic_nut::plastic_nut_0108_NG_ZW,plastic_nut,test,plastic_nut_0108_NG_ZW,0108,OK,NG_ZW,OK,False,5,5,"C1,C2,C3,C4,C5",,,True,True,True,True,True,True,True,True,True,True,True,True,True,True,True
plastic_nut::plastic_nut_0108_OK,plastic_nut,train,plastic_nut_0108_OK,0108,OK,OK,OK,True,5,5,"C1,C2,C3,C4,C5",,,True,True,True,True,True,True,True,True,True,True,True,True,True,True,True
plastic_nut::plastic_nut_0109_NG_AK,plastic_nut,test,plastic_nut_0109_NG_AK,0109,OK,NG_AK,OK,False,5,5,"C1,C2,C3,C4,C5",,,True,True,True,True,True,True,True,True,True,True,True,True,True,True,True
plastic_nut::plastic_nut_0109_NG_HS,plastic_nut,test,plastic_nut_0109_NG_HS,0109,OK,NG_HS,OK,False,5,5,"C1,C2,C3,C4,C5",,,True,True,True,True,True,True,True,True,True,True,True,True,True,True,True
plastic_nut::plastic_nut_0109_NG_QS,plastic_nut,test,plastic_nut_0109_NG_QS,0109,OK,NG_QS,QS,True,5,5,"C1,C2,C3,C4,C5",,,True,True,True,True,True,True,True,True,True,True,True,True,True,True,True
plastic_nut::plastic_nut_0109_NG_ZW,plastic_nut,test,plastic_nut_0109_NG_ZW,0109,OK,NG_ZW,ZW,False,5,5,"C1,C2,C3,C4,C5",,,True,True,True,True,True,True,True,True,True,True,True,True,True,True,True
plastic_nut::plastic_nut_0109_OK,plastic_nut,test,plastic_nut_0109_OK,0109,OK,OK,OK,True,5,5,"C1,C2,C3,C4,C5",,,True,True,True,True,True,True,True,True,True,True,True,True,True,True,True
plastic_nut::plastic_nut_0110_NG_AK,plastic_nut,test,plastic_nut_0110_NG_AK,0110,OK,NG_AK,OK,False,5,5,"C1,C2,C3,C4,C5",,,True,True,True,True,True,True,True,True,True,True,True,True,True,True,True
plastic_nut::plastic_nut_0110_NG_HS,plastic_nut,test,plastic_nut_0110_NG_HS,0110,OK,NG_HS,OK,False,5,5,"C1,C2,C3,C4,C5",,,True,True,True,True,True,True,True,True,True,True,True,True,True,True,True
plastic_nut::plastic_nut_0110_NG_QS,plastic_nut,test,plastic_nut_0110_NG_QS,0110,OK,NG_QS,QS,True,5,5,"C1,C2,C3,C4,C5",,,True,True,True,True,True,True,True,True,True,True,True,True,True,True,True
plastic_nut::plastic_nut_0110_NG_ZW,plastic_nut,test,plastic_nut_0110_NG_ZW,0110,OK,NG_ZW,OK,False,5,5,"C1,C2,C3,C4,C5",,,True,True,True,True,True,True,True,True,True,True,True,True,True,True,True
plastic_nut::plastic_nut_0110_OK,plastic_nut,test,plastic_nut_0110_OK,0110,OK,OK,OK,True,5,5,"C1,C2,C3,C4,C5",,,True,True,True,True,True,True,True,True,True,True,True,True,True,True,True
plastic_nut::plastic_nut_0111_NG_HS,plastic_nut,test,plastic_nut_0111_NG_HS,0111,OK,NG_HS,OK,False,5,5,"C1,C2,C3,C4,C5",,,True,True,True,True,True,True,True,True,True,True,True,True,True,True,True
plastic_nut::plastic_nut_0111_NG_QS,plastic_nut,test,plastic_nut_0111_NG_QS,0111,OK,NG_QS,OK,False,5,5,"C1,C2,C3,C4,C5",,,True,True,True,True,True,True,True,True,True,True,True,True,True,True,True
plastic_nut::plastic_nut_0111_NG_ZW,plastic_nut,test,plastic_nut_0111_NG_ZW,0111,OK,NG_ZW,OK,False,5,5,"C1,C2,C3,C4,C5",,,True,True,True,True,True,True,True,True,True,True,True,True,True,True,True
plastic_nut::plastic_nut_0111_OK,plastic_nut,test,plastic_nut_0111_OK,0111,OK,OK,OK,True,5,5,"C1,C2,C3,C4,C5",,,True,True,True,True,True,True,True,True,True,True,True,True,True,True,True
plastic_nut::plastic_nut_0112_NG_HS,plastic_nut,test,plastic_nut_0112_NG_HS,0112,OK,NG_HS,OK,False,5,5,"C1,C2,C3,C4,C5",,,True,True,True,True,True,True,True,True,True,True,True,True,True,True,True
plastic_nut::plastic_nut_0112_NG_QS,plastic_nut,test,plastic_nut_0112_NG_QS,0112,OK,NG_QS,OK,False,5,5,"C1,C2,C3,C4,C5",,,True,True,True,True,True,True,True,True,True,True,True,True,True,True,True
plastic_nut::plastic_nut_0112_NG_ZW,plastic_nut,test,plastic_nut_0112_NG_ZW,0112,OK,NG_ZW,OK,False,5,5,"C1,C2,C3,C4,C5",,,True,True,True,True,True,True,True,True,True,True,True,True,True,True,True
plastic_nut::plastic_nut_0112_OK,plastic_nut,test,plastic_nut_0112_OK,0112,OK,OK,OK,True,5,5,"C1,C2,C3,C4,C5",,,True,True,True,True,True,True,True,True,True,True,True,True,True,True,True
plastic_nut::plastic_nut_0113_NG_HS,plastic_nut,test,plastic_nut_0113_NG_HS,0113,OK,NG_HS,OK,False,5,5,"C1,C2,C3,C4,C5",,,True,True,True,True,True,True,True,True,True,True,True,True,True,True,True
plastic_nut::plastic_nut_0113_NG_QS,plastic_nut,test,plastic_nut_0113_NG_QS,0113,OK,NG_QS,OK,False,5,5,"C1,C2,C3,C4,C5",,,True,True,True,True,True,True,True,True,True,True,True,True,True,True,True
plastic_nut::plastic_nut_0113_NG_ZW,plastic_nut,test,plastic_nut_0113_NG_ZW,0113,OK,NG_ZW,OK,False,5,5,"C1,C2,C3,C4,C5",,,True,True,True,True,True,True,True,True,True,True,True,True,True,True,True
plastic_nut::plastic_nut_0113_OK,plastic_nut,train,plastic_nut_0113_OK,0113,OK,OK,OK,True,5,5,"C1,C2,C3,C4,C5",,,True,True,True,True,True,True,True,True,True,True,True,True,True,True,True
plastic_nut::plastic_nut_0114_NG_HS,plastic_nut,test,plastic_nut_0114_NG_HS,0114,OK,NG_HS,OK,False,5,5,"C1,C2,C3,C4,C5",,,True,True,True,True,True,True,True,True,True,True,True,True,True,True,True
plastic_nut::plastic_nut_0114_NG_QS,plastic_nut,test,plastic_nut_0114_NG_QS,0114,OK,NG_QS,QS,True,5,5,"C1,C2,C3,C4,C5",,,True,True,True,True,True,True,True,True,True,True,True,True,True,True,True
plastic_nut::plastic_nut_0114_NG_ZW,plastic_nut,test,plastic_nut_0114_NG_ZW,0114,OK,NG_ZW,OK,False,5,5,"C1,C2,C3,C4,C5",,,True,True,True,True,True,True,True,True,True,True,True,True,True,True,True
plastic_nut::plastic_nut_0114_OK,plastic_nut,test,plastic_nut_0114_OK,0114,OK,OK,OK,True,5,5,"C1,C2,C3,C4,C5",,,True,True,True,True,True,True,True,True,True,True,True,True,True,True,True
plastic_nut::plastic_nut_0115_NG_HS,plastic_nut,test,plastic_nut_0115_NG_HS,0115,OK,NG_HS,OK,False,5,5,"C1,C2,C3,C4,C5",,,True,True,True,True,True,True,True,True,True,True,True,True,True,True,True
plastic_nut::plastic_nut_0115_NG_QS,plastic_nut,test,plastic_nut_0115_NG_QS,0115,OK,NG_QS,QS,True,5,5,"C1,C2,C3,C4,C5",,,True,True,True,True,True,True,True,True,True,True,True,True,True,True,True
plastic_nut::plastic_nut_0115_NG_ZW,plastic_nut,test,plastic_nut_0115_NG_ZW,0115,OK,NG_ZW,OK,False,5,5,"C1,C2,C3,C4,C5",,,True,True,True,True,True,True,True,True,True,True,True,True,True,True,True
plastic_nut::plastic_nut_0115_OK,plastic_nut,test,plastic_nut_0115_OK,0115,OK,OK,OK,True,5,5,"C1,C2,C3,C4,C5",,,True,True,True,True,True,True,True,True,True,True,True,True,True,True,True
plastic_nut::plastic_nut_0116_NG_HS,plastic_nut,test,plastic_nut_0116_NG_HS,0116,OK,NG_HS,OK,False,5,5,"C1,C2,C3,C4,C5",,,True,True,True,True,True,True,True,True,True,True,True,True,True,True,True
plastic_nut::plastic_nut_0116_NG_QS,plastic_nut,test,plastic_nut_0116_NG_QS,0116,OK,NG_QS,OK,False,5,5,"C1,C2,C3,C4,C5",,,True,True,True,True,True,True,True,True,True,True,True,True,True,True,True
plastic_nut::plastic_nut_0116_NG_ZW,plastic_nut,test,plastic_nut_0116_NG_ZW,0116,OK,NG_ZW,OK,False,5,5,"C1,C2,C3,C4,C5",,,True,True,True,True,True,True,True,True,True,True,True,True,True,True,True
plastic_nut::plastic_nut_0116_OK,plastic_nut,test,plastic_nut_0116_OK,0116,OK,OK,OK,True,5,5,"C1,C2,C3,C4,C5",,,True,True,True,True,True,True,True,True,True,True,True,True,True,True,True
plastic_nut::plastic_nut_0117_NG_HS,plastic_nut,test,plastic_nut_0117_NG_HS,0117,OK,NG_HS,OK,False,5,5,"C1,C2,C3,C4,C5",,,True,True,True,True,True,True,True,True,True,True,True,True,True,True,True
plastic_nut::plastic_nut_0117_NG_QS,plastic_nut,test,plastic_nut_0117_NG_QS,0117,OK,NG_QS,OK,False,5,5,"C1,C2,C3,C4,C5",,,True,True,True,True,True,True,True,True,True,True,True,True,True,True,True
plastic_nut::plastic_nut_0117_NG_ZW,plastic_nut,test,plastic_nut_0117_NG_ZW,0117,OK,NG_ZW,OK,False,5,5,"C1,C2,C3,C4,C5",,,True,True,True,True,True,True,True,True,True,True,True,True,True,True,True
plastic_nut::plastic_nut_0117_OK,plastic_nut,train,plastic_nut_0117_OK,0117,OK,OK,OK,True,5,5,"C1,C2,C3,C4,C5",,,True,True,True,True,True,True,True,True,True,True,True,True,True,True,True
plastic_nut::plastic_nut_0118_NG_HS,plastic_nut,test,plastic_nut_0118_NG_HS,0118,OK,NG_HS,OK,False,5,5,"C1,C2,C3,C4,C5",,,True,True,True,True,True,True,True,True,True,True,True,True,True,True,True
plastic_nut::plastic_nut_0118_NG_QS,plastic_nut,test,plastic_nut_0118_NG_QS,0118,OK,NG_QS,QS,True,5,5,"C1,C2,C3,C4,C5",,,True,True,True,True,True,True,True,True,True,True,True,True,True,True,True
plastic_nut::plastic_nut_0118_NG_ZW,plastic_nut,test,plastic_nut_0118_NG_ZW,0118,OK,NG_ZW,OK,False,5,5,"C1,C2,C3,C4,C5",,,True,True,True,True,True,True,True,True,True,True,True,True,True,True,True
plastic_nut::plastic_nut_0118_OK,plastic_nut,test,plastic_nut_0118_OK,0118,OK,OK,OK,True,5,5,"C1,C2,C3,C4,C5",,,True,True,True,True,True,True,True,True,True,True,True,True,True,True,True
plastic_nut::plastic_nut_0119_NG_HS,plastic_nut,test,plastic_nut_0119_NG_HS,0119,OK,NG_HS,OK,False,5,5,"C1,C2,C3,C4,C5",,,True,True,True,True,True,True,True,True,True,True,True,True,True,True,True
plastic_nut::plastic_nut_0119_NG_QS,plastic_nut,test,plastic_nut_0119_NG_QS,0119,OK,NG_QS,QS,True,5,5,"C1,C2,C3,C4,C5",,,True,True,True,True,True,True,True,True,True,True,True,True,True,True,True
plastic_nut::plastic_nut_0119_NG_ZW,plastic_nut,test,plastic_nut_0119_NG_ZW,0119,OK,NG_ZW,OK,False,5,5,"C1,C2,C3,C4,C5",,,True,True,True,True,True,True,True,True,True,True,True,True,True,True,True
plastic_nut::plastic_nut_0119_OK,plastic_nut,train,plastic_nut_0119_OK,0119,OK,OK,OK,True,5,5,"C1,C2,C3,C4,C5",,,True,True,True,True,True,True,True,True,True,True,True,True,True,True,True
plastic_nut::plastic_nut_0120_NG_HS,plastic_nut,test,plastic_nut_0120_NG_HS,0120,OK,NG_HS,OK,False,5,5,"C1,C2,C3,C4,C5",,,True,True,True,True,True,True,True,True,True,True,True,True,True,True,True
plastic_nut::plastic_nut_0120_NG_QS,plastic_nut,test,plastic_nut_0120_NG_QS,0120,OK,NG_QS,QS,True,5,5,"C1,C2,C3,C4,C5",,,True,True,True,True,True,True,True,True,True,True,True,True,True,True,True
plastic_nut::plastic_nut_0120_NG_ZW,plastic_nut,test,plastic_nut_0120_NG_ZW,0120,OK,NG_ZW,ZW,True,5,5,"C1,C2,C3,C4,C5",,,True,True,True,True,True,True,True,True,True,True,True,True,True,True,True
plastic_nut::plastic_nut_0120_OK,plastic_nut,train,plastic_nut_0120_OK,0120,OK,OK,OK,True,5,5,"C1,C2,C3,C4,C5",,,True,True,True,True,True,True,True,True,True,True,True,True,True,True,True
plastic_nut::plastic_nut_0121_NG_HS,plastic_nut,test,plastic_nut_0121_NG_HS,0121,OK,NG_HS,OK,False,5,5,"C1,C2,C3,C4,C5",,,True,True,True,True,True,True,True,True,True,True,True,True,True,True,True
plastic_nut::plastic_nut_0121_NG_QS,plastic_nut,test,plastic_nut_0121_NG_QS,0121,OK,NG_QS,OK,False,5,5,"C1,C2,C3,C4,C5",,,True,True,True,True,True,True,True,True,True,True,True,True,True,True,True
plastic_nut::plastic_nut_0121_NG_ZW,plastic_nut,test,plastic_nut_0121_NG_ZW,0121,OK,NG_ZW,OK,False,5,5,"C1,C2,C3,C4,C5",,,True,True,True,True,True,True,True,True,True,True,True,True,True,True,True
plastic_nut::plastic_nut_0121_OK,plastic_nut,train,plastic_nut_0121_OK,0121,OK,OK,OK,True,5,5,"C1,C2,C3,C4,C5",,,True,True,True,True,True,True,True,True,True,True,True,True,True,True,True
plastic_nut::plastic_nut_0122_NG_HS,plastic_nut,test,plastic_nut_0122_NG_HS,0122,OK,NG_HS,OK,False,5,5,"C1,C2,C3,C4,C5",,,True,True,True,True,True,True,True,True,True,True,True,True,True,True,True
plastic_nut::plastic_nut_0122_NG_QS,plastic_nut,test,plastic_nut_0122_NG_QS,0122,OK,NG_QS,OK,False,5,5,"C1,C2,C3,C4,C5",,,True,True,True,True,True,True,True,True,True,True,True,True,True,True,True
plastic_nut::plastic_nut_0122_NG_ZW,plastic_nut,test,plastic_nut_0122_NG_ZW,0122,OK,NG_ZW,OK,False,5,5,"C1,C2,C3,C4,C5",,,True,True,True,True,True,True,True,True,True,True,True,True,True,True,True
plastic_nut::plastic_nut_0122_OK,plastic_nut,test,plastic_nut_0122_OK,0122,OK,OK,OK,True,5,5,"C1,C2,C3,C4,C5",,,True,True,True,True,True,True,True,True,True,True,True,True,True,True,True
plastic_nut::plastic_nut_0123_NG_HS,plastic_nut,test,plastic_nut_0123_NG_HS,0123,OK,NG_HS,HS,False,5,5,"C1,C2,C3,C4,C5",,,True,True,True,True,True,True,True,True,True,True,True,True,True,True,True
plastic_nut::plastic_nut_0123_NG_QS,plastic_nut,test,plastic_nut_0123_NG_QS,0123,OK,NG_QS,OK,False,5,5,"C1,C2,C3,C4,C5",,,True,True,True,True,True,True,True,True,True,True,True,True,True,True,True
plastic_nut::plastic_nut_0123_NG_ZW,plastic_nut,test,plastic_nut_0123_NG_ZW,0123,OK,NG_ZW,ZW,True,5,5,"C1,C2,C3,C4,C5",,,True,True,True,True,True,True,True,True,True,True,True,True,True,True,True
plastic_nut::plastic_nut_0123_OK,plastic_nut,train,plastic_nut_0123_OK,0123,OK,OK,OK,True,5,5,"C1,C2,C3,C4,C5",,,True,True,True,True,True,True,True,True,True,True,True,True,True,True,True
plastic_nut::plastic_nut_0124_NG_HS,plastic_nut,test,plastic_nut_0124_NG_HS,0124,OK,NG_HS,OK,False,5,5,"C1,C2,C3,C4,C5",,,True,True,True,True,True,True,True,True,True,True,True,True,True,True,True
plastic_nut::plastic_nut_0124_NG_QS,plastic_nut,test,plastic_nut_0124_NG_QS,0124,OK,NG_QS,QS,True,5,5,"C1,C2,C3,C4,C5",,,True,True,True,True,True,True,True,True,True,True,True,True,True,True,True
plastic_nut::plastic_nut_0124_NG_ZW,plastic_nut,test,plastic_nut_0124_NG_ZW,0124,OK,NG_ZW,OK,False,5,5,"C1,C2,C3,C4,C5",,,True,True,True,True,True,True,True,True,True,True,True,True,True,True,True
plastic_nut::plastic_nut_0124_OK,plastic_nut,test,plastic_nut_0124_OK,0124,OK,OK,OK,True,5,5,"C1,C2,C3,C4,C5",,,True,True,True,True,True,True,True,True,True,True,True,True,True,True,True
plastic_nut::plastic_nut_0125_NG_HS,plastic_nut,test,plastic_nut_0125_NG_HS,0125,OK,NG_HS,OK,False,5,5,"C1,C2,C3,C4,C5",,,True,True,True,True,True,True,True,True,True,True,True,True,True,True,True
plastic_nut::plastic_nut_0125_NG_QS,plastic_nut,test,plastic_nut_0125_NG_QS,0125,OK,NG_QS,OK,False,5,5,"C1,C2,C3,C4,C5",,,True,True,True,True,True,True,True,True,True,True,True,True,True,True,True
plastic_nut::plastic_nut_0125_NG_ZW,plastic_nut,test,plastic_nut_0125_NG_ZW,0125,OK,NG_ZW,OK,False,5,5,"C1,C2,C3,C4,C5",,,True,True,True,True,True,True,True,True,True,True,True,True,True,True,True
plastic_nut::plastic_nut_0125_OK,plastic_nut,test,plastic_nut_0125_OK,0125,OK,OK,OK,True,5,5,"C1,C2,C3,C4,C5",,,True,True,True,True,True,True,True,True,True,True,True,True,True,True,True
plastic_nut::plastic_nut_0126_NG_HS,plastic_nut,test,plastic_nut_0126_NG_HS,0126,OK,NG_HS,OK,False,5,5,"C1,C2,C3,C4,C5",,,True,True,True,True,True,True,True,True,True,True,True,True,True,True,True
plastic_nut::plastic_nut_0126_NG_QS,plastic_nut,test,plastic_nut_0126_NG_QS,0126,OK,NG_QS,QS,True,5,5,"C1,C2,C3,C4,C5",,,True,True,True,True,True,True,True,True,True,True,True,True,True,True,True
plastic_nut::plastic_nut_0126_NG_ZW,plastic_nut,test,plastic_nut_0126_NG_ZW,0126,OK,NG_ZW,OK,False,5,5,"C1,C2,C3,C4,C5",,,True,True,True,True,True,True,True,True,True,True,True,True,True,True,True
plastic_nut::plastic_nut_0126_OK,plastic_nut,test,plastic_nut_0126_OK,0126,OK,OK,OK,True,5,5,"C1,C2,C3,C4,C5",,,True,True,True,True,True,True,True,True,True,True,True,True,True,True,True
plastic_nut::plastic_nut_0127_NG_HS,plastic_nut,test,plastic_nut_0127_NG_HS,0127,OK,NG_HS,OK,False,5,5,"C1,C2,C3,C4,C5",,,True,True,True,True,True,True,True,True,True,True,True,True,True,True,True
plastic_nut::plastic_nut_0127_NG_QS,plastic_nut,test,plastic_nut_0127_NG_QS,0127,OK,NG_QS,OK,False,5,5,"C1,C2,C3,C4,C5",,,True,True,True,True,True,True,True,True,True,True,True,True,True,True,True
plastic_nut::plastic_nut_0127_NG_ZW,plastic_nut,test,plastic_nut_0127_NG_ZW,0127,OK,NG_ZW,OK,False,5,5,"C1,C2,C3,C4,C5",,,True,True,True,True,True,True,True,True,True,True,True,True,True,True,True
plastic_nut::plastic_nut_0127_OK,plastic_nut,train,plastic_nut_0127_OK,0127,OK,OK,OK,True,5,5,"C1,C2,C3,C4,C5",,,True,True,True,True,True,True,True,True,True,True,True,True,True,True,True
plastic_nut::plastic_nut_0128_NG_HS,plastic_nut,test,plastic_nut_0128_NG_HS,0128,OK,NG_HS,OK,False,5,5,"C1,C2,C3,C4,C5",,,True,True,True,True,True,True,True,True,True,True,True,True,True,True,True
plastic_nut::plastic_nut_0128_NG_ZW,plastic_nut,test,plastic_nut_0128_NG_ZW,0128,OK,NG_ZW,OK,False,5,5,"C1,C2,C3,C4,C5",,,True,True,True,True,True,True,True,True,True,True,True,True,True,True,True
plastic_nut::plastic_nut_0128_OK,plastic_nut,test,plastic_nut_0128_OK,0128,OK,OK,OK,True,5,5,"C1,C2,C3,C4,C5",,,True,True,True,True,True,True,True,True,True,True,True,True,True,True,True
plastic_nut::plastic_nut_0129_NG_HS,plastic_nut,test,plastic_nut_0129_NG_HS,0129,OK,NG_HS,OK,False,5,5,"C1,C2,C3,C4,C5",,,True,True,True,True,True,True,True,True,True,True,True,True,True,True,True
plastic_nut::plastic_nut_0129_OK,plastic_nut,train,plastic_nut_0129_OK,0129,OK,OK,OK,True,5,5,"C1,C2,C3,C4,C5",,,True,True,True,True,True,True,True,True,True,True,True,True,True,True,True
plastic_nut::plastic_nut_0130_NG_HS,plastic_nut,test,plastic_nut_0130_NG_HS,0130,OK,NG_HS,OK,False,5,5,"C1,C2,C3,C4,C5",,,True,True,True,True,True,True,True,True,True,True,True,True,True,True,True
plastic_nut::plastic_nut_0130_OK,plastic_nut,test,plastic_nut_0130_OK,0130,OK,OK,OK,True,5,5,"C1,C2,C3,C4,C5",,,True,True,True,True,True,True,True,True,True,True,True,True,True,True,True
plastic_nut::plastic_nut_0131_NG_HS,plastic_nut,test,plastic_nut_0131_NG_HS,0131,OK,NG_HS,OK,False,5,5,"C1,C2,C3,C4,C5",,,True,True,True,True,True,True,True,True,True,True,True,True,True,True,True
plastic_nut::plastic_nut_0131_OK,plastic_nut,train,plastic_nut_0131_OK,0131,OK,OK,OK,True,5,5,"C1,C2,C3,C4,C5",,,True,True,True,True,True,True,True,True,True,True,True,True,True,True,True
plastic_nut::plastic_nut_0132_NG_HS,plastic_nut,test,plastic_nut_0132_NG_HS,0132,OK,NG_HS,OK,False,5,5,"C1,C2,C3,C4,C5",,,True,True,True,True,True,True,True,True,True,True,True,True,True,True,True
plastic_nut::plastic_nut_0132_OK,plastic_nut,test,plastic_nut_0132_OK,0132,OK,OK,OK,True,5,5,"C1,C2,C3,C4,C5",,,True,True,True,True,True,True,True,True,True,True,True,True,True,True,True
plastic_nut::plastic_nut_0133_NG_HS,plastic_nut,test,plastic_nut_0133_NG_HS,0133,OK,NG_HS,OK,False,5,5,"C1,C2,C3,C4,C5",,,True,True,True,True,True,True,True,True,True,True,True,True,True,True,True
plastic_nut::plastic_nut_0133_OK,plastic_nut,train,plastic_nut_0133_OK,0133,OK,OK,OK,True,5,5,"C1,C2,C3,C4,C5",,,True,True,True,True,True,True,True,True,True,True,True,True,True,True,True
plastic_nut::plastic_nut_0134_NG_HS,plastic_nut,test,plastic_nut_0134_NG_HS,0134,OK,NG_HS,OK,False,5,5,"C1,C2,C3,C4,C5",,,True,True,True,True,True,True,True,True,True,True,True,True,True,True,True
plastic_nut::plastic_nut_0134_OK,plastic_nut,train,plastic_nut_0134_OK,0134,OK,OK,OK,True,5,5,"C1,C2,C3,C4,C5",,,True,True,True,True,True,True,True,True,True,True,True,True,True,True,True
plastic_nut::plastic_nut_0135_NG_HS,plastic_nut,test,plastic_nut_0135_NG_HS,0135,OK,NG_HS,OK,False,5,5,"C1,C2,C3,C4,C5",,,True,True,True,True,True,True,True,True,True,True,True,True,True,True,True
plastic_nut::plastic_nut_0135_OK,plastic_nut,test,plastic_nut_0135_OK,0135,OK,OK,OK,True,5,5,"C1,C2,C3,C4,C5",,,True,True,True,True,True,True,True,True,True,True,True,True,True,True,True
plastic_nut::plastic_nut_0136_OK,plastic_nut,train,plastic_nut_0136_OK,0136,OK,OK,OK,True,5,5,"C1,C2,C3,C4,C5",,,True,True,True,True,True,True,True,True,True,True,True,True,True,True,True
plastic_nut::plastic_nut_0137_OK,plastic_nut,train,plastic_nut_0137_OK,0137,OK,OK,OK,True,5,5,"C1,C2,C3,C4,C5",,,True,True,True,True,True,True,True,True,True,True,True,True,True,True,True
plastic_nut::plastic_nut_0138_OK,plastic_nut,train,plastic_nut_0138_OK,0138,OK,OK,OK,True,5,5,"C1,C2,C3,C4,C5",,,True,True,True,True,True,True,True,True,True,True,True,True,True,True,True
plastic_nut::plastic_nut_0139_OK,plastic_nut,test,plastic_nut_0139_OK,0139,OK,OK,OK,True,5,5,"C1,C2,C3,C4,C5",,,True,True,True,True,True,True,True,True,True,True,True,True,True,True,True
plastic_nut::plastic_nut_0140_OK,plastic_nut,test,plastic_nut_0140_OK,0140,OK,OK,OK,True,5,5,"C1,C2,C3,C4,C5",,,True,True,True,True,True,True,True,True,True,True,True,True,True,True,True
plastic_nut::plastic_nut_0141_OK,plastic_nut,test,plastic_nut_0141_OK,0141,OK,OK,OK,True,5,5,"C1,C2,C3,C4,C5",,,True,True,True,True,True,True,True,True,True,True,True,True,True,True,True
plastic_nut::plastic_nut_0142_OK,plastic_nut,train,plastic_nut_0142_OK,0142,OK,OK,OK,True,5,5,"C1,C2,C3,C4,C5",,,True,True,True,True,True,True,True,True,True,True,True,True,True,True,True
plastic_nut::plastic_nut_0143_OK,plastic_nut,test,plastic_nut_0143_OK,0143,OK,OK,OK,True,5,5,"C1,C2,C3,C4,C5",,,True,True,True,True,True,True,True,True,True,True,True,True,True,True,True
plastic_nut::plastic_nut_0144_OK,plastic_nut,test,plastic_nut_0144_OK,0144,OK,OK,OK,True,5,5,"C1,C2,C3,C4,C5",,,True,True,True,True,True,True,True,True,True,True,True,True,True,True,True
plastic_nut::plastic_nut_0145_OK,plastic_nut,train,plastic_nut_0145_OK,0145,OK,OK,OK,True,5,5,"C1,C2,C3,C4,C5",,,True,True,True,True,True,True,True,True,True,True,True,True,True,True,True
plastic_nut::plastic_nut_0146_OK,plastic_nut,train,plastic_nut_0146_OK,0146,OK,OK,OK,True,5,5,"C1,C2,C3,C4,C5",,,True,True,True,True,True,True,True,True,True,True,True,True,True,True,True
plastic_nut::plastic_nut_0147_OK,plastic_nut,test,plastic_nut_0147_OK,0147,OK,OK,OK,True,5,5,"C1,C2,C3,C4,C5",,,True,True,True,True,True,True,True,True,True,True,True,True,True,True,True
plastic_nut::plastic_nut_0148_OK,plastic_nut,test,plastic_nut_0148_OK,0148,OK,OK,OK,True,5,5,"C1,C2,C3,C4,C5",,,True,True,True,True,True,True,True,True,True,True,True,True,True,True,True
plastic_nut::plastic_nut_0149_OK,plastic_nut,test,plastic_nut_0149_OK,0149,OK,OK,OK,True,5,5,"C1,C2,C3,C4,C5",,,True,True,True,True,True,True,True,True,True,True,True,True,True,True,True
plastic_nut::plastic_nut_0150_OK,plastic_nut,train,plastic_nut_0150_OK,0150,OK,OK,OK,True,5,5,"C1,C2,C3,C4,C5",,,True,True,True,True,True,True,True,True,True,True,True,True,True,True,True
plastic_nut::plastic_nut_0151_OK,plastic_nut,train,plastic_nut_0151_OK,0151,OK,OK,OK,True,5,5,"C1,C2,C3,C4,C5",,,True,True,True,True,True,True,True,True,True,True,True,True,True,True,True
plastic_nut::plastic_nut_0152_OK,plastic_nut,train,plastic_nut_0152_OK,0152,OK,OK,OK,True,5,5,"C1,C2,C3,C4,C5",,,True,True,True,True,True,True,True,True,True,True,True,True,True,True,True
plastic_nut::plastic_nut_0153_OK,plastic_nut,train,plastic_nut_0153_OK,0153,OK,OK,OK,True,5,5,"C1,C2,C3,C4,C5",,,True,True,True,True,True,True,True,True,True,True,True,True,True,True,True
plastic_nut::plastic_nut_0154_OK,plastic_nut,train,plastic_nut_0154_OK,0154,OK,OK,OK,True,5,5,"C1,C2,C3,C4,C5",,,True,True,True,True,True,True,True,True,True,True,True,True,True,True,True
plastic_nut::plastic_nut_0155_OK,plastic_nut,test,plastic_nut_0155_OK,0155,OK,OK,OK,True,5,5,"C1,C2,C3,C4,C5",,,True,True,True,True,True,True,True,True,True,True,True,True,True,True,True
plastic_nut::plastic_nut_0156_OK,plastic_nut,train,plastic_nut_0156_OK,0156,OK,OK,OK,True,5,5,"C1,C2,C3,C4,C5",,,True,True,True,True,True,True,True,True,True,True,True,True,True,True,True
plastic_nut::plastic_nut_0157_OK,plastic_nut,train,plastic_nut_0157_OK,0157,OK,OK,OK,True,5,5,"C1,C2,C3,C4,C5",,,True,True,True,True,True,True,True,True,True,True,True,True,True,True,True
plastic_nut::plastic_nut_0158_OK,plastic_nut,test,plastic_nut_0158_OK,0158,OK,OK,OK,True,5,5,"C1,C2,C3,C4,C5",,,True,True,True,True,True,True,True,True,True,True,True,True,True,True,True
plastic_nut::plastic_nut_0159_OK,plastic_nut,train,plastic_nut_0159_OK,0159,OK,OK,OK,True,5,5,"C1,C2,C3,C4,C5",,,True,True,True,True,True,True,True,True,True,True,True,True,True,True,True
plastic_nut::plastic_nut_0160_OK,plastic_nut,train,plastic_nut_0160_OK,0160,OK,OK,OK,True,5,5,"C1,C2,C3,C4,C5",,,True,True,True,True,True,True,True,True,True,True,True,True,True,True,True
plastic_nut::plastic_nut_0161_OK,plastic_nut,test,plastic_nut_0161_OK,0161,OK,OK,OK,True,5,5,"C1,C2,C3,C4,C5",,,True,True,True,True,True,True,True,True,True,True,True,True,True,True,True
plastic_nut::plastic_nut_0162_OK,plastic_nut,train,plastic_nut_0162_OK,0162,OK,OK,OK,True,5,5,"C1,C2,C3,C4,C5",,,True,True,True,True,True,True,True,True,True,True,True,True,True,True,True
plastic_nut::plastic_nut_0163_OK,plastic_nut,train,plastic_nut_0163_OK,0163,OK,OK,OK,True,5,5,"C1,C2,C3,C4,C5",,,True,True,True,True,True,True,True,True,True,True,True,True,True,True,True
plastic_nut::plastic_nut_0164_OK,plastic_nut,train,plastic_nut_0164_OK,0164,OK,OK,OK,True,5,5,"C1,C2,C3,C4,C5",,,True,True,True,True,True,True,True,True,True,True,True,True,True,True,True
plastic_nut::plastic_nut_0165_OK,plastic_nut,test,plastic_nut_0165_OK,0165,OK,OK,OK,True,5,5,"C1,C2,C3,C4,C5",,,True,True,True,True,True,True,True,True,True,True,True,True,True,True,True
plastic_nut::plastic_nut_0166_OK,plastic_nut,test,plastic_nut_0166_OK,0166,OK,OK,OK,True,5,5,"C1,C2,C3,C4,C5",,,True,True,True,True,True,True,True,True,True,True,True,True,True,True,True
plastic_nut::plastic_nut_0167_OK,plastic_nut,train,plastic_nut_0167_OK,0167,OK,OK,OK,True,5,5,"C1,C2,C3,C4,C5",,,True,True,True,True,True,True,True,True,True,True,True,True,True,True,True
plastic_nut::plastic_nut_0168_OK,plastic_nut,train,plastic_nut_0168_OK,0168,OK,OK,OK,True,5,5,"C1,C2,C3,C4,C5",,,True,True,True,True,True,True,True,True,True,True,True,True,True,True,True
plastic_nut::plastic_nut_0169_OK,plastic_nut,test,plastic_nut_0169_OK,0169,OK,OK,OK,True,5,5,"C1,C2,C3,C4,C5",,,True,True,True,True,True,True,True,True,True,True,True,True,True,True,True
plastic_nut::plastic_nut_0170_OK,plastic_nut,train,plastic_nut_0170_OK,0170,OK,OK,OK,True,5,5,"C1,C2,C3,C4,C5",,,True,True,True,True,True,True,True,True,True,True,True,True,True,True,True
plastic_nut::plastic_nut_0171_OK,plastic_nut,test,plastic_nut_0171_OK,0171,OK,OK,OK,True,5,5,"C1,C2,C3,C4,C5",,,True,True,True,True,True,True,True,True,True,True,True,True,True,True,True
plastic_nut::plastic_nut_0172_OK,plastic_nut,test,plastic_nut_0172_OK,0172,OK,OK,OK,True,5,5,"C1,C2,C3,C4,C5",,,True,True,True,True,True,True,True,True,True,True,True,True,True,True,True
plastic_nut::plastic_nut_0173_OK,plastic_nut,test,plastic_nut_0173_OK,0173,OK,OK,OK,True,5,5,"C1,C2,C3,C4,C5",,,True,True,True,True,True,True,True,True,True,True,True,True,True,True,True
plastic_nut::plastic_nut_0174_OK,plastic_nut,train,plastic_nut_0174_OK,0174,OK,OK,OK,True,5,5,"C1,C2,C3,C4,C5",,,True,True,True,True,True,True,True,True,True,True,True,True,True,True,True
plastic_nut::plastic_nut_0175_OK,plastic_nut,train,plastic_nut_0175_OK,0175,OK,OK,OK,True,5,5,"C1,C2,C3,C4,C5",,,True,True,True,True,True,True,True,True,True,True,True,True,True,True,True
plastic_nut::plastic_nut_0176_OK,plastic_nut,train,plastic_nut_0176_OK,0176,OK,OK,OK,True,5,5,"C1,C2,C3,C4,C5",,,True,True,True,True,True,True,True,True,True,True,True,True,True,True,True
plastic_nut::plastic_nut_0177_OK,plastic_nut,train,plastic_nut_0177_OK,0177,OK,OK,OK,True,5,5,"C1,C2,C3,C4,C5",,,True,True,True,True,True,True,True,True,True,True,True,True,True,True,True
plastic_nut::plastic_nut_0178_OK,plastic_nut,test,plastic_nut_0178_OK,0178,OK,OK,OK,True,5,5,"C1,C2,C3,C4,C5",,,True,True,True,True,True,True,True,True,True,True,True,True,True,True,True
plastic_nut::plastic_nut_0179_OK,plastic_nut,train,plastic_nut_0179_OK,0179,OK,OK,OK,True,5,5,"C1,C2,C3,C4,C5",,,True,True,True,True,True,True,True,True,True,True,True,True,True,True,True
plastic_nut::plastic_nut_0180_OK,plastic_nut,test,plastic_nut_0180_OK,0180,OK,OK,OK,True,5,5,"C1,C2,C3,C4,C5",,,True,True,True,True,True,True,True,True,True,True,True,True,True,True,True
plastic_nut::plastic_nut_0181_OK,plastic_nut,train,plastic_nut_0181_OK,0181,OK,OK,OK,True,5,5,"C1,C2,C3,C4,C5",,,True,True,True,True,True,True,True,True,True,True,True,True,True,True,True
plastic_nut::plastic_nut_0182_OK,plastic_nut,test,plastic_nut_0182_OK,0182,OK,OK,OK,True,5,5,"C1,C2,C3,C4,C5",,,True,True,True,True,True,True,True,True,True,True,True,True,True,True,True
plastic_nut::plastic_nut_0183_OK,plastic_nut,test,plastic_nut_0183_OK,0183,OK,OK,OK,True,5,5,"C1,C2,C3,C4,C5",,,True,True,True,True,True,True,True,True,True,True,True,True,True,True,True
plastic_nut::plastic_nut_0184_OK,plastic_nut,test,plastic_nut_0184_OK,0184,OK,OK,OK,True,5,5,"C1,C2,C3,C4,C5",,,True,True,True,True,True,True,True,True,True,True,True,True,True,True,True
plastic_nut::plastic_nut_0185_OK,plastic_nut,test,plastic_nut_0185_OK,0185,OK,OK,OK,True,5,5,"C1,C2,C3,C4,C5",,,True,True,True,True,True,True,True,True,True,True,True,True,True,True,True
plastic_nut::plastic_nut_0186_OK,plastic_nut,train,plastic_nut_0186_OK,0186,OK,OK,OK,True,5,5,"C1,C2,C3,C4,C5",,,True,True,True,True,True,True,True,True,True,True,True,True,True,True,True
plastic_nut::plastic_nut_0187_OK,plastic_nut,train,plastic_nut_0187_OK,0187,OK,OK,OK,True,5,5,"C1,C2,C3,C4,C5",,,True,True,True,True,True,True,True,True,True,True,True,True,True,True,True
plastic_nut::plastic_nut_0188_OK,plastic_nut,train,plastic_nut_0188_OK,0188,OK,OK,OK,True,5,5,"C1,C2,C3,C4,C5",,,True,True,True,True,True,True,True,True,True,True,True,True,True,True,True
plastic_nut::plastic_nut_0189_OK,plastic_nut,test,plastic_nut_0189_OK,0189,OK,OK,OK,True,5,5,"C1,C2,C3,C4,C5",,,True,True,True,True,True,True,True,True,True,True,True,True,True,True,True
plastic_nut::plastic_nut_0190_OK,plastic_nut,train,plastic_nut_0190_OK,0190,OK,OK,OK,True,5,5,"C1,C2,C3,C4,C5",,,True,True,True,True,True,True,True,True,True,True,True,True,True,True,True
plastic_nut::plastic_nut_0191_OK,plastic_nut,train,plastic_nut_0191_OK,0191,OK,OK,OK,True,5,5,"C1,C2,C3,C4,C5",,,True,True,True,True,True,True,True,True,True,True,True,True,True,True,True
plastic_nut::plastic_nut_0192_OK,plastic_nut,train,plastic_nut_0192_OK,0192,OK,OK,OK,True,5,5,"C1,C2,C3,C4,C5",,,True,True,True,True,True,True,True,True,True,True,True,True,True,True,True
plastic_nut::plastic_nut_0193_OK,plastic_nut,test,plastic_nut_0193_OK,0193,OK,OK,OK,True,5,5,"C1,C2,C3,C4,C5",,,True,True,True,True,True,True,True,True,True,True,True,True,True,True,True
plastic_nut::plastic_nut_0194_OK,plastic_nut,train,plastic_nut_0194_OK,0194,OK,OK,OK,True,5,5,"C1,C2,C3,C4,C5",,,True,True,True,True,True,True,True,True,True,True,True,True,True,True,True
plastic_nut::plastic_nut_0195_OK,plastic_nut,test,plastic_nut_0195_OK,0195,OK,OK,OK,True,5,5,"C1,C2,C3,C4,C5",,,True,True,True,True,True,True,True,True,True,True,True,True,True,True,True
plastic_nut::plastic_nut_0196_OK,plastic_nut,train,plastic_nut_0196_OK,0196,OK,OK,OK,True,5,5,"C1,C2,C3,C4,C5",,,True,True,True,True,True,True,True,True,True,True,True,True,True,True,True
plastic_nut::plastic_nut_0197_OK,plastic_nut,test,plastic_nut_0197_OK,0197,OK,OK,OK,True,5,5,"C1,C2,C3,C4,C5",,,True,True,True,True,True,True,True,True,True,True,True,True,True,True,True
plastic_nut::plastic_nut_0198_OK,plastic_nut,test,plastic_nut_0198_OK,0198,OK,OK,OK,True,5,5,"C1,C2,C3,C4,C5",,,True,True,True,True,True,True,True,True,True,True,True,True,True,True,True
plastic_nut::plastic_nut_0199_OK,plastic_nut,train,plastic_nut_0199_OK,0199,OK,OK,OK,True,5,5,"C1,C2,C3,C4,C5",,,True,True,True,True,True,True,True,True,True,True,True,True,True,True,True
plastic_nut::plastic_nut_0200_OK,plastic_nut,train,plastic_nut_0200_OK,0200,OK,OK,OK,True,5,5,"C1,C2,C3,C4,C5",,,True,True,True,True,True,True,True,True,True,True,True,True,True,True,True
plastic_nut::plastic_nut_0201_OK,plastic_nut,test,plastic_nut_0201_OK,0201,OK,OK,OK,True,5,5,"C1,C2,C3,C4,C5",,,True,True,True,True,True,True,True,True,True,True,True,True,True,True,True
plastic_nut::plastic_nut_0202_OK,plastic_nut,test,plastic_nut_0202_OK,0202,OK,OK,OK,True,5,5,"C1,C2,C3,C4,C5",,,True,True,True,True,True,True,True,True,True,True,True,True,True,True,True
plastic_nut::plastic_nut_0203_OK,plastic_nut,test,plastic_nut_0203_OK,0203,OK,OK,OK,True,5,5,"C1,C2,C3,C4,C5",,,True,True,True,True,True,True,True,True,True,True,True,True,True,True,True
plastic_nut::plastic_nut_0204_OK,plastic_nut,train,plastic_nut_0204_OK,0204,OK,OK,OK,True,5,5,"C1,C2,C3,C4,C5",,,True,True,True,True,True,True,True,True,True,True,True,True,True,True,True
plastic_nut::plastic_nut_0205_OK,plastic_nut,test,plastic_nut_0205_OK,0205,OK,OK,OK,True,5,5,"C1,C2,C3,C4,C5",,,True,True,True,True,True,True,True,True,True,True,True,True,True,True,True
plastic_nut::plastic_nut_0206_OK,plastic_nut,train,plastic_nut_0206_OK,0206,OK,OK,OK,True,5,5,"C1,C2,C3,C4,C5",,,True,True,True,True,True,True,True,True,True,True,True,True,True,True,True
plastic_nut::plastic_nut_0207_OK,plastic_nut,test,plastic_nut_0207_OK,0207,OK,OK,OK,True,5,5,"C1,C2,C3,C4,C5",,,True,True,True,True,True,True,True,True,True,True,True,True,True,True,True
plastic_nut::plastic_nut_0208_OK,plastic_nut,test,plastic_nut_0208_OK,0208,OK,OK,OK,True,5,5,"C1,C2,C3,C4,C5",,,True,True,True,True,True,True,True,True,True,True,True,True,True,True,True
plastic_nut::plastic_nut_0209_OK,plastic_nut,train,plastic_nut_0209_OK,0209,OK,OK,OK,True,5,5,"C1,C2,C3,C4,C5",,,True,True,True,True,True,True,True,True,True,True,True,True,True,True,True
plastic_nut::plastic_nut_0210_OK,plastic_nut,test,plastic_nut_0210_OK,0210,OK,OK,OK,True,5,5,"C1,C2,C3,C4,C5",,,True,True,True,True,True,True,True,True,True,True,True,True,True,True,True
plastic_nut::plastic_nut_0211_OK,plastic_nut,test,plastic_nut_0211_OK,0211,OK,OK,OK,True,5,5,"C1,C2,C3,C4,C5",,,True,True,True,True,True,True,True,True,True,True,True,True,True,True,True
plastic_nut::plastic_nut_0212_OK,plastic_nut,test,plastic_nut_0212_OK,0212,OK,OK,OK,True,5,5,"C1,C2,C3,C4,C5",,,True,True,True,True,True,True,True,True,True,True,True,True,True,True,True
plastic_nut::plastic_nut_0213_OK,plastic_nut,test,plastic_nut_0213_OK,0213,OK,OK,OK,True,5,5,"C1,C2,C3,C4,C5",,,True,True,True,True,True,True,True,True,True,True,True,True,True,True,True
plastic_nut::plastic_nut_0214_OK,plastic_nut,train,plastic_nut_0214_OK,0214,OK,OK,OK,True,5,5,"C1,C2,C3,C4,C5",,,True,True,True,True,True,True,True,True,True,True,True,True,True,True,True
plastic_nut::plastic_nut_0215_OK,plastic_nut,test,plastic_nut_0215_OK,0215,OK,OK,OK,True,5,5,"C1,C2,C3,C4,C5",,,True,True,True,True,True,True,True,True,True,True,True,True,True,True,True
plastic_nut::plastic_nut_0216_OK,plastic_nut,train,plastic_nut_0216_OK,0216,OK,OK,OK,True,5,5,"C1,C2,C3,C4,C5",,,True,True,True,True,True,True,True,True,True,True,True,True,True,True,True
plastic_nut::plastic_nut_0217_OK,plastic_nut,train,plastic_nut_0217_OK,0217,OK,OK,OK,True,5,5,"C1,C2,C3,C4,C5",,,True,True,True,True,True,True,True,True,True,True,True,True,True,True,True
plastic_nut::plastic_nut_0218_OK,plastic_nut,test,plastic_nut_0218_OK,0218,OK,OK,OK,True,5,5,"C1,C2,C3,C4,C5",,,True,True,True,True,True,True,True,True,True,True,True,True,True,True,True
plastic_nut::plastic_nut_0219_OK,plastic_nut,train,plastic_nut_0219_OK,0219,OK,OK,OK,True,5,5,"C1,C2,C3,C4,C5",,,True,True,True,True,True,True,True,True,True,True,True,True,True,True,True
plastic_nut::plastic_nut_0220_OK,plastic_nut,test,plastic_nut_0220_OK,0220,OK,OK,OK,True,5,5,"C1,C2,C3,C4,C5",,,True,True,True,True,True,True,True,True,True,True,True,True,True,True,True
plastic_nut::plastic_nut_0221_OK,plastic_nut,test,plastic_nut_0221_OK,0221,OK,OK,OK,True,5,5,"C1,C2,C3,C4,C5",,,True,True,True,True,True,True,True,True,True,True,True,True,True,True,True
plastic_nut::plastic_nut_0222_OK,plastic_nut,train,plastic_nut_0222_OK,0222,OK,OK,OK,True,5,5,"C1,C2,C3,C4,C5",,,True,True,True,True,True,True,True,True,True,True,True,True,True,True,True
plastic_nut::plastic_nut_0223_OK,plastic_nut,train,plastic_nut_0223_OK,0223,OK,OK,OK,True,5,5,"C1,C2,C3,C4,C5",,,True,True,True,True,True,True,True,True,True,True,True,True,True,True,True
plastic_nut::plastic_nut_0224_OK,plastic_nut,test,plastic_nut_0224_OK,0224,OK,OK,OK,True,5,5,"C1,C2,C3,C4,C5",,,True,True,True,True,True,True,True,True,True,True,True,True,True,True,True
plastic_nut::plastic_nut_0225_OK,plastic_nut,train,plastic_nut_0225_OK,0225,OK,OK,OK,True,5,5,"C1,C2,C3,C4,C5",,,True,True,True,True,True,True,True,True,True,True,True,True,True,True,True
plastic_nut::plastic_nut_0226_OK,plastic_nut,train,plastic_nut_0226_OK,0226,OK,OK,OK,True,5,5,"C1,C2,C3,C4,C5",,,True,True,True,True,True,True,True,True,True,True,True,True,True,True,True
plastic_nut::plastic_nut_0227_OK,plastic_nut,test,plastic_nut_0227_OK,0227,OK,OK,OK,True,5,5,"C1,C2,C3,C4,C5",,,True,True,True,True,True,True,True,True,True,True,True,True,True,True,True
plastic_nut::plastic_nut_0228_OK,plastic_nut,train,plastic_nut_0228_OK,0228,OK,OK,OK,True,5,5,"C1,C2,C3,C4,C5",,,True,True,True,True,True,True,True,True,True,True,True,True,True,True,True
plastic_nut::plastic_nut_0229_OK,plastic_nut,train,plastic_nut_0229_OK,0229,OK,OK,OK,True,5,5,"C1,C2,C3,C4,C5",,,True,True,True,True,True,True,True,True,True,True,True,True,True,True,True
plastic_nut::plastic_nut_0230_OK,plastic_nut,train,plastic_nut_0230_OK,0230,OK,OK,OK,True,5,5,"C1,C2,C3,C4,C5",,,True,True,True,True,True,True,True,True,True,True,True,True,True,True,True
plastic_nut::plastic_nut_0231_OK,plastic_nut,test,plastic_nut_0231_OK,0231,OK,OK,OK,True,5,5,"C1,C2,C3,C4,C5",,,True,True,True,True,True,True,True,True,True,True,True,True,True,True,True
plastic_nut::plastic_nut_0232_OK,plastic_nut,test,plastic_nut_0232_OK,0232,OK,OK,OK,True,5,5,"C1,C2,C3,C4,C5",,,True,True,True,True,True,True,True,True,True,True,True,True,True,True,True
plastic_nut::plastic_nut_0233_OK,plastic_nut,test,plastic_nut_0233_OK,0233,OK,OK,OK,True,5,5,"C1,C2,C3,C4,C5",,,True,True,True,True,True,True,True,True,True,True,True,True,True,True,True
plastic_nut::plastic_nut_0234_OK,plastic_nut,train,plastic_nut_0234_OK,0234,OK,OK,OK,True,5,5,"C1,C2,C3,C4,C5",,,True,True,True,True,True,True,True,True,True,True,True,True,True,True,True
plastic_nut::plastic_nut_0235_OK,plastic_nut,train,plastic_nut_0235_OK,0235,OK,OK,OK,True,5,5,"C1,C2,C3,C4,C5",,,True,True,True,True,True,True,True,True,True,True,True,True,True,True,True
plastic_nut::plastic_nut_0236_OK,plastic_nut,train,plastic_nut_0236_OK,0236,OK,OK,OK,True,5,5,"C1,C2,C3,C4,C5",,,True,True,True,True,True,True,True,True,True,True,True,True,True,True,True
plastic_nut::plastic_nut_0237_OK,plastic_nut,test,plastic_nut_0237_OK,0237,OK,OK,OK,True,5,5,"C1,C2,C3,C4,C5",,,True,True,True,True,True,True,True,True,True,True,True,True,True,True,True
plastic_nut::plastic_nut_0238_OK,plastic_nut,train,plastic_nut_0238_OK,0238,OK,OK,OK,True,5,5,"C1,C2,C3,C4,C5",,,True,True,True,True,True,True,True,True,True,True,True,True,True,True,True
plastic_nut::plastic_nut_0239_OK,plastic_nut,test,plastic_nut_0239_OK,0239,OK,OK,OK,True,5,5,"C1,C2,C3,C4,C5",,,True,True,True,True,True,True,True,True,True,True,True,True,True,True,True
plastic_nut::plastic_nut_0240_OK,plastic_nut,train,plastic_nut_0240_OK,0240,OK,OK,OK,True,5,5,"C1,C2,C3,C4,C5",,,True,True,True,True,True,True,True,True,True,True,True,True,True,True,True
plastic_nut::plastic_nut_0241_OK,plastic_nut,test,plastic_nut_0241_OK,0241,OK,OK,OK,True,5,5,"C1,C2,C3,C4,C5",,,True,True,True,True,True,True,True,True,True,True,True,True,True,True,True
plastic_nut::plastic_nut_0242_OK,plastic_nut,test,plastic_nut_0242_OK,0242,OK,OK,OK,True,5,5,"C1,C2,C3,C4,C5",,,True,True,True,True,True,True,True,True,True,True,True,True,True,True,True
plastic_nut::plastic_nut_0243_OK,plastic_nut,test,plastic_nut_0243_OK,0243,OK,OK,OK,True,5,5,"C1,C2,C3,C4,C5",,,True,True,True,True,True,True,True,True,True,True,True,True,True,True,True
plastic_nut::plastic_nut_0244_OK,plastic_nut,train,plastic_nut_0244_OK,0244,OK,OK,OK,True,5,5,"C1,C2,C3,C4,C5",,,True,True,True,True,True,True,True,True,True,True,True,True,True,True,True
plastic_nut::plastic_nut_0245_OK,plastic_nut,train,plastic_nut_0245_OK,0245,OK,OK,OK,True,5,5,"C1,C2,C3,C4,C5",,,True,True,True,True,True,True,True,True,True,True,True,True,True,True,True
plastic_nut::plastic_nut_0246_OK,plastic_nut,train,plastic_nut_0246_OK,0246,OK,OK,OK,True,5,5,"C1,C2,C3,C4,C5",,,True,True,True,True,True,True,True,True,True,True,True,True,True,True,True
plastic_nut::plastic_nut_0247_OK,plastic_nut,train,plastic_nut_0247_OK,0247,OK,OK,OK,True,5,5,"C1,C2,C3,C4,C5",,,True,True,True,True,True,True,True,True,True,True,True,True,True,True,True
plastic_nut::plastic_nut_0248_OK,plastic_nut,train,plastic_nut_0248_OK,0248,OK,OK,OK,True,5,5,"C1,C2,C3,C4,C5",,,True,True,True,True,True,True,True,True,True,True,True,True,True,True,True
plastic_nut::plastic_nut_0249_OK,plastic_nut,test,plastic_nut_0249_OK,0249,OK,OK,OK,True,5,5,"C1,C2,C3,C4,C5",,,True,True,True,True,True,True,True,True,True,True,True,True,True,True,True
plastic_nut::plastic_nut_0250_OK,plastic_nut,train,plastic_nut_0250_OK,0250,OK,OK,OK,True,5,5,"C1,C2,C3,C4,C5",,,True,True,True,True,True,True,True,True,True,True,True,True,True,True,True
plastic_nut::plastic_nut_0251_OK,plastic_nut,test,plastic_nut_0251_OK,0251,OK,OK,OK,True,5,5,"C1,C2,C3,C4,C5",,,True,True,True,True,True,True,True,True,True,True,True,True,True,True,True
plastic_nut::plastic_nut_0252_OK,plastic_nut,test,plastic_nut_0252_OK,0252,OK,OK,OK,True,5,5,"C1,C2,C3,C4,C5",,,True,True,True,True,True,True,True,True,True,True,True,True,True,True,True
plastic_nut::plastic_nut_0253_OK,plastic_nut,train,plastic_nut_0253_OK,0253,OK,OK,OK,True,5,5,"C1,C2,C3,C4,C5",,,True,True,True,True,True,True,True,True,True,True,True,True,True,True,True
plastic_nut::plastic_nut_0254_OK,plastic_nut,test,plastic_nut_0254_OK,0254,OK,OK,OK,True,5,5,"C1,C2,C3,C4,C5",,,True,True,True,True,True,True,True,True,True,True,True,True,True,True,True
plastic_nut::plastic_nut_0255_OK,plastic_nut,test,plastic_nut_0255_OK,0255,OK,OK,OK,True,5,5,"C1,C2,C3,C4,C5",,,True,True,True,True,True,True,True,True,True,True,True,True,True,True,True
plastic_nut::plastic_nut_0256_OK,plastic_nut,train,plastic_nut_0256_OK,0256,OK,OK,OK,True,5,5,"C1,C2,C3,C4,C5",,,True,True,True,True,True,True,True,True,True,True,True,True,True,True,True
plastic_nut::plastic_nut_0257_OK,plastic_nut,test,plastic_nut_0257_OK,0257,OK,OK,OK,True,5,5,"C1,C2,C3,C4,C5",,,True,True,True,True,True,True,True,True,True,True,True,True,True,True,True
plastic_nut::plastic_nut_0258_OK,plastic_nut,train,plastic_nut_0258_OK,0258,OK,OK,OK,True,5,5,"C1,C2,C3,C4,C5",,,True,True,True,True,True,True,True,True,True,True,True,True,True,True,True
plastic_nut::plastic_nut_0259_OK,plastic_nut,train,plastic_nut_0259_OK,0259,OK,OK,OK,True,5,5,"C1,C2,C3,C4,C5",,,True,True,True,True,True,True,True,True,True,True,True,True,True,True,True
plastic_nut::plastic_nut_0260_OK,plastic_nut,train,plastic_nut_0260_OK,0260,OK,OK,OK,True,5,5,"C1,C2,C3,C4,C5",,,True,True,True,True,True,True,True,True,True,True,True,True,True,True,True
plastic_nut::plastic_nut_0261_OK,plastic_nut,test,plastic_nut_0261_OK,0261,OK,OK,OK,True,5,5,"C1,C2,C3,C4,C5",,,True,True,True,True,True,True,True,True,True,True,True,True,True,True,True
plastic_nut::plastic_nut_0262_OK,plastic_nut,train,plastic_nut_0262_OK,0262,OK,OK,OK,True,5,5,"C1,C2,C3,C4,C5",,,True,True,True,True,True,True,True,True,True,True,True,True,True,True,True
plastic_nut::plastic_nut_0263_OK,plastic_nut,train,plastic_nut_0263_OK,0263,OK,OK,OK,True,5,5,"C1,C2,C3,C4,C5",,,True,True,True,True,True,True,True,True,True,True,True,True,True,True,True
plastic_nut::plastic_nut_0264_OK,plastic_nut,test,plastic_nut_0264_OK,0264,OK,OK,OK,True,5,5,"C1,C2,C3,C4,C5",,,True,True,True,True,True,True,True,True,True,True,True,True,True,True,True
plastic_nut::plastic_nut_0265_OK,plastic_nut,train,plastic_nut_0265_OK,0265,OK,OK,OK,True,5,5,"C1,C2,C3,C4,C5",,,True,True,True,True,True,True,True,True,True,True,True,True,True,True,True
plastic_nut::plastic_nut_0266_OK,plastic_nut,test,plastic_nut_0266_OK,0266,OK,OK,OK,True,5,5,"C1,C2,C3,C4,C5",,,True,True,True,True,True,True,True,True,True,True,True,True,True,True,True
plastic_nut::plastic_nut_0267_OK,plastic_nut,test,plastic_nut_0267_OK,0267,OK,OK,OK,True,5,5,"C1,C2,C3,C4,C5",,,True,True,True,True,True,True,True,True,True,True,True,True,True,True,True
plastic_nut::plastic_nut_0268_OK,plastic_nut,train,plastic_nut_0268_OK,0268,OK,OK,OK,True,5,5,"C1,C2,C3,C4,C5",,,True,True,True,True,True,True,True,True,True,True,True,True,True,True,True
plastic_nut::plastic_nut_0269_OK,plastic_nut,train,plastic_nut_0269_OK,0269,OK,OK,OK,True,5,5,"C1,C2,C3,C4,C5",,,True,True,True,True,True,True,True,True,True,True,True,True,True,True,True
plastic_nut::plastic_nut_0270_OK,plastic_nut,test,plastic_nut_0270_OK,0270,OK,OK,OK,True,5,5,"C1,C2,C3,C4,C5",,,True,True,True,True,True,True,True,True,True,True,True,True,True,True,True
plastic_nut::plastic_nut_0271_OK,plastic_nut,test,plastic_nut_0271_OK,0271,OK,OK,OK,True,5,5,"C1,C2,C3,C4,C5",,,True,True,True,True,True,True,True,True,True,True,True,True,True,True,True
plastic_nut::plastic_nut_0272_OK,plastic_nut,train,plastic_nut_0272_OK,0272,OK,OK,OK,True,5,5,"C1,C2,C3,C4,C5",,,True,True,True,True,True,True,True,True,True,True,True,True,True,True,True
plastic_nut::plastic_nut_0273_OK,plastic_nut,train,plastic_nut_0273_OK,0273,OK,OK,OK,True,5,5,"C1,C2,C3,C4,C5",,,True,True,True,True,True,True,True,True,True,True,True,True,True,True,True
plastic_nut::plastic_nut_0274_OK,plastic_nut,test,plastic_nut_0274_OK,0274,OK,OK,OK,True,5,5,"C1,C2,C3,C4,C5",,,True,True,True,True,True,True,True,True,True,True,True,True,True,True,True
plastic_nut::plastic_nut_0275_OK,plastic_nut,train,plastic_nut_0275_OK,0275,OK,OK,OK,True,5,5,"C1,C2,C3,C4,C5",,,True,True,True,True,True,True,True,True,True,True,True,True,True,True,True
plastic_nut::plastic_nut_0276_OK,plastic_nut,train,plastic_nut_0276_OK,0276,OK,OK,OK,True,5,5,"C1,C2,C3,C4,C5",,,True,True,True,True,True,True,True,True,True,True,True,True,True,True,True
plastic_nut::plastic_nut_0277_OK,plastic_nut,train,plastic_nut_0277_OK,0277,OK,OK,OK,True,5,5,"C1,C2,C3,C4,C5",,,True,True,True,True,True,True,True,True,True,True,True,True,True,True,True
plastic_nut::plastic_nut_0278_OK,plastic_nut,train,plastic_nut_0278_OK,0278,OK,OK,OK,True,5,5,"C1,C2,C3,C4,C5",,,True,True,True,True,True,True,True,True,True,True,True,True,True,True,True
plastic_nut::plastic_nut_0279_OK,plastic_nut,test,plastic_nut_0279_OK,0279,OK,OK,OK,True,5,5,"C1,C2,C3,C4,C5",,,True,True,True,True,True,True,True,True,True,True,True,True,True,True,True
plastic_nut::plastic_nut_0280_OK,plastic_nut,test,plastic_nut_0280_OK,0280,OK,OK,OK,True,5,5,"C1,C2,C3,C4,C5",,,True,True,True,True,True,True,True,True,True,True,True,True,True,True,True
plastic_nut::plastic_nut_0281_OK,plastic_nut,train,plastic_nut_0281_OK,0281,OK,OK,OK,True,5,5,"C1,C2,C3,C4,C5",,,True,True,True,True,True,True,True,True,True,True,True,True,True,True,True
plastic_nut::plastic_nut_0282_OK,plastic_nut,train,plastic_nut_0282_OK,0282,OK,OK,OK,True,5,5,"C1,C2,C3,C4,C5",,,True,True,True,True,True,True,True,True,True,True,True,True,True,True,True
plastic_nut::plastic_nut_0283_OK,plastic_nut,test,plastic_nut_0283_OK,0283,OK,OK,OK,True,5,5,"C1,C2,C3,C4,C5",,,True,True,True,True,True,True,True,True,True,True,True,True,True,True,True
plastic_nut::plastic_nut_0284_OK,plastic_nut,train,plastic_nut_0284_OK,0284,OK,OK,OK,True,5,5,"C1,C2,C3,C4,C5",,,True,True,True,True,True,True,True,True,True,True,True,True,True,True,True
plastic_nut::plastic_nut_0285_OK,plastic_nut,train,plastic_nut_0285_OK,0285,OK,OK,OK,True,5,5,"C1,C2,C3,C4,C5",,,True,True,True,True,True,True,True,True,True,True,True,True,True,True,True
plastic_nut::plastic_nut_0286_OK,plastic_nut,train,plastic_nut_0286_OK,0286,OK,OK,OK,True,5,5,"C1,C2,C3,C4,C5",,,True,True,True,True,True,True,True,True,True,True,True,True,True,True,True
plastic_nut::plastic_nut_0287_OK,plastic_nut,train,plastic_nut_0287_OK,0287,OK,OK,OK,True,5,5,"C1,C2,C3,C4,C5",,,True,True,True,True,True,True,True,True,True,True,True,True,True,True,True
plastic_nut::plastic_nut_0288_OK,plastic_nut,test,plastic_nut_0288_OK,0288,OK,OK,OK,True,5,5,"C1,C2,C3,C4,C5",,,True,True,True,True,True,True,True,True,True,True,True,True,True,True,True
plastic_nut::plastic_nut_0289_OK,plastic_nut,train,plastic_nut_0289_OK,0289,OK,OK,OK,True,5,5,"C1,C2,C3,C4,C5",,,True,True,True,True,True,True,True,True,True,True,True,True,True,True,True
plastic_nut::plastic_nut_0290_OK,plastic_nut,test,plastic_nut_0290_OK,0290,OK,OK,OK,True,5,5,"C1,C2,C3,C4,C5",,,True,True,True,True,True,True,True,True,True,True,True,True,True,True,True
plastic_nut::plastic_nut_0291_OK,plastic_nut,test,plastic_nut_0291_OK,0291,OK,OK,OK,True,5,5,"C1,C2,C3,C4,C5",,,True,True,True,True,True,True,True,True,True,True,True,True,True,True,True
plastic_nut::plastic_nut_0292_OK,plastic_nut,test,plastic_nut_0292_OK,0292,OK,OK,OK,True,5,5,"C1,C2,C3,C4,C5",,,True,True,True,True,True,True,True,True,True,True,True,True,True,True,True
plastic_nut::plastic_nut_0293_OK,plastic_nut,train,plastic_nut_0293_OK,0293,OK,OK,OK,True,5,5,"C1,C2,C3,C4,C5",,,True,True,True,True,True,True,True,True,True,True,True,True,True,True,True
plastic_nut::plastic_nut_0294_OK,plastic_nut,test,plastic_nut_0294_OK,0294,OK,OK,OK,True,5,5,"C1,C2,C3,C4,C5",,,True,True,True,True,True,True,True,True,True,True,True,True,True,True,True
plastic_nut::plastic_nut_0295_OK,plastic_nut,train,plastic_nut_0295_OK,0295,OK,OK,OK,True,5,5,"C1,C2,C3,C4,C5",,,True,True,True,True,True,True,True,True,True,True,True,True,True,True,True
plastic_nut::plastic_nut_0296_OK,plastic_nut,train,plastic_nut_0296_OK,0296,OK,OK,OK,True,5,5,"C1,C2,C3,C4,C5",,,True,True,True,True,True,True,True,True,True,True,True,True,True,True,True
plastic_nut::plastic_nut_0297_OK,plastic_nut,train,plastic_nut_0297_OK,0297,OK,OK,OK,True,5,5,"C1,C2,C3,C4,C5",,,True,True,True,True,True,True,True,True,True,True,True,True,True,True,True
plastic_nut::plastic_nut_0298_OK,plastic_nut,train,plastic_nut_0298_OK,0298,OK,OK,OK,True,5,5,"C1,C2,C3,C4,C5",,,True,True,True,True,True,True,True,True,True,True,True,True,True,True,True
plastic_nut::plastic_nut_0299_OK,plastic_nut,test,plastic_nut_0299_OK,0299,OK,OK,OK,True,5,5,"C1,C2,C3,C4,C5",,,True,True,True,True,True,True,True,True,True,True,True,True,True,True,True
plastic_nut::plastic_nut_0300_OK,plastic_nut,test,plastic_nut_0300_OK,0300,OK,OK,OK,True,5,5,"C1,C2,C3,C4,C5",,,True,True,True,True,True,True,True,True,True,True,True,True,True,True,True
plastic_nut::plastic_nut_0301_OK,plastic_nut,train,plastic_nut_0301_OK,0301,OK,OK,OK,True,5,5,"C1,C2,C3,C4,C5",,,True,True,True,True,True,True,True,True,True,True,True,True,True,True,True
plastic_nut::plastic_nut_0302_OK,plastic_nut,test,plastic_nut_0302_OK,0302,OK,OK,OK,True,5,5,"C1,C2,C3,C4,C5",,,True,True,True,True,True,True,True,True,True,True,True,True,True,True,True
plastic_nut::plastic_nut_0303_OK,plastic_nut,test,plastic_nut_0303_OK,0303,OK,OK,OK,True,5,5,"C1,C2,C3,C4,C5",,,True,True,True,True,True,True,True,True,True,True,True,True,True,True,True
plastic_nut::plastic_nut_0304_OK,plastic_nut,test,plastic_nut_0304_OK,0304,OK,OK,OK,True,5,5,"C1,C2,C3,C4,C5",,,True,True,True,True,True,True,True,True,True,True,True,True,True,True,True
plastic_nut::plastic_nut_0305_OK,plastic_nut,train,plastic_nut_0305_OK,0305,OK,OK,OK,True,5,5,"C1,C2,C3,C4,C5",,,True,True,True,True,True,True,True,True,True,True,True,True,True,True,True
plastic_nut::plastic_nut_0306_OK,plastic_nut,test,plastic_nut_0306_OK,0306,OK,OK,OK,True,5,5,"C1,C2,C3,C4,C5",,,True,True,True,True,True,True,True,True,True,True,True,True,True,True,True
plastic_nut::plastic_nut_0307_OK,plastic_nut,train,plastic_nut_0307_OK,0307,OK,OK,OK,True,5,5,"C1,C2,C3,C4,C5",,,True,True,True,True,True,True,True,True,True,True,True,True,True,True,True
plastic_nut::plastic_nut_0308_OK,plastic_nut,train,plastic_nut_0308_OK,0308,OK,OK,OK,True,5,5,"C1,C2,C3,C4,C5",,,True,True,True,True,True,True,True,True,True,True,True,True,True,True,True
plastic_nut::plastic_nut_0309_OK,plastic_nut,test,plastic_nut_0309_OK,0309,OK,OK,OK,True,5,5,"C1,C2,C3,C4,C5",,,True,True,True,True,True,True,True,True,True,True,True,True,True,True,True
plastic_nut::plastic_nut_0310_OK,plastic_nut,train,plastic_nut_0310_OK,0310,OK,OK,OK,True,5,5,"C1,C2,C3,C4,C5",,,True,True,True,True,True,True,True,True,True,True,True,True,True,True,True
plastic_nut::plastic_nut_0311_OK,plastic_nut,test,plastic_nut_0311_OK,0311,OK,OK,OK,True,5,5,"C1,C2,C3,C4,C5",,,True,True,True,True,True,True,True,True,True,True,True,True,True,True,True
plastic_nut::plastic_nut_0312_OK,plastic_nut,train,plastic_nut_0312_OK,0312,OK,OK,OK,True,5,5,"C1,C2,C3,C4,C5",,,True,True,True,True,True,True,True,True,True,True,True,True,True,True,True
plastic_nut::plastic_nut_0313_OK,plastic_nut,train,plastic_nut_0313_OK,0313,OK,OK,OK,True,5,5,"C1,C2,C3,C4,C5",,,True,True,True,True,True,True,True,True,True,True,True,True,True,True,True
plastic_nut::plastic_nut_0314_OK,plastic_nut,test,plastic_nut_0314_OK,0314,OK,OK,OK,True,5,5,"C1,C2,C3,C4,C5",,,True,True,True,True,True,True,True,True,True,True,True,True,True,True,True
plastic_nut::plastic_nut_0315_OK,plastic_nut,train,plastic_nut_0315_OK,0315,OK,OK,OK,True,5,5,"C1,C2,C3,C4,C5",,,True,True,True,True,True,True,True,True,True,True,True,True,True,True,True
plastic_nut::plastic_nut_0316_OK,plastic_nut,train,plastic_nut_0316_OK,0316,OK,OK,OK,True,5,5,"C1,C2,C3,C4,C5",,,True,True,True,True,True,True,True,True,True,True,True,True,True,True,True
plastic_nut::plastic_nut_0317_OK,plastic_nut,train,plastic_nut_0317_OK,0317,OK,OK,OK,True,5,5,"C1,C2,C3,C4,C5",,,True,True,True,True,True,True,True,True,True,True,True,True,True,True,True
plastic_nut::plastic_nut_0318_OK,plastic_nut,test,plastic_nut_0318_OK,0318,OK,OK,OK,True,5,5,"C1,C2,C3,C4,C5",,,True,True,True,True,True,True,True,True,True,True,True,True,True,True,True
plastic_nut::plastic_nut_0319_OK,plastic_nut,train,plastic_nut_0319_OK,0319,OK,OK,OK,True,5,5,"C1,C2,C3,C4,C5",,,True,True,True,True,True,True,True,True,True,True,True,True,True,True,True
plastic_nut::plastic_nut_0320_OK,plastic_nut,test,plastic_nut_0320_OK,0320,OK,OK,OK,True,5,5,"C1,C2,C3,C4,C5",,,True,True,True,True,True,True,True,True,True,True,True,True,True,True,True
plastic_nut::plastic_nut_0321_OK,plastic_nut,test,plastic_nut_0321_OK,0321,OK,OK,OK,True,5,5,"C1,C2,C3,C4,C5",,,True,True,True,True,True,True,True,True,True,True,True,True,True,True,True
plastic_nut::plastic_nut_0322_OK,plastic_nut,train,plastic_nut_0322_OK,0322,OK,OK,OK,True,5,5,"C1,C2,C3,C4,C5",,,True,True,True,True,True,True,True,True,True,True,True,True,True,True,True
plastic_nut::plastic_nut_0323_OK,plastic_nut,test,plastic_nut_0323_OK,0323,OK,OK,OK,True,5,5,"C1,C2,C3,C4,C5",,,True,True,True,True,True,True,True,True,True,True,True,True,True,True,True
plastic_nut::plastic_nut_0324_OK,plastic_nut,test,plastic_nut_0324_OK,0324,OK,OK,OK,True,5,5,"C1,C2,C3,C4,C5",,,True,True,True,True,True,True,True,True,True,True,True,True,True,True,True
plastic_nut::plastic_nut_0325_OK,plastic_nut,test,plastic_nut_0325_OK,0325,OK,OK,OK,True,5,5,"C1,C2,C3,C4,C5",,,True,True,True,True,True,True,True,True,True,True,True,True,True,True,True
plastic_nut::plastic_nut_0326_OK,plastic_nut,train,plastic_nut_0326_OK,0326,OK,OK,OK,True,5,5,"C1,C2,C3,C4,C5",,,True,True,True,True,True,True,True,True,True,True,True,True,True,True,True
plastic_nut::plastic_nut_0327_OK,plastic_nut,train,plastic_nut_0327_OK,0327,OK,OK,OK,True,5,5,"C1,C2,C3,C4,C5",,,True,True,True,True,True,True,True,True,True,True,True,True,True,True,True
plastic_nut::plastic_nut_0328_OK,plastic_nut,test,plastic_nut_0328_OK,0328,OK,OK,OK,True,5,5,"C1,C2,C3,C4,C5",,,True,True,True,True,True,True,True,True,True,True,True,True,True,True,True
plastic_nut::plastic_nut_0329_OK,plastic_nut,train,plastic_nut_0329_OK,0329,OK,OK,OK,True,5,5,"C1,C2,C3,C4,C5",,,True,True,True,True,True,True,True,True,True,True,True,True,True,True,True
plastic_nut::plastic_nut_0330_OK,plastic_nut,test,plastic_nut_0330_OK,0330,OK,OK,OK,True,5,5,"C1,C2,C3,C4,C5",,,True,True,True,True,True,True,True,True,True,True,True,True,True,True,True
plastic_nut::plastic_nut_0331_OK,plastic_nut,train,plastic_nut_0331_OK,0331,OK,OK,OK,True,5,5,"C1,C2,C3,C4,C5",,,True,True,True,True,True,True,True,True,True,True,True,True,True,True,True
plastic_nut::plastic_nut_0332_OK,plastic_nut,train,plastic_nut_0332_OK,0332,OK,OK,OK,True,5,5,"C1,C2,C3,C4,C5",,,True,True,True,True,True,True,True,True,True,True,True,True,True,True,True
plastic_nut::plastic_nut_0333_OK,plastic_nut,train,plastic_nut_0333_OK,0333,OK,OK,OK,True,5,5,"C1,C2,C3,C4,C5",,,True,True,True,True,True,True,True,True,True,True,True,True,True,True,True
plastic_nut::plastic_nut_0334_OK,plastic_nut,train,plastic_nut_0334_OK,0334,OK,OK,OK,True,5,5,"C1,C2,C3,C4,C5",,,True,True,True,True,True,True,True,True,True,True,True,True,True,True,True
plastic_nut::plastic_nut_0335_OK,plastic_nut,train,plastic_nut_0335_OK,0335,OK,OK,OK,True,5,5,"C1,C2,C3,C4,C5",,,True,True,True,True,True,True,True,True,True,True,True,True,True,True,True
plastic_nut::plastic_nut_0336_OK,plastic_nut,train,plastic_nut_0336_OK,0336,OK,OK,OK,True,5,5,"C1,C2,C3,C4,C5",,,True,True,True,True,True,True,True,True,True,True,True,True,True,True,True
plastic_nut::plastic_nut_0337_OK,plastic_nut,test,plastic_nut_0337_OK,0337,OK,OK,OK,True,5,5,"C1,C2,C3,C4,C5",,,True,True,True,True,True,True,True,True,True,True,True,True,True,True,True
plastic_nut::plastic_nut_0338_OK,plastic_nut,train,plastic_nut_0338_OK,0338,OK,OK,OK,True,5,5,"C1,C2,C3,C4,C5",,,True,True,True,True,True,True,True,True,True,True,True,True,True,True,True
plastic_nut::plastic_nut_0339_OK,plastic_nut,train,plastic_nut_0339_OK,0339,OK,OK,OK,True,5,5,"C1,C2,C3,C4,C5",,,True,True,True,True,True,True,True,True,True,True,True,True,True,True,True
plastic_nut::plastic_nut_0340_OK,plastic_nut,train,plastic_nut_0340_OK,0340,OK,OK,OK,True,5,5,"C1,C2,C3,C4,C5",,,True,True,True,True,True,True,True,True,True,True,True,True,True,True,True
plastic_nut::plastic_nut_0341_OK,plastic_nut,test,plastic_nut_0341_OK,0341,OK,OK,OK,True,5,5,"C1,C2,C3,C4,C5",,,True,True,True,True,True,True,True,True,True,True,True,True,True,True,True
plastic_nut::plastic_nut_0342_OK,plastic_nut,train,plastic_nut_0342_OK,0342,OK,OK,OK,True,5,5,"C1,C2,C3,C4,C5",,,True,True,True,True,True,True,True,True,True,True,True,True,True,True,True
plastic_nut::plastic_nut_0343_OK,plastic_nut,test,plastic_nut_0343_OK,0343,OK,OK,OK,True,5,5,"C1,C2,C3,C4,C5",,,True,True,True,True,True,True,True,True,True,True,True,True,True,True,True
plastic_nut::plastic_nut_0344_OK,plastic_nut,test,plastic_nut_0344_OK,0344,OK,OK,OK,True,5,5,"C1,C2,C3,C4,C5",,,True,True,True,True,True,True,True,True,True,True,True,True,True,True,True
plastic_nut::plastic_nut_0345_OK,plastic_nut,test,plastic_nut_0345_OK,0345,OK,OK,OK,True,5,5,"C1,C2,C3,C4,C5",,,True,True,True,True,True,True,True,True,True,True,True,True,True,True,True
plastic_nut::plastic_nut_0346_OK,plastic_nut,train,plastic_nut_0346_OK,0346,OK,OK,OK,True,5,5,"C1,C2,C3,C4,C5",,,True,True,True,True,True,True,True,True,True,True,True,True,True,True,True
plastic_nut::plastic_nut_0347_OK,plastic_nut,train,plastic_nut_0347_OK,0347,OK,OK,OK,True,5,5,"C1,C2,C3,C4,C5",,,True,True,True,True,True,True,True,True,True,True,True,True,True,True,True
plastic_nut::plastic_nut_0348_OK,plastic_nut,test,plastic_nut_0348_OK,0348,OK,OK,OK,True,5,5,"C1,C2,C3,C4,C5",,,True,True,True,True,True,True,True,True,True,True,True,True,True,True,True
plastic_nut::plastic_nut_0349_OK,plastic_nut,train,plastic_nut_0349_OK,0349,OK,OK,OK,True,5,5,"C1,C2,C3,C4,C5",,,True,True,True,True,True,True,True,True,True,True,True,True,True,True,True
plastic_nut::plastic_nut_0350_OK,plastic_nut,test,plastic_nut_0350_OK,0350,OK,OK,OK,True,5,5,"C1,C2,C3,C4,C5",,,True,True,True,True,True,True,True,True,True,True,True,True,True,True,True
plastic_nut::plastic_nut_0351_OK,plastic_nut,test,plastic_nut_0351_OK,0351,OK,OK,OK,True,5,5,"C1,C2,C3,C4,C5",,,True,True,True,True,True,True,True,True,True,True,True,True,True,True,True
plastic_nut::plastic_nut_0352_OK,plastic_nut,train,plastic_nut_0352_OK,0352,OK,OK,OK,True,5,5,"C1,C2,C3,C4,C5",,,True,True,True,True,True,True,True,True,True,True,True,True,True,True,True
plastic_nut::plastic_nut_0353_OK,plastic_nut,test,plastic_nut_0353_OK,0353,OK,OK,OK,True,5,5,"C1,C2,C3,C4,C5",,,True,True,True,True,True,True,True,True,True,True,True,True,True,True,True
plastic_nut::plastic_nut_0354_OK,plastic_nut,test,plastic_nut_0354_OK,0354,OK,OK,OK,True,5,5,"C1,C2,C3,C4,C5",,,True,True,True,True,True,True,True,True,True,True,True,True,True,True,True
plastic_nut::plastic_nut_0355_OK,plastic_nut,test,plastic_nut_0355_OK,0355,OK,OK,OK,True,5,5,"C1,C2,C3,C4,C5",,,True,True,True,True,True,True,True,True,True,True,True,True,True,True,True
plastic_nut::plastic_nut_0356_OK,plastic_nut,test,plastic_nut_0356_OK,0356,OK,OK,OK,True,5,5,"C1,C2,C3,C4,C5",,,True,True,True,True,True,True,True,True,True,True,True,True,True,True,True
plastic_nut::plastic_nut_0357_OK,plastic_nut,train,plastic_nut_0357_OK,0357,OK,OK,OK,True,5,5,"C1,C2,C3,C4,C5",,,True,True,True,True,True,True,True,True,True,True,True,True,True,True,True
plastic_nut::plastic_nut_0358_OK,plastic_nut,train,plastic_nut_0358_OK,0358,OK,OK,OK,True,5,5,"C1,C2,C3,C4,C5",,,True,True,True,True,True,True,True,True,True,True,True,True,True,True,True
plastic_nut::plastic_nut_0359_OK,plastic_nut,test,plastic_nut_0359_OK,0359,OK,OK,OK,True,5,5,"C1,C2,C3,C4,C5",,,True,True,True,True,True,True,True,True,True,True,True,True,True,True,True
plastic_nut::plastic_nut_0360_OK,plastic_nut,train,plastic_nut_0360_OK,0360,OK,OK,OK,True,5,5,"C1,C2,C3,C4,C5",,,True,True,True,True,True,True,True,True,True,True,True,True,True,True,True
plastic_nut::plastic_nut_0361_OK,plastic_nut,train,plastic_nut_0361_OK,0361,OK,OK,OK,True,5,5,"C1,C2,C3,C4,C5",,,True,True,True,True,True,True,True,True,True,True,True,True,True,True,True
plastic_nut::plastic_nut_0362_OK,plastic_nut,train,plastic_nut_0362_OK,0362,OK,OK,OK,True,5,5,"C1,C2,C3,C4,C5",,,True,True,True,True,True,True,True,True,True,True,True,True,True,True,True
plastic_nut::plastic_nut_0363_OK,plastic_nut,test,plastic_nut_0363_OK,0363,OK,OK,OK,True,5,5,"C1,C2,C3,C4,C5",,,True,True,True,True,True,True,True,True,True,True,True,True,True,True,True
plastic_nut::plastic_nut_0364_OK,plastic_nut,train,plastic_nut_0364_OK,0364,OK,OK,OK,True,5,5,"C1,C2,C3,C4,C5",,,True,True,True,True,True,True,True,True,True,True,True,True,True,True,True
plastic_nut::plastic_nut_0365_OK,plastic_nut,test,plastic_nut_0365_OK,0365,OK,OK,OK,True,5,5,"C1,C2,C3,C4,C5",,,True,True,True,True,True,True,True,True,True,True,True,True,True,True,True
plastic_nut::plastic_nut_0366_OK,plastic_nut,test,plastic_nut_0366_OK,0366,OK,OK,OK,True,5,5,"C1,C2,C3,C4,C5",,,True,True,True,True,True,True,True,True,True,True,True,True,True,True,True
plastic_nut::plastic_nut_0367_OK,plastic_nut,test,plastic_nut_0367_OK,0367,OK,OK,OK,True,5,5,"C1,C2,C3,C4,C5",,,True,True,True,True,True,True,True,True,True,True,True,True,True,True,True
plastic_nut::plastic_nut_0368_OK,plastic_nut,test,plastic_nut_0368_OK,0368,OK,OK,OK,True,5,5,"C1,C2,C3,C4,C5",,,True,True,True,True,True,True,True,True,True,True,True,True,True,True,True
plastic_nut::plastic_nut_0369_OK,plastic_nut,train,plastic_nut_0369_OK,0369,OK,OK,OK,True,5,5,"C1,C2,C3,C4,C5",,,True,True,True,True,True,True,True,True,True,True,True,True,True,True,True
plastic_nut::plastic_nut_0370_OK,plastic_nut,test,plastic_nut_0370_OK,0370,OK,OK,OK,True,5,5,"C1,C2,C3,C4,C5",,,True,True,True,True,True,True,True,True,True,True,True,True,True,True,True
plastic_nut::plastic_nut_0371_OK,plastic_nut,test,plastic_nut_0371_OK,0371,OK,OK,OK,True,5,5,"C1,C2,C3,C4,C5",,,True,True,True,True,True,True,True,True,True,True,True,True,True,True,True
plastic_nut::plastic_nut_0372_OK,plastic_nut,test,plastic_nut_0372_OK,0372,OK,OK,OK,True,5,5,"C1,C2,C3,C4,C5",,,True,True,True,True,True,True,True,True,True,True,True,True,True,True,True
plastic_nut::plastic_nut_0373_OK,plastic_nut,train,plastic_nut_0373_OK,0373,OK,OK,OK,True,5,5,"C1,C2,C3,C4,C5",,,True,True,True,True,True,True,True,True,True,True,True,True,True,True,True
plastic_nut::plastic_nut_0374_OK,plastic_nut,test,plastic_nut_0374_OK,0374,OK,OK,OK,True,5,5,"C1,C2,C3,C4,C5",,,True,True,True,True,True,True,True,True,True,True,True,True,True,True,True
plastic_nut::plastic_nut_0375_OK,plastic_nut,test,plastic_nut_0375_OK,0375,OK,OK,OK,True,5,5,"C1,C2,C3,C4,C5",,,True,True,True,True,True,True,True,True,True,True,True,True,True,True,True
plastic_nut::plastic_nut_0376_OK,plastic_nut,train,plastic_nut_0376_OK,0376,OK,OK,OK,True,5,5,"C1,C2,C3,C4,C5",,,True,True,True,True,True,True,True,True,True,True,True,True,True,True,True
plastic_nut::plastic_nut_0377_OK,plastic_nut,train,plastic_nut_0377_OK,0377,OK,OK,OK,True,5,5,"C1,C2,C3,C4,C5",,,True,True,True,True,True,True,True,True,True,True,True,True,True,True,True
plastic_nut::plastic_nut_0378_OK,plastic_nut,test,plastic_nut_0378_OK,0378,OK,OK,OK,True,5,5,"C1,C2,C3,C4,C5",,,True,True,True,True,True,True,True,True,True,True,True,True,True,True,True
plastic_nut::plastic_nut_0379_OK,plastic_nut,test,plastic_nut_0379_OK,0379,OK,OK,OK,True,5,5,"C1,C2,C3,C4,C5",,,True,True,True,True,True,True,True,True,True,True,True,True,True,True,True
plastic_nut::plastic_nut_0380_OK,plastic_nut,train,plastic_nut_0380_OK,0380,OK,OK,OK,True,5,5,"C1,C2,C3,C4,C5",,,True,True,True,True,True,True,True,True,True,True,True,True,True,True,True
plastic_nut::plastic_nut_0381_OK,plastic_nut,train,plastic_nut_0381_OK,0381,OK,OK,OK,True,5,5,"C1,C2,C3,C4,C5",,,True,True,True,True,True,True,True,True,True,True,True,True,True,True,True
plastic_nut::plastic_nut_0382_OK,plastic_nut,train,plastic_nut_0382_OK,0382,OK,OK,OK,True,5,5,"C1,C2,C3,C4,C5",,,True,True,True,True,True,True,True,True,True,True,True,True,True,True,True
plastic_nut::plastic_nut_0383_OK,plastic_nut,train,plastic_nut_0383_OK,0383,OK,OK,OK,True,5,5,"C1,C2,C3,C4,C5",,,True,True,True,True,True,True,True,True,True,True,True,True,True,True,True
plastic_nut::plastic_nut_0384_OK,plastic_nut,train,plastic_nut_0384_OK,0384,OK,OK,OK,True,5,5,"C1,C2,C3,C4,C5",,,True,True,True,True,True,True,True,True,True,True,True,True,True,True,True
plastic_nut::plastic_nut_0385_OK,plastic_nut,test,plastic_nut_0385_OK,0385,OK,OK,OK,True,5,5,"C1,C2,C3,C4,C5",,,True,True,True,True,True,True,True,True,True,True,True,True,True,True,True
plastic_nut::plastic_nut_0386_OK,plastic_nut,train,plastic_nut_0386_OK,0386,OK,OK,OK,True,5,5,"C1,C2,C3,C4,C5",,,True,True,True,True,True,True,True,True,True,True,True,True,True,True,True
plastic_nut::plastic_nut_0387_OK,plastic_nut,test,plastic_nut_0387_OK,0387,OK,OK,OK,True,5,5,"C1,C2,C3,C4,C5",,,True,True,True,True,True,True,True,True,True,True,True,True,True,True,True
plastic_nut::plastic_nut_0388_OK,plastic_nut,train,plastic_nut_0388_OK,0388,OK,OK,OK,True,5,5,"C1,C2,C3,C4,C5",,,True,True,True,True,True,True,True,True,True,True,True,True,True,True,True
plastic_nut::plastic_nut_0389_OK,plastic_nut,test,plastic_nut_0389_OK,0389,OK,OK,OK,True,5,5,"C1,C2,C3,C4,C5",,,True,True,True,True,True,True,True,True,True,True,True,True,True,True,True
plastic_nut::plastic_nut_0390_OK,plastic_nut,train,plastic_nut_0390_OK,0390,OK,OK,OK,True,5,5,"C1,C2,C3,C4,C5",,,True,True,True,True,True,True,True,True,True,True,True,True,True,True,True
plastic_nut::plastic_nut_0391_OK,plastic_nut,train,plastic_nut_0391_OK,0391,OK,OK,OK,True,5,5,"C1,C2,C3,C4,C5",,,True,True,True,True,True,True,True,True,True,True,True,True,True,True,True
plastic_nut::plastic_nut_0392_OK,plastic_nut,train,plastic_nut_0392_OK,0392,OK,OK,OK,True,5,5,"C1,C2,C3,C4,C5",,,True,True,True,True,True,True,True,True,True,True,True,True,True,True,True
plastic_nut::plastic_nut_0393_OK,plastic_nut,test,plastic_nut_0393_OK,0393,OK,OK,OK,True,5,5,"C1,C2,C3,C4,C5",,,True,True,True,True,True,True,True,True,True,True,True,True,True,True,True
plastic_nut::plastic_nut_0394_OK,plastic_nut,train,plastic_nut_0394_OK,0394,OK,OK,OK,True,5,5,"C1,C2,C3,C4,C5",,,True,True,True,True,True,True,True,True,True,True,True,True,True,True,True
plastic_nut::plastic_nut_0395_OK,plastic_nut,test,plastic_nut_0395_OK,0395,OK,OK,OK,True,5,5,"C1,C2,C3,C4,C5",,,True,True,True,True,True,True,True,True,True,True,True,True,True,True,True
plastic_nut::plastic_nut_0396_OK,plastic_nut,test,plastic_nut_0396_OK,0396,OK,OK,OK,True,5,5,"C1,C2,C3,C4,C5",,,True,True,True,True,True,True,True,True,True,True,True,True,True,True,True
plastic_nut::plastic_nut_0397_OK,plastic_nut,test,plastic_nut_0397_OK,0397,OK,OK,OK,True,5,5,"C1,C2,C3,C4,C5",,,True,True,True,True,True,True,True,True,True,True,True,True,True,True,True
plastic_nut::plastic_nut_0398_OK,plastic_nut,test,plastic_nut_0398_OK,0398,OK,OK,OK,True,5,5,"C1,C2,C3,C4,C5",,,True,True,True,True,True,True,True,True,True,True,True,True,True,True,True
plastic_nut::plastic_nut_0399_OK,plastic_nut,test,plastic_nut_0399_OK,0399,OK,OK,OK,True,5,5,"C1,C2,C3,C4,C5",,,True,True,True,True,True,True,True,True,True,True,True,True,True,True,True
plastic_nut::plastic_nut_0400_OK,plastic_nut,train,plastic_nut_0400_OK,0400,OK,OK,OK,True,5,5,"C1,C2,C3,C4,C5",,,True,True,True,True,True,True,True,True,True,True,True,True,True,True,True
plastic_nut::plastic_nut_0401_OK,plastic_nut,test,plastic_nut_0401_OK,0401,OK,OK,OK,True,5,5,"C1,C2,C3,C4,C5",,,True,True,True,True,True,True,True,True,True,True,True,True,True,True,True
plastic_nut::plastic_nut_0402_OK,plastic_nut,test,plastic_nut_0402_OK,0402,OK,OK,OK,True,5,5,"C1,C2,C3,C4,C5",,,True,True,True,True,True,True,True,True,True,True,True,True,True,True,True
plastic_nut::plastic_nut_0403_OK,plastic_nut,train,plastic_nut_0403_OK,0403,OK,OK,OK,True,5,5,"C1,C2,C3,C4,C5",,,True,True,True,True,True,True,True,True,True,True,True,True,True,True,True
plastic_nut::plastic_nut_0404_OK,plastic_nut,test,plastic_nut_0404_OK,0404,OK,OK,OK,True,5,5,"C1,C2,C3,C4,C5",,,True,True,True,True,True,True,True,True,True,True,True,True,True,True,True
plastic_nut::plastic_nut_0405_OK,plastic_nut,train,plastic_nut_0405_OK,0405,OK,OK,OK,True,5,5,"C1,C2,C3,C4,C5",,,True,True,True,True,True,True,True,True,True,True,True,True,True,True,True
plastic_nut::plastic_nut_0406_OK,plastic_nut,train,plastic_nut_0406_OK,0406,OK,OK,OK,True,5,5,"C1,C2,C3,C4,C5",,,True,True,True,True,True,True,True,True,True,True,True,True,True,True,True
plastic_nut::plastic_nut_0407_OK,plastic_nut,train,plastic_nut_0407_OK,0407,OK,OK,OK,True,5,5,"C1,C2,C3,C4,C5",,,True,True,True,True,True,True,True,True,True,True,True,True,True,True,True
plastic_nut::plastic_nut_0408_OK,plastic_nut,test,plastic_nut_0408_OK,0408,OK,OK,OK,True,5,5,"C1,C2,C3,C4,C5",,,True,True,True,True,True,True,True,True,True,True,True,True,True,True,True
plastic_nut::plastic_nut_0409_OK,plastic_nut,test,plastic_nut_0409_OK,0409,OK,OK,OK,True,5,5,"C1,C2,C3,C4,C5",,,True,True,True,True,True,True,True,True,True,True,True,True,True,True,True
plastic_nut::plastic_nut_0410_OK,plastic_nut,train,plastic_nut_0410_OK,0410,OK,OK,OK,True,5,5,"C1,C2,C3,C4,C5",,,True,True,True,True,True,True,True,True,True,True,True,True,True,True,True
plastic_nut::plastic_nut_0411_OK,plastic_nut,train,plastic_nut_0411_OK,0411,OK,OK,OK,True,5,5,"C1,C2,C3,C4,C5",,,True,True,True,True,True,True,True,True,True,True,True,True,True,True,True
plastic_nut::plastic_nut_0412_OK,plastic_nut,train,plastic_nut_0412_OK,0412,OK,OK,OK,True,5,5,"C1,C2,C3,C4,C5",,,True,True,True,True,True,True,True,True,True,True,True,True,True,True,True
plastic_nut::plastic_nut_0413_OK,plastic_nut,test,plastic_nut_0413_OK,0413,OK,OK,OK,True,5,5,"C1,C2,C3,C4,C5",,,True,True,True,True,True,True,True,True,True,True,True,True,True,True,True
plastic_nut::plastic_nut_0414_OK,plastic_nut,test,plastic_nut_0414_OK,0414,OK,OK,OK,True,5,5,"C1,C2,C3,C4,C5",,,True,True,True,True,True,True,True,True,True,True,True,True,True,True,True
plastic_nut::plastic_nut_0415_OK,plastic_nut,train,plastic_nut_0415_OK,0415,OK,OK,OK,True,5,5,"C1,C2,C3,C4,C5",,,True,True,True,True,True,True,True,True,True,True,True,True,True,True,True
plastic_nut::plastic_nut_0416_OK,plastic_nut,test,plastic_nut_0416_OK,0416,OK,OK,OK,True,5,5,"C1,C2,C3,C4,C5",,,True,True,True,True,True,True,True,True,True,True,True,True,True,True,True
plastic_nut::plastic_nut_0417_OK,plastic_nut,train,plastic_nut_0417_OK,0417,OK,OK,OK,True,5,5,"C1,C2,C3,C4,C5",,,True,True,True,True,True,True,True,True,True,True,True,True,True,True,True
plastic_nut::plastic_nut_0418_OK,plastic_nut,test,plastic_nut_0418_OK,0418,OK,OK,OK,True,5,5,"C1,C2,C3,C4,C5",,,True,True,True,True,True,True,True,True,True,True,True,True,True,True,True
plastic_nut::plastic_nut_0419_OK,plastic_nut,train,plastic_nut_0419_OK,0419,OK,OK,OK,True,5,5,"C1,C2,C3,C4,C5",,,True,True,True,True,True,True,True,True,True,True,True,True,True,True,True
plastic_nut::plastic_nut_0420_OK,plastic_nut,test,plastic_nut_0420_OK,0420,OK,OK,OK,True,5,5,"C1,C2,C3,C4,C5",,,True,True,True,True,True,True,True,True,True,True,True,True,True,True,True
plastic_nut::plastic_nut_0421_OK,plastic_nut,test,plastic_nut_0421_OK,0421,OK,OK,OK,True,5,5,"C1,C2,C3,C4,C5",,,True,True,True,True,True,True,True,True,True,True,True,True,True,True,True
plastic_nut::plastic_nut_0422_OK,plastic_nut,train,plastic_nut_0422_OK,0422,OK,OK,OK,True,5,5,"C1,C2,C3,C4,C5",,,True,True,True,True,True,True,True,True,True,True,True,True,True,True,True
plastic_nut::plastic_nut_0423_OK,plastic_nut,test,plastic_nut_0423_OK,0423,OK,OK,OK,True,5,5,"C1,C2,C3,C4,C5",,,True,True,True,True,True,True,True,True,True,True,True,True,True,True,True
plastic_nut::plastic_nut_0424_OK,plastic_nut,test,plastic_nut_0424_OK,0424,OK,OK,OK,True,5,5,"C1,C2,C3,C4,C5",,,True,True,True,True,True,True,True,True,True,True,True,True,True,True,True
plastic_nut::plastic_nut_0425_OK,plastic_nut,train,plastic_nut_0425_OK,0425,OK,OK,OK,True,5,5,"C1,C2,C3,C4,C5",,,True,True,True,True,True,True,True,True,True,True,True,True,True,True,True
plastic_nut::plastic_nut_0426_OK,plastic_nut,test,plastic_nut_0426_OK,0426,OK,OK,OK,True,5,5,"C1,C2,C3,C4,C5",,,True,True,True,True,True,True,True,True,True,True,True,True,True,True,True
plastic_nut::plastic_nut_0427_OK,plastic_nut,test,plastic_nut_0427_OK,0427,OK,OK,OK,True,5,5,"C1,C2,C3,C4,C5",,,True,True,True,True,True,True,True,True,True,True,True,True,True,True,True
plastic_nut::plastic_nut_0428_OK,plastic_nut,test,plastic_nut_0428_OK,0428,OK,OK,OK,True,5,5,"C1,C2,C3,C4,C5",,,True,True,True,True,True,True,True,True,True,True,True,True,True,True,True
plastic_nut::plastic_nut_0429_OK,plastic_nut,train,plastic_nut_0429_OK,0429,OK,OK,OK,True,5,5,"C1,C2,C3,C4,C5",,,True,True,True,True,True,True,True,True,True,True,True,True,True,True,True
plastic_nut::plastic_nut_0430_OK,plastic_nut,train,plastic_nut_0430_OK,0430,OK,OK,OK,True,5,5,"C1,C2,C3,C4,C5",,,True,True,True,True,True,True,True,True,True,True,True,True,True,True,True
plastic_nut::plastic_nut_0431_OK,plastic_nut,train,plastic_nut_0431_OK,0431,OK,OK,OK,True,5,5,"C1,C2,C3,C4,C5",,,True,True,True,True,True,True,True,True,True,True,True,True,True,True,True
plastic_nut::plastic_nut_0432_OK,plastic_nut,test,plastic_nut_0432_OK,0432,OK,OK,OK,True,5,5,"C1,C2,C3,C4,C5",,,True,True,True,True,True,True,True,True,True,True,True,True,True,True,True
plastic_nut::plastic_nut_0433_OK,plastic_nut,train,plastic_nut_0433_OK,0433,OK,OK,OK,True,5,5,"C1,C2,C3,C4,C5",,,True,True,True,True,True,True,True,True,True,True,True,True,True,True,True
plastic_nut::plastic_nut_0434_OK,plastic_nut,train,plastic_nut_0434_OK,0434,OK,OK,OK,True,5,5,"C1,C2,C3,C4,C5",,,True,True,True,True,True,True,True,True,True,True,True,True,True,True,True
plastic_nut::plastic_nut_0435_OK,plastic_nut,train,plastic_nut_0435_OK,0435,OK,OK,OK,True,5,5,"C1,C2,C3,C4,C5",,,True,True,True,True,True,True,True,True,True,True,True,True,True,True,True
plastic_nut::plastic_nut_0436_OK,plastic_nut,test,plastic_nut_0436_OK,0436,OK,OK,OK,True,5,5,"C1,C2,C3,C4,C5",,,True,True,True,True,True,True,True,True,True,True,True,True,True,True,True
plastic_nut::plastic_nut_0437_OK,plastic_nut,train,plastic_nut_0437_OK,0437,OK,OK,OK,True,5,5,"C1,C2,C3,C4,C5",,,True,True,True,True,True,True,True,True,True,True,True,True,True,True,True
plastic_nut::plastic_nut_0438_OK,plastic_nut,test,plastic_nut_0438_OK,0438,OK,OK,OK,True,5,5,"C1,C2,C3,C4,C5",,,True,True,True,True,True,True,True,True,True,True,True,True,True,True,True
plastic_nut::plastic_nut_0439_OK,plastic_nut,train,plastic_nut_0439_OK,0439,OK,OK,OK,True,5,5,"C1,C2,C3,C4,C5",,,True,True,True,True,True,True,True,True,True,True,True,True,True,True,True
plastic_nut::plastic_nut_0440_OK,plastic_nut,train,plastic_nut_0440_OK,0440,OK,OK,OK,True,5,5,"C1,C2,C3,C4,C5",,,True,True,True,True,True,True,True,True,True,True,True,True,True,True,True
plastic_nut::plastic_nut_0441_OK,plastic_nut,train,plastic_nut_0441_OK,0441,OK,OK,OK,True,5,5,"C1,C2,C3,C4,C5",,,True,True,True,True,True,True,True,True,True,True,True,True,True,True,True
plastic_nut::plastic_nut_0442_OK,plastic_nut,train,plastic_nut_0442_OK,0442,OK,OK,OK,True,5,5,"C1,C2,C3,C4,C5",,,True,True,True,True,True,True,True,True,True,True,True,True,True,True,True
plastic_nut::plastic_nut_0443_OK,plastic_nut,test,plastic_nut_0443_OK,0443,OK,OK,OK,True,5,5,"C1,C2,C3,C4,C5",,,True,True,True,True,True,True,True,True,True,True,True,True,True,True,True
plastic_nut::plastic_nut_0444_OK,plastic_nut,test,plastic_nut_0444_OK,0444,OK,OK,OK,True,5,5,"C1,C2,C3,C4,C5",,,True,True,True,True,True,True,True,True,True,True,True,True,True,True,True
plastic_nut::plastic_nut_0445_OK,plastic_nut,test,plastic_nut_0445_OK,0445,OK,OK,OK,True,5,5,"C1,C2,C3,C4,C5",,,True,True,True,True,True,True,True,True,True,True,True,True,True,True,True
plastic_nut::plastic_nut_0446_OK,plastic_nut,test,plastic_nut_0446_OK,0446,OK,OK,OK,True,5,5,"C1,C2,C3,C4,C5",,,True,True,True,True,True,True,True,True,True,True,True,True,True,True,True
plastic_nut::plastic_nut_0447_OK,plastic_nut,test,plastic_nut_0447_OK,0447,OK,OK,OK,True,5,5,"C1,C2,C3,C4,C5",,,True,True,True,True,True,True,True,True,True,True,True,True,True,True,True
plastic_nut::plastic_nut_0448_OK,plastic_nut,train,plastic_nut_0448_OK,0448,OK,OK,OK,True,5,5,"C1,C2,C3,C4,C5",,,True,True,True,True,True,True,True,True,True,True,True,True,True,True,True
plastic_nut::plastic_nut_0449_OK,plastic_nut,test,plastic_nut_0449_OK,0449,OK,OK,OK,True,5,5,"C1,C2,C3,C4,C5",,,True,True,True,True,True,True,True,True,True,True,True,True,True,True,True
plastic_nut::plastic_nut_0450_OK,plastic_nut,test,plastic_nut_0450_OK,0450,OK,OK,OK,True,5,5,"C1,C2,C3,C4,C5",,,True,True,True,True,True,True,True,True,True,True,True,True,True,True,True
plastic_nut::plastic_nut_0451_OK,plastic_nut,test,plastic_nut_0451_OK,0451,OK,OK,OK,True,5,5,"C1,C2,C3,C4,C5",,,True,True,True,True,True,True,True,True,True,True,True,True,True,True,True
plastic_nut::plastic_nut_0452_OK,plastic_nut,train,plastic_nut_0452_OK,0452,OK,OK,OK,True,5,5,"C1,C2,C3,C4,C5",,,True,True,True,True,True,True,True,True,True,True,True,True,True,True,True
plastic_nut::plastic_nut_0453_OK,plastic_nut,test,plastic_nut_0453_OK,0453,OK,OK,OK,True,5,5,"C1,C2,C3,C4,C5",,,True,True,True,True,True,True,True,True,True,True,True,True,True,True,True
plastic_nut::plastic_nut_0454_OK,plastic_nut,test,plastic_nut_0454_OK,0454,OK,OK,OK,True,5,5,"C1,C2,C3,C4,C5",,,True,True,True,True,True,True,True,True,True,True,True,True,True,True,True
plastic_nut::plastic_nut_0455_OK,plastic_nut,train,plastic_nut_0455_OK,0455,OK,OK,OK,True,5,5,"C1,C2,C3,C4,C5",,,True,True,True,True,True,True,True,True,True,True,True,True,True,True,True
plastic_nut::plastic_nut_0456_OK,plastic_nut,test,plastic_nut_0456_OK,0456,OK,OK,OK,True,5,5,"C1,C2,C3,C4,C5",,,True,True,True,True,True,True,True,True,True,True,True,True,True,True,True
plastic_nut::plastic_nut_0457_OK,plastic_nut,test,plastic_nut_0457_OK,0457,OK,OK,OK,True,5,5,"C1,C2,C3,C4,C5",,,True,True,True,True,True,True,True,True,True,True,True,True,True,True,True
plastic_nut::plastic_nut_0458_OK,plastic_nut,train,plastic_nut_0458_OK,0458,OK,OK,OK,True,5,5,"C1,C2,C3,C4,C5",,,True,True,True,True,True,True,True,True,True,True,True,True,True,True,True
plastic_nut::plastic_nut_0459_OK,plastic_nut,test,plastic_nut_0459_OK,0459,OK,OK,OK,True,5,5,"C1,C2,C3,C4,C5",,,True,True,True,True,True,True,True,True,True,True,True,True,True,True,True
plastic_nut::plastic_nut_0460_OK,plastic_nut,train,plastic_nut_0460_OK,0460,OK,OK,OK,True,5,5,"C1,C2,C3,C4,C5",,,True,True,True,True,True,True,True,True,True,True,True,True,True,True,True
plastic_nut::plastic_nut_0461_OK,plastic_nut,test,plastic_nut_0461_OK,0461,OK,OK,OK,True,5,5,"C1,C2,C3,C4,C5",,,True,True,True,True,True,True,True,True,True,True,True,True,True,True,True
plastic_nut::plastic_nut_0462_OK,plastic_nut,test,plastic_nut_0462_OK,0462,OK,OK,OK,True,5,5,"C1,C2,C3,C4,C5",,,True,True,True,True,True,True,True,True,True,True,True,True,True,True,True
plastic_nut::plastic_nut_0463_OK,plastic_nut,test,plastic_nut_0463_OK,0463,OK,OK,OK,True,5,5,"C1,C2,C3,C4,C5",,,True,True,True,True,True,True,True,True,True,True,True,True,True,True,True
plastic_nut::plastic_nut_0464_OK,plastic_nut,train,plastic_nut_0464_OK,0464,OK,OK,OK,True,5,5,"C1,C2,C3,C4,C5",,,True,True,True,True,True,True,True,True,True,True,True,True,True,True,True
plastic_nut::plastic_nut_0465_OK,plastic_nut,train,plastic_nut_0465_OK,0465,OK,OK,OK,True,5,5,"C1,C2,C3,C4,C5",,,True,True,True,True,True,True,True,True,True,True,True,True,True,True,True
plastic_nut::plastic_nut_0466_OK,plastic_nut,test,plastic_nut_0466_OK,0466,OK,OK,OK,True,5,5,"C1,C2,C3,C4,C5",,,True,True,True,True,True,True,True,True,True,True,True,True,True,True,True
plastic_nut::plastic_nut_0467_OK,plastic_nut,train,plastic_nut_0467_OK,0467,OK,OK,OK,True,5,5,"C1,C2,C3,C4,C5",,,True,True,True,True,True,True,True,True,True,True,True,True,True,True,True
plastic_nut::plastic_nut_0468_OK,plastic_nut,test,plastic_nut_0468_OK,0468,OK,OK,OK,True,5,5,"C1,C2,C3,C4,C5",,,True,True,True,True,True,True,True,True,True,True,True,True,True,True,True
plastic_nut::plastic_nut_0469_OK,plastic_nut,train,plastic_nut_0469_OK,0469,OK,OK,OK,True,5,5,"C1,C2,C3,C4,C5",,,True,True,True,True,True,True,True,True,True,True,True,True,True,True,True
plastic_nut::plastic_nut_0470_OK,plastic_nut,train,plastic_nut_0470_OK,0470,OK,OK,OK,True,5,5,"C1,C2,C3,C4,C5",,,True,True,True,True,True,True,True,True,True,True,True,True,True,True,True
plastic_nut::plastic_nut_0471_OK,plastic_nut,train,plastic_nut_0471_OK,0471,OK,OK,OK,True,5,5,"C1,C2,C3,C4,C5",,,True,True,True,True,True,True,True,True,True,True,True,True,True,True,True
plastic_nut::plastic_nut_0472_OK,plastic_nut,test,plastic_nut_0472_OK,0472,OK,OK,OK,True,5,5,"C1,C2,C3,C4,C5",,,True,True,True,True,True,True,True,True,True,True,True,True,True,True,True
plastic_nut::plastic_nut_0473_OK,plastic_nut,test,plastic_nut_0473_OK,0473,OK,OK,OK,True,5,5,"C1,C2,C3,C4,C5",,,True,True,True,True,True,True,True,True,True,True,True,True,True,True,True
plastic_nut::plastic_nut_0474_OK,plastic_nut,train,plastic_nut_0474_OK,0474,OK,OK,OK,True,5,5,"C1,C2,C3,C4,C5",,,True,True,True,True,True,True,True,True,True,True,True,True,True,True,True
plastic_nut::plastic_nut_0475_OK,plastic_nut,train,plastic_nut_0475_OK,0475,OK,OK,OK,True,5,5,"C1,C2,C3,C4,C5",,,True,True,True,True,True,True,True,True,True,True,True,True,True,True,True
plastic_nut::plastic_nut_0476_OK,plastic_nut,train,plastic_nut_0476_OK,0476,OK,OK,OK,True,5,5,"C1,C2,C3,C4,C5",,,True,True,True,True,True,True,True,True,True,True,True,True,True,True,True
plastic_nut::plastic_nut_0477_OK,plastic_nut,train,plastic_nut_0477_OK,0477,OK,OK,OK,True,5,5,"C1,C2,C3,C4,C5",,,True,True,True,True,True,True,True,True,True,True,True,True,True,True,True
plastic_nut::plastic_nut_0478_OK,plastic_nut,train,plastic_nut_0478_OK,0478,OK,OK,OK,True,5,5,"C1,C2,C3,C4,C5",,,True,True,True,True,True,True,True,True,True,True,True,True,True,True,True
plastic_nut::plastic_nut_0479_OK,plastic_nut,test,plastic_nut_0479_OK,0479,OK,OK,OK,True,5,5,"C1,C2,C3,C4,C5",,,True,True,True,True,True,True,True,True,True,True,True,True,True,True,True
plastic_nut::plastic_nut_0480_OK,plastic_nut,train,plastic_nut_0480_OK,0480,OK,OK,OK,True,5,5,"C1,C2,C3,C4,C5",,,True,True,True,True,True,True,True,True,True,True,True,True,True,True,True
plastic_nut::plastic_nut_0481_OK,plastic_nut,test,plastic_nut_0481_OK,0481,OK,OK,OK,True,5,5,"C1,C2,C3,C4,C5",,,True,True,True,True,True,True,True,True,True,True,True,True,True,True,True
plastic_nut::plastic_nut_0482_OK,plastic_nut,test,plastic_nut_0482_OK,0482,OK,OK,OK,True,5,5,"C1,C2,C3,C4,C5",,,True,True,True,True,True,True,True,True,True,True,True,True,True,True,True
plastic_nut::plastic_nut_0483_OK,plastic_nut,test,plastic_nut_0483_OK,0483,OK,OK,OK,True,5,5,"C1,C2,C3,C4,C5",,,True,True,True,True,True,True,True,True,True,True,True,True,True,True,True
plastic_nut::plastic_nut_0484_OK,plastic_nut,train,plastic_nut_0484_OK,0484,OK,OK,OK,True,5,5,"C1,C2,C3,C4,C5",,,True,True,True,True,True,True,True,True,True,True,True,True,True,True,True
plastic_nut::plastic_nut_0485_OK,plastic_nut,test,plastic_nut_0485_OK,0485,OK,OK,OK,True,5,5,"C1,C2,C3,C4,C5",,,True,True,True,True,True,True,True,True,True,True,True,True,True,True,True
plastic_nut::plastic_nut_0486_OK,plastic_nut,train,plastic_nut_0486_OK,0486,OK,OK,OK,True,5,5,"C1,C2,C3,C4,C5",,,True,True,True,True,True,True,True,True,True,True,True,True,True,True,True
plastic_nut::plastic_nut_0487_OK,plastic_nut,train,plastic_nut_0487_OK,0487,OK,OK,OK,True,5,5,"C1,C2,C3,C4,C5",,,True,True,True,True,True,True,True,True,True,True,True,True,True,True,True
plastic_nut::plastic_nut_0488_OK,plastic_nut,train,plastic_nut_0488_OK,0488,OK,OK,OK,True,5,5,"C1,C2,C3,C4,C5",,,True,True,True,True,True,True,True,True,True,True,True,True,True,True,True
plastic_nut::plastic_nut_0489_OK,plastic_nut,test,plastic_nut_0489_OK,0489,OK,OK,OK,True,5,5,"C1,C2,C3,C4,C5",,,True,True,True,True,True,True,True,True,True,True,True,True,True,True,True
plastic_nut::plastic_nut_0490_OK,plastic_nut,test,plastic_nut_0490_OK,0490,OK,OK,OK,True,5,5,"C1,C2,C3,C4,C5",,,True,True,True,True,True,True,True,True,True,True,True,True,True,True,True
plastic_nut::plastic_nut_0491_OK,plastic_nut,test,plastic_nut_0491_OK,0491,OK,OK,OK,True,5,5,"C1,C2,C3,C4,C5",,,True,True,True,True,True,True,True,True,True,True,True,True,True,True,True
plastic_nut::plastic_nut_0492_OK,plastic_nut,train,plastic_nut_0492_OK,0492,OK,OK,OK,True,5,5,"C1,C2,C3,C4,C5",,,True,True,True,True,True,True,True,True,True,True,True,True,True,True,True
plastic_nut::plastic_nut_0493_OK,plastic_nut,test,plastic_nut_0493_OK,0493,OK,OK,OK,True,5,5,"C1,C2,C3,C4,C5",,,True,True,True,True,True,True,True,True,True,True,True,True,True,True,True
plastic_nut::plastic_nut_0494_OK,plastic_nut,train,plastic_nut_0494_OK,0494,OK,OK,OK,True,5,5,"C1,C2,C3,C4,C5",,,True,True,True,True,True,True,True,True,True,True,True,True,True,True,True
plastic_nut::plastic_nut_0495_OK,plastic_nut,train,plastic_nut_0495_OK,0495,OK,OK,OK,True,5,5,"C1,C2,C3,C4,C5",,,True,True,True,True,True,True,True,True,True,True,True,True,True,True,True
plastic_nut::plastic_nut_0496_OK,plastic_nut,test,plastic_nut_0496_OK,0496,OK,OK,OK,True,5,5,"C1,C2,C3,C4,C5",,,True,True,True,True,True,True,True,True,True,True,True,True,True,True,True
plastic_nut::plastic_nut_0497_OK,plastic_nut,train,plastic_nut_0497_OK,0497,OK,OK,OK,True,5,5,"C1,C2,C3,C4,C5",,,True,True,True,True,True,True,True,True,True,True,True,True,True,True,True
plastic_nut::plastic_nut_0498_OK,plastic_nut,train,plastic_nut_0498_OK,0498,OK,OK,OK,True,5,5,"C1,C2,C3,C4,C5",,,True,True,True,True,True,True,True,True,True,True,True,True,True,True,True
plastic_nut::plastic_nut_0499_OK,plastic_nut,test,plastic_nut_0499_OK,0499,OK,OK,OK,True,5,5,"C1,C2,C3,C4,C5",,,True,True,True,True,True,True,True,True,True,True,True,True,True,True,True
plastic_nut::plastic_nut_0500_OK,plastic_nut,train,plastic_nut_0500_OK,0500,OK,OK,OK,True,5,5,"C1,C2,C3,C4,C5",,,True,True,True,True,True,True,True,True,True,True,True,True,True,True,True
plastic_nut::plastic_nut_2001_OK,plastic_nut,train,plastic_nut_2001_OK,2001,OK,OK,OK,True,5,5,"C1,C2,C3,C4,C5",,,True,True,True,True,True,True,True,True,True,True,True,True,True,True,True
plastic_nut::plastic_nut_2002_OK,plastic_nut,train,plastic_nut_2002_OK,2002,OK,OK,OK,True,5,5,"C1,C2,C3,C4,C5",,,True,True,True,True,True,True,True,True,True,True,True,True,True,True,True
terminalblock::terminalblock_0001_NG_AK,terminalblock,test,terminalblock_0001_NG_AK,0001,OK,NG_AK,AK,True,5,5,"C1,C2,C3,C4,C5",,,True,True,True,True,True,True,True,True,True,True,True,True,True,True,True
terminalblock::terminalblock_0001_NG_QS,terminalblock,test,terminalblock_0001_NG_QS,0001,OK,NG_QS,QS,True,5,5,"C1,C2,C3,C4,C5",,,True,True,True,True,True,True,True,True,True,True,True,True,True,True,True
terminalblock::terminalblock_0001_NG_ZW,terminalblock,test,terminalblock_0001_NG_ZW,0001,OK,NG_ZW,ZW,True,5,5,"C1,C2,C3,C4,C5",,,True,True,True,True,True,True,True,True,True,True,True,True,True,True,True
terminalblock::terminalblock_0001_OK,terminalblock,train,terminalblock_0001_OK,0001,OK,OK,OK,True,5,5,"C1,C2,C3,C4,C5",,,True,True,True,True,True,True,True,True,True,True,True,True,True,True,True
terminalblock::terminalblock_0002_NG_AK,terminalblock,test,terminalblock_0002_NG_AK,0002,OK,NG_AK,AK,True,5,5,"C1,C2,C3,C4,C5",,,True,True,True,True,True,True,True,True,True,True,True,True,True,True,True
terminalblock::terminalblock_0002_NG_QS,terminalblock,test,terminalblock_0002_NG_QS,0002,OK,NG_QS,QS,True,5,5,"C1,C2,C3,C4,C5",,,True,True,True,True,True,True,True,True,True,True,True,True,True,True,True
terminalblock::terminalblock_0002_NG_ZW,terminalblock,test,terminalblock_0002_NG_ZW,0002,OK,NG_ZW,ZW,True,5,5,"C1,C2,C3,C4,C5",,,True,True,True,True,True,True,True,True,True,True,True,True,True,True,True
terminalblock::terminalblock_0002_OK,terminalblock,train,terminalblock_0002_OK,0002,OK,OK,OK,True,5,5,"C1,C2,C3,C4,C5",,,True,True,True,True,True,True,True,True,True,True,True,True,True,True,True
terminalblock::terminalblock_0003_NG_AK,terminalblock,test,terminalblock_0003_NG_AK,0003,OK,NG_AK,AK,False,5,5,"C1,C2,C3,C4,C5",,,True,True,True,True,True,True,True,True,True,True,True,True,True,True,True
terminalblock::terminalblock_0003_NG_QS,terminalblock,test,terminalblock_0003_NG_QS,0003,OK,NG_QS,QS,True,5,5,"C1,C2,C3,C4,C5",,,True,True,True,True,True,True,True,True,True,True,True,True,True,True,True
terminalblock::terminalblock_0003_NG_ZW,terminalblock,test,terminalblock_0003_NG_ZW,0003,OK,NG_ZW,ZW,False,5,5,"C1,C2,C3,C4,C5",,,True,True,True,True,True,True,True,True,True,True,True,True,True,True,True
terminalblock::terminalblock_0003_OK,terminalblock,test,terminalblock_0003_OK,0003,OK,OK,OK,True,5,5,"C1,C2,C3,C4,C5",,,True,True,True,True,True,True,True,True,True,True,True,True,True,True,True
terminalblock::terminalblock_0004_NG_AK,terminalblock,test,terminalblock_0004_NG_AK,0004,OK,NG_AK,AK,False,5,5,"C1,C2,C3,C4,C5",,,True,True,True,True,True,True,True,True,True,True,True,True,True,True,True
terminalblock::terminalblock_0004_NG_QS,terminalblock,test,terminalblock_0004_NG_QS,0004,OK,NG_QS,QS,True,5,5,"C1,C2,C3,C4,C5",,,True,True,True,True,True,True,True,True,True,True,True,True,True,True,True
terminalblock::terminalblock_0004_NG_ZW,terminalblock,test,terminalblock_0004_NG_ZW,0004,OK,NG_ZW,ZW,True,5,5,"C1,C2,C3,C4,C5",,,True,True,True,True,True,True,True,True,True,True,True,True,True,True,True
terminalblock::terminalblock_0004_OK,terminalblock,test,terminalblock_0004_OK,0004,OK,OK,OK,True,5,5,"C1,C2,C3,C4,C5",,,True,True,True,True,True,True,True,True,True,True,True,True,True,True,True
terminalblock::terminalblock_0005_NG_AK,terminalblock,test,terminalblock_0005_NG_AK,0005,OK,NG_AK,AK,False,5,5,"C1,C2,C3,C4,C5",,,True,True,True,True,True,True,True,True,True,True,True,True,True,True,True
terminalblock::terminalblock_0005_NG_QS,terminalblock,test,terminalblock_0005_NG_QS,0005,OK,NG_QS,QS,True,5,5,"C1,C2,C3,C4,C5",,,True,True,True,True,True,True,True,True,True,True,True,True,True,True,True
terminalblock::terminalblock_0005_NG_ZW,terminalblock,test,terminalblock_0005_NG_ZW,0005,OK,NG_ZW,OK,False,5,5,"C1,C2,C3,C4,C5",,,True,True,True,True,True,True,True,True,True,True,True,True,True,True,True
terminalblock::terminalblock_0005_OK,terminalblock,test,terminalblock_0005_OK,0005,OK,OK,OK,True,5,5,"C1,C2,C3,C4,C5",,,True,True,True,True,True,True,True,True,True,True,True,True,True,True,True
terminalblock::terminalblock_0006_NG_AK,terminalblock,test,terminalblock_0006_NG_AK,0006,OK,NG_AK,AK,True,5,5,"C1,C2,C3,C4,C5",,,True,True,True,True,True,True,True,True,True,True,True,True,True,True,True
terminalblock::terminalblock_0006_NG_QS,terminalblock,test,terminalblock_0006_NG_QS,0006,OK,NG_QS,QS,True,5,5,"C1,C2,C3,C4,C5",,,True,True,True,True,True,True,True,True,True,True,True,True,True,True,True
terminalblock::terminalblock_0006_NG_ZW,terminalblock,test,terminalblock_0006_NG_ZW,0006,OK,NG_ZW,ZW,True,5,5,"C1,C2,C3,C4,C5",,,True,True,True,True,True,True,True,True,True,True,True,True,True,True,True
terminalblock::terminalblock_0006_OK,terminalblock,train,terminalblock_0006_OK,0006,OK,OK,OK,True,5,5,"C1,C2,C3,C4,C5",,,True,True,True,True,True,True,True,True,True,True,True,True,True,True,True
terminalblock::terminalblock_0007_NG_AK,terminalblock,test,terminalblock_0007_NG_AK,0007,OK,NG_AK,AK,True,5,5,"C1,C2,C3,C4,C5",,,True,True,True,True,True,True,True,True,True,True,True,True,True,True,True
terminalblock::terminalblock_0007_NG_QS,terminalblock,test,terminalblock_0007_NG_QS,0007,OK,NG_QS,QS,True,5,5,"C1,C2,C3,C4,C5",,,True,True,True,True,True,True,True,True,True,True,True,True,True,True,True
terminalblock::terminalblock_0007_NG_ZW,terminalblock,test,terminalblock_0007_NG_ZW,0007,OK,NG_ZW,OK,False,5,5,"C1,C2,C3,C4,C5",,,True,True,True,True,True,True,True,True,True,True,True,True,True,True,True
terminalblock::terminalblock_0007_OK,terminalblock,train,terminalblock_0007_OK,0007,OK,OK,OK,True,5,5,"C1,C2,C3,C4,C5",,,True,True,True,True,True,True,True,True,True,True,True,True,True,True,True
terminalblock::terminalblock_0008_NG_AK,terminalblock,test,terminalblock_0008_NG_AK,0008,OK,NG_AK,AK,False,5,5,"C1,C2,C3,C4,C5",,,True,True,True,True,True,True,True,True,True,True,True,True,True,True,True
terminalblock::terminalblock_0008_NG_QS,terminalblock,test,terminalblock_0008_NG_QS,0008,OK,NG_QS,QS,True,5,5,"C1,C2,C3,C4,C5",,,True,True,True,True,True,True,True,True,True,True,True,True,True,True,True
terminalblock::terminalblock_0008_NG_ZW,terminalblock,test,terminalblock_0008_NG_ZW,0008,OK,NG_ZW,ZW,True,5,5,"C1,C2,C3,C4,C5",,,True,True,True,True,True,True,True,True,True,True,True,True,True,True,True
terminalblock::terminalblock_0008_OK,terminalblock,test,terminalblock_0008_OK,0008,OK,OK,OK,True,5,5,"C1,C2,C3,C4,C5",,,True,True,True,True,True,True,True,True,True,True,True,True,True,True,True
terminalblock::terminalblock_0009_NG_AK,terminalblock,test,terminalblock_0009_NG_AK,0009,OK,NG_AK,AK,True,5,5,"C1,C2,C3,C4,C5",,,True,True,True,True,True,True,True,True,True,True,True,True,True,True,True
terminalblock::terminalblock_0009_NG_QS,terminalblock,test,terminalblock_0009_NG_QS,0009,OK,NG_QS,QS,True,5,5,"C1,C2,C3,C4,C5",,,True,True,True,True,True,True,True,True,True,True,True,True,True,True,True
terminalblock::terminalblock_0009_NG_ZW,terminalblock,test,terminalblock_0009_NG_ZW,0009,OK,NG_ZW,ZW,True,5,5,"C1,C2,C3,C4,C5",,,True,True,True,True,True,True,True,True,True,True,True,True,True,True,True
terminalblock::terminalblock_0009_OK,terminalblock,test,terminalblock_0009_OK,0009,OK,OK,OK,True,5,5,"C1,C2,C3,C4,C5",,,True,True,True,True,True,True,True,True,True,True,True,True,True,True,True
terminalblock::terminalblock_0010_NG_AK,terminalblock,test,terminalblock_0010_NG_AK,0010,OK,NG_AK,AK,False,5,5,"C1,C2,C3,C4,C5",,,True,True,True,True,True,True,True,True,True,True,True,True,True,True,True
terminalblock::terminalblock_0010_NG_QS,terminalblock,test,terminalblock_0010_NG_QS,0010,OK,NG_QS,QS,True,5,5,"C1,C2,C3,C4,C5",,,True,True,True,True,True,True,True,True,True,True,True,True,True,True,True
terminalblock::terminalblock_0010_NG_ZW,terminalblock,test,terminalblock_0010_NG_ZW,0010,OK,NG_ZW,ZW,True,5,5,"C1,C2,C3,C4,C5",,,True,True,True,True,True,True,True,True,True,True,True,True,True,True,True
terminalblock::terminalblock_0010_OK,terminalblock,train,terminalblock_0010_OK,0010,OK,OK,OK,True,5,5,"C1,C2,C3,C4,C5",,,True,True,True,True,True,True,True,True,True,True,True,True,True,True,True
terminalblock::terminalblock_0011_NG_AK,terminalblock,test,terminalblock_0011_NG_AK,0011,OK,NG_AK,OK,False,5,5,"C1,C2,C3,C4,C5",,,True,True,True,True,True,True,True,True,True,True,True,True,True,True,True
terminalblock::terminalblock_0011_NG_QS,terminalblock,test,terminalblock_0011_NG_QS,0011,OK,NG_QS,OK,False,5,5,"C1,C2,C3,C4,C5",,,True,True,True,True,True,True,True,True,True,True,True,True,True,True,True
terminalblock::terminalblock_0011_NG_ZW,terminalblock,test,terminalblock_0011_NG_ZW,0011,OK,NG_ZW,ZW,True,5,5,"C1,C2,C3,C4,C5",,,True,True,True,True,True,True,True,True,True,True,True,True,True,True,True
terminalblock::terminalblock_0011_OK,terminalblock,test,terminalblock_0011_OK,0011,OK,OK,OK,True,5,5,"C1,C2,C3,C4,C5",,,True,True,True,True,True,True,True,True,True,True,True,True,True,True,True
terminalblock::terminalblock_0012_NG_AK,terminalblock,test,terminalblock_0012_NG_AK,0012,OK,NG_AK,AK,True,5,5,"C1,C2,C3,C4,C5",,,True,True,True,True,True,True,True,True,True,True,True,True,True,True,True
terminalblock::terminalblock_0012_NG_QS,terminalblock,test,terminalblock_0012_NG_QS,0012,OK,NG_QS,QS,True,5,5,"C1,C2,C3,C4,C5",,,True,True,True,True,True,True,True,True,True,True,True,True,True,True,True
terminalblock::terminalblock_0012_NG_ZW,terminalblock,test,terminalblock_0012_NG_ZW,0012,OK,NG_ZW,ZW,True,5,5,"C1,C2,C3,C4,C5",,,True,True,True,True,True,True,True,True,True,True,True,True,True,True,True
terminalblock::terminalblock_0012_OK,terminalblock,train,terminalblock_0012_OK,0012,OK,OK,OK,True,5,5,"C1,C2,C3,C4,C5",,,True,True,True,True,True,True,True,True,True,True,True,True,True,True,True
terminalblock::terminalblock_0013_NG_AK,terminalblock,test,terminalblock_0013_NG_AK,0013,OK,NG_AK,AK,True,5,5,"C1,C2,C3,C4,C5",,,True,True,True,True,True,True,True,True,True,True,True,True,True,True,True
terminalblock::terminalblock_0013_NG_QS,terminalblock,test,terminalblock_0013_NG_QS,0013,OK,NG_QS,QS,True,5,5,"C1,C2,C3,C4,C5",,,True,True,True,True,True,True,True,True,True,True,True,True,True,True,True
terminalblock::terminalblock_0013_NG_ZW,terminalblock,test,terminalblock_0013_NG_ZW,0013,OK,NG_ZW,ZW,True,5,5,"C1,C2,C3,C4,C5",,,True,True,True,True,True,True,True,True,True,True,True,True,True,True,True
terminalblock::terminalblock_0013_OK,terminalblock,test,terminalblock_0013_OK,0013,OK,OK,OK,True,5,5,"C1,C2,C3,C4,C5",,,True,True,True,True,True,True,True,True,True,True,True,True,True,True,True
terminalblock::terminalblock_0014_NG_AK,terminalblock,test,terminalblock_0014_NG_AK,0014,OK,NG_AK,AK,False,5,5,"C1,C2,C3,C4,C5",,,True,True,True,True,True,True,True,True,True,True,True,True,True,True,True
terminalblock::terminalblock_0014_NG_QS,terminalblock,test,terminalblock_0014_NG_QS,0014,OK,NG_QS,QS,True,5,5,"C1,C2,C3,C4,C5",,,True,True,True,True,True,True,True,True,True,True,True,True,True,True,True
terminalblock::terminalblock_0014_NG_ZW,terminalblock,test,terminalblock_0014_NG_ZW,0014,OK,NG_ZW,ZW,True,5,5,"C1,C2,C3,C4,C5",,,True,True,True,True,True,True,True,True,True,True,True,True,True,True,True
terminalblock::terminalblock_0014_OK,terminalblock,train,terminalblock_0014_OK,0014,OK,OK,OK,True,5,5,"C1,C2,C3,C4,C5",,,True,True,True,True,True,True,True,True,True,True,True,True,True,True,True
terminalblock::terminalblock_0015_NG_AK,terminalblock,test,terminalblock_0015_NG_AK,0015,OK,NG_AK,AK,False,5,5,"C1,C2,C3,C4,C5",,,True,True,True,True,True,True,True,True,True,True,True,True,True,True,True
terminalblock::terminalblock_0015_NG_QS,terminalblock,test,terminalblock_0015_NG_QS,0015,OK,NG_QS,QS,True,5,5,"C1,C2,C3,C4,C5",,,True,True,True,True,True,True,True,True,True,True,True,True,True,True,True
terminalblock::terminalblock_0015_NG_ZW,terminalblock,test,terminalblock_0015_NG_ZW,0015,OK,NG_ZW,ZW,True,5,5,"C1,C2,C3,C4,C5",,,True,True,True,True,True,True,True,True,True,True,True,True,True,True,True
terminalblock::terminalblock_0015_OK,terminalblock,train,terminalblock_0015_OK,0015,OK,OK,OK,True,5,5,"C1,C2,C3,C4,C5",,,True,True,True,True,True,True,True,True,True,True,True,True,True,True,True
terminalblock::terminalblock_0016_NG_AK,terminalblock,test,terminalblock_0016_NG_AK,0016,OK,NG_AK,AK,False,5,5,"C1,C2,C3,C4,C5",,,True,True,True,True,True,True,True,True,True,True,True,True,True,True,True
terminalblock::terminalblock_0016_NG_QS,terminalblock,test,terminalblock_0016_NG_QS,0016,OK,NG_QS,QS,True,5,5,"C1,C2,C3,C4,C5",,,True,True,True,True,True,True,True,True,True,True,True,True,True,True,True
terminalblock::terminalblock_0016_NG_ZW,terminalblock,test,terminalblock_0016_NG_ZW,0016,OK,NG_ZW,OK,False,5,5,"C1,C2,C3,C4,C5",,,True,True,True,True,True,True,True,True,True,True,True,True,True,True,True
terminalblock::terminalblock_0016_OK,terminalblock,train,terminalblock_0016_OK,0016,OK,OK,OK,True,5,5,"C1,C2,C3,C4,C5",,,True,True,True,True,True,True,True,True,True,True,True,True,True,True,True
terminalblock::terminalblock_0017_NG_AK,terminalblock,test,terminalblock_0017_NG_AK,0017,OK,NG_AK,AK,False,5,5,"C1,C2,C3,C4,C5",,,True,True,True,True,True,True,True,True,True,True,True,True,True,True,True
terminalblock::terminalblock_0017_NG_QS,terminalblock,test,terminalblock_0017_NG_QS,0017,OK,NG_QS,QS,True,5,5,"C1,C2,C3,C4,C5",,,True,True,True,True,True,True,True,True,True,True,True,True,True,True,True
terminalblock::terminalblock_0017_NG_ZW,terminalblock,test,terminalblock_0017_NG_ZW,0017,OK,NG_ZW,OK,False,5,5,"C1,C2,C3,C4,C5",,,True,True,True,True,True,True,True,True,True,True,True,True,True,True,True
terminalblock::terminalblock_0017_OK,terminalblock,test,terminalblock_0017_OK,0017,OK,OK,OK,True,5,5,"C1,C2,C3,C4,C5",,,True,True,True,True,True,True,True,True,True,True,True,True,True,True,True
terminalblock::terminalblock_0018_NG_AK,terminalblock,test,terminalblock_0018_NG_AK,0018,OK,NG_AK,AK,True,5,5,"C1,C2,C3,C4,C5",,,True,True,True,True,True,True,True,True,True,True,True,True,True,True,True
terminalblock::terminalblock_0018_NG_QS,terminalblock,test,terminalblock_0018_NG_QS,0018,OK,NG_QS,QS,True,5,5,"C1,C2,C3,C4,C5",,,True,True,True,True,True,True,True,True,True,True,True,True,True,True,True
terminalblock::terminalblock_0018_NG_ZW,terminalblock,test,terminalblock_0018_NG_ZW,0018,OK,NG_ZW,ZW,True,5,5,"C1,C2,C3,C4,C5",,,True,True,True,True,True,True,True,True,True,True,True,True,True,True,True
terminalblock::terminalblock_0018_OK,terminalblock,test,terminalblock_0018_OK,0018,OK,OK,OK,True,5,5,"C1,C2,C3,C4,C5",,,True,True,True,True,True,True,True,True,True,True,True,True,True,True,True
terminalblock::terminalblock_0019_NG_AK,terminalblock,test,terminalblock_0019_NG_AK,0019,OK,NG_AK,AK,True,5,5,"C1,C2,C3,C4,C5",,,True,True,True,True,True,True,True,True,True,True,True,True,True,True,True
terminalblock::terminalblock_0019_NG_QS,terminalblock,test,terminalblock_0019_NG_QS,0019,OK,NG_QS,OK,False,5,5,"C1,C2,C3,C4,C5",,,True,True,True,True,True,True,True,True,True,True,True,True,True,True,True
terminalblock::terminalblock_0019_NG_ZW,terminalblock,test,terminalblock_0019_NG_ZW,0019,OK,NG_ZW,OK,False,5,5,"C1,C2,C3,C4,C5",,,True,True,True,True,True,True,True,True,True,True,True,True,True,True,True
terminalblock::terminalblock_0019_OK,terminalblock,train,terminalblock_0019_OK,0019,OK,OK,OK,True,5,5,"C1,C2,C3,C4,C5",,,True,True,True,True,True,True,True,True,True,True,True,True,True,True,True
terminalblock::terminalblock_0020_NG_AK,terminalblock,test,terminalblock_0020_NG_AK,0020,OK,NG_AK,AK,True,5,5,"C1,C2,C3,C4,C5",,,True,True,True,True,True,True,True,True,True,True,True,True,True,True,True
terminalblock::terminalblock_0020_NG_QS,terminalblock,test,terminalblock_0020_NG_QS,0020,OK,NG_QS,QS,True,5,5,"C1,C2,C3,C4,C5",,,True,True,True,True,True,True,True,True,True,True,True,True,True,True,True
terminalblock::terminalblock_0020_NG_ZW,terminalblock,test,terminalblock_0020_NG_ZW,0020,OK,NG_ZW,ZW,False,5,5,"C1,C2,C3,C4,C5",,,True,True,True,True,True,True,True,True,True,True,True,True,True,True,True
terminalblock::terminalblock_0020_OK,terminalblock,test,terminalblock_0020_OK,0020,OK,OK,OK,True,5,5,"C1,C2,C3,C4,C5",,,True,True,True,True,True,True,True,True,True,True,True,True,True,True,True
terminalblock::terminalblock_0021_NG_AK,terminalblock,test,terminalblock_0021_NG_AK,0021,OK,NG_AK,OK,False,5,5,"C1,C2,C3,C4,C5",,,True,True,True,True,True,True,True,True,True,True,True,True,True,True,True
terminalblock::terminalblock_0021_NG_QS,terminalblock,test,terminalblock_0021_NG_QS,0021,OK,NG_QS,QS,True,5,5,"C1,C2,C3,C4,C5",,,True,True,True,True,True,True,True,True,True,True,True,True,True,True,True
terminalblock::terminalblock_0021_NG_ZW,terminalblock,test,terminalblock_0021_NG_ZW,0021,OK,NG_ZW,ZW,True,5,5,"C1,C2,C3,C4,C5",,,True,True,True,True,True,True,True,True,True,True,True,True,True,True,True
terminalblock::terminalblock_0021_OK,terminalblock,train,terminalblock_0021_OK,0021,OK,OK,OK,True,5,5,"C1,C2,C3,C4,C5",,,True,True,True,True,True,True,True,True,True,True,True,True,True,True,True
terminalblock::terminalblock_0022_NG_AK,terminalblock,test,terminalblock_0022_NG_AK,0022,OK,NG_AK,AK,True,5,5,"C1,C2,C3,C4,C5",,,True,True,True,True,True,True,True,True,True,True,True,True,True,True,True
terminalblock::terminalblock_0022_NG_QS,terminalblock,test,terminalblock_0022_NG_QS,0022,OK,NG_QS,QS,True,5,5,"C1,C2,C3,C4,C5",,,True,True,True,True,True,True,True,True,True,True,True,True,True,True,True
terminalblock::terminalblock_0022_NG_ZW,terminalblock,test,terminalblock_0022_NG_ZW,0022,OK,NG_ZW,ZW,True,5,5,"C1,C2,C3,C4,C5",,,True,True,True,True,True,True,True,True,True,True,True,True,True,True,True
terminalblock::terminalblock_0022_OK,terminalblock,train,terminalblock_0022_OK,0022,OK,OK,OK,True,5,5,"C1,C2,C3,C4,C5",,,True,True,True,True,True,True,True,True,True,True,True,True,True,True,True
terminalblock::terminalblock_0023_NG_AK,terminalblock,test,terminalblock_0023_NG_AK,0023,OK,NG_AK,AK,True,5,5,"C1,C2,C3,C4,C5",,,True,True,True,True,True,True,True,True,True,True,True,True,True,True,True
terminalblock::terminalblock_0023_NG_QS,terminalblock,test,terminalblock_0023_NG_QS,0023,OK,NG_QS,QS,True,5,5,"C1,C2,C3,C4,C5",,,True,True,True,True,True,True,True,True,True,True,True,True,True,True,True
terminalblock::terminalblock_0023_NG_ZW,terminalblock,test,terminalblock_0023_NG_ZW,0023,OK,NG_ZW,ZW,True,5,5,"C1,C2,C3,C4,C5",,,True,True,True,True,True,True,True,True,True,True,True,True,True,True,True
terminalblock::terminalblock_0023_OK,terminalblock,test,terminalblock_0023_OK,0023,OK,OK,OK,True,5,5,"C1,C2,C3,C4,C5",,,True,True,True,True,True,True,True,True,True,True,True,True,True,True,True
terminalblock::terminalblock_0024_NG_AK,terminalblock,test,terminalblock_0024_NG_AK,0024,OK,NG_AK,AK,True,5,5,"C1,C2,C3,C4,C5",,,True,True,True,True,True,True,True,True,True,True,True,True,True,True,True
terminalblock::terminalblock_0024_NG_QS,terminalblock,test,terminalblock_0024_NG_QS,0024,OK,NG_QS,QS,True,5,5,"C1,C2,C3,C4,C5",,,True,True,True,True,True,True,True,True,True,True,True,True,True,True,True
terminalblock::terminalblock_0024_NG_ZW,terminalblock,test,terminalblock_0024_NG_ZW,0024,OK,NG_ZW,ZW,True,5,5,"C1,C2,C3,C4,C5",,,True,True,True,True,True,True,True,True,True,True,True,True,True,True,True
terminalblock::terminalblock_0024_OK,terminalblock,test,terminalblock_0024_OK,0024,OK,OK,OK,True,5,5,"C1,C2,C3,C4,C5",,,True,True,True,True,True,True,True,True,True,True,True,True,True,True,True
terminalblock::terminalblock_0025_NG_AK,terminalblock,test,terminalblock_0025_NG_AK,0025,OK,NG_AK,AK,True,5,5,"C1,C2,C3,C4,C5",,,True,True,True,True,True,True,True,True,True,True,True,True,True,True,True
terminalblock::terminalblock_0025_NG_QS,terminalblock,test,terminalblock_0025_NG_QS,0025,OK,NG_QS,OK,False,5,5,"C1,C2,C3,C4,C5",,,True,True,True,True,True,True,True,True,True,True,True,True,True,True,True
terminalblock::terminalblock_0025_NG_ZW,terminalblock,test,terminalblock_0025_NG_ZW,0025,OK,NG_ZW,OK,False,5,5,"C1,C2,C3,C4,C5",,,True,True,True,True,True,True,True,True,True,True,True,True,True,True,True
terminalblock::terminalblock_0025_OK,terminalblock,test,terminalblock_0025_OK,0025,OK,OK,OK,True,5,5,"C1,C2,C3,C4,C5",,,True,True,True,True,True,True,True,True,True,True,True,True,True,True,True
terminalblock::terminalblock_0026_NG_AK,terminalblock,test,terminalblock_0026_NG_AK,0026,OK,NG_AK,AK,False,5,5,"C1,C2,C3,C4,C5",,,True,True,True,True,True,True,True,True,True,True,True,True,True,True,True
terminalblock::terminalblock_0026_NG_QS,terminalblock,test,terminalblock_0026_NG_QS,0026,OK,NG_QS,QS,True,5,5,"C1,C2,C3,C4,C5",,,True,True,True,True,True,True,True,True,True,True,True,True,True,True,True
terminalblock::terminalblock_0026_NG_ZW,terminalblock,test,terminalblock_0026_NG_ZW,0026,OK,NG_ZW,ZW,True,5,5,"C1,C2,C3,C4,C5",,,True,True,True,True,True,True,True,True,True,True,True,True,True,True,True
terminalblock::terminalblock_0026_OK,terminalblock,test,terminalblock_0026_OK,0026,OK,OK,OK,True,5,5,"C1,C2,C3,C4,C5",,,True,True,True,True,True,True,True,True,True,True,True,True,True,True,True
terminalblock::terminalblock_0027_NG_AK,terminalblock,test,terminalblock_0027_NG_AK,0027,OK,NG_AK,OK,False,5,5,"C1,C2,C3,C4,C5",,,True,True,True,True,True,True,True,True,True,True,True,True,True,True,True
terminalblock::terminalblock_0027_NG_QS,terminalblock,test,terminalblock_0027_NG_QS,0027,OK,NG_QS,OK,False,5,5,"C1,C2,C3,C4,C5",,,True,True,True,True,True,True,True,True,True,True,True,True,True,True,True
terminalblock::terminalblock_0027_NG_ZW,terminalblock,test,terminalblock_0027_NG_ZW,0027,OK,NG_ZW,OK,False,5,5,"C1,C2,C3,C4,C5",,,True,True,True,True,True,True,True,True,True,True,True,True,True,True,True
terminalblock::terminalblock_0027_OK,terminalblock,train,terminalblock_0027_OK,0027,OK,OK,OK,True,5,5,"C1,C2,C3,C4,C5",,,True,True,True,True,True,True,True,True,True,True,True,True,True,True,True
terminalblock::terminalblock_0028_NG_AK,terminalblock,test,terminalblock_0028_NG_AK,0028,OK,NG_AK,OK,False,5,5,"C1,C2,C3,C4,C5",,,True,True,True,True,True,True,True,True,True,True,True,True,True,True,True
terminalblock::terminalblock_0028_NG_QS,terminalblock,test,terminalblock_0028_NG_QS,0028,OK,NG_QS,QS,True,5,5,"C1,C2,C3,C4,C5",,,True,True,True,True,True,True,True,True,True,True,True,True,True,True,True
terminalblock::terminalblock_0028_NG_ZW,terminalblock,test,terminalblock_0028_NG_ZW,0028,OK,NG_ZW,ZW,True,5,5,"C1,C2,C3,C4,C5",,,True,True,True,True,True,True,True,True,True,True,True,True,True,True,True
terminalblock::terminalblock_0028_OK,terminalblock,test,terminalblock_0028_OK,0028,OK,OK,OK,True,5,5,"C1,C2,C3,C4,C5",,,True,True,True,True,True,True,True,True,True,True,True,True,True,True,True
terminalblock::terminalblock_0029_NG_AK,terminalblock,test,terminalblock_0029_NG_AK,0029,OK,NG_AK,AK,False,5,5,"C1,C2,C3,C4,C5",,,True,True,True,True,True,True,True,True,True,True,True,True,True,True,True
terminalblock::terminalblock_0029_NG_QS,terminalblock,test,terminalblock_0029_NG_QS,0029,OK,NG_QS,QS,True,5,5,"C1,C2,C3,C4,C5",,,True,True,True,True,True,True,True,True,True,True,True,True,True,True,True
terminalblock::terminalblock_0029_NG_ZW,terminalblock,test,terminalblock_0029_NG_ZW,0029,OK,NG_ZW,ZW,True,5,5,"C1,C2,C3,C4,C5",,,True,True,True,True,True,True,True,True,True,True,True,True,True,True,True
terminalblock::terminalblock_0029_OK,terminalblock,train,terminalblock_0029_OK,0029,OK,OK,OK,True,5,5,"C1,C2,C3,C4,C5",,,True,True,True,True,True,True,True,True,True,True,True,True,True,True,True
terminalblock::terminalblock_0030_NG_AK,terminalblock,test,terminalblock_0030_NG_AK,0030,OK,NG_AK,AK,True,5,5,"C1,C2,C3,C4,C5",,,True,True,True,True,True,True,True,True,True,True,True,True,True,True,True
terminalblock::terminalblock_0030_NG_QS,terminalblock,test,terminalblock_0030_NG_QS,0030,OK,NG_QS,QS,True,5,5,"C1,C2,C3,C4,C5",,,True,True,True,True,True,True,True,True,True,True,True,True,True,True,True
terminalblock::terminalblock_0030_NG_ZW,terminalblock,test,terminalblock_0030_NG_ZW,0030,OK,NG_ZW,ZW,True,5,5,"C1,C2,C3,C4,C5",,,True,True,True,True,True,True,True,True,True,True,True,True,True,True,True
terminalblock::terminalblock_0030_OK,terminalblock,train,terminalblock_0030_OK,0030,OK,OK,OK,True,5,5,"C1,C2,C3,C4,C5",,,True,True,True,True,True,True,True,True,True,True,True,True,True,True,True
terminalblock::terminalblock_0031_NG_AK,terminalblock,test,terminalblock_0031_NG_AK,0031,OK,NG_AK,OK,False,5,5,"C1,C2,C3,C4,C5",,,True,True,True,True,True,True,True,True,True,True,True,True,True,True,True
terminalblock::terminalblock_0031_NG_QS,terminalblock,test,terminalblock_0031_NG_QS,0031,OK,NG_QS,QS,True,5,5,"C1,C2,C3,C4,C5",,,True,True,True,True,True,True,True,True,True,True,True,True,True,True,True
terminalblock::terminalblock_0031_NG_ZW,terminalblock,test,terminalblock_0031_NG_ZW,0031,OK,NG_ZW,OK,False,5,5,"C1,C2,C3,C4,C5",,,True,True,True,True,True,True,True,True,True,True,True,True,True,True,True
terminalblock::terminalblock_0031_OK,terminalblock,test,terminalblock_0031_OK,0031,OK,OK,OK,True,5,5,"C1,C2,C3,C4,C5",,,True,True,True,True,True,True,True,True,True,True,True,True,True,True,True
terminalblock::terminalblock_0032_NG_AK,terminalblock,test,terminalblock_0032_NG_AK,0032,OK,NG_AK,AK,False,5,5,"C1,C2,C3,C4,C5",,,True,True,True,True,True,True,True,True,True,True,True,True,True,True,True
terminalblock::terminalblock_0032_NG_QS,terminalblock,test,terminalblock_0032_NG_QS,0032,OK,NG_QS,QS,False,5,5,"C1,C2,C3,C4,C5",,,True,True,True,True,True,True,True,True,True,True,True,True,True,True,True
terminalblock::terminalblock_0032_NG_ZW,terminalblock,test,terminalblock_0032_NG_ZW,0032,OK,NG_ZW,ZW,True,5,5,"C1,C2,C3,C4,C5",,,True,True,True,True,True,True,True,True,True,True,True,True,True,True,True
terminalblock::terminalblock_0032_OK,terminalblock,train,terminalblock_0032_OK,0032,OK,OK,OK,True,5,5,"C1,C2,C3,C4,C5",,,True,True,True,True,True,True,True,True,True,True,True,True,True,True,True
terminalblock::terminalblock_0033_NG_AK,terminalblock,test,terminalblock_0033_NG_AK,0033,OK,NG_AK,AK,False,5,5,"C1,C2,C3,C4,C5",,,True,True,True,True,True,True,True,True,True,True,True,True,True,True,True
terminalblock::terminalblock_0033_NG_QS,terminalblock,test,terminalblock_0033_NG_QS,0033,OK,NG_QS,QS,True,5,5,"C1,C2,C3,C4,C5",,,True,True,True,True,True,True,True,True,True,True,True,True,True,True,True
terminalblock::terminalblock_0033_NG_ZW,terminalblock,test,terminalblock_0033_NG_ZW,0033,OK,NG_ZW,ZW,True,5,5,"C1,C2,C3,C4,C5",,,True,True,True,True,True,True,True,True,True,True,True,True,True,True,True
terminalblock::terminalblock_0033_OK,terminalblock,train,terminalblock_0033_OK,0033,OK,OK,OK,True,5,5,"C1,C2,C3,C4,C5",,,True,True,True,True,True,True,True,True,True,True,True,True,True,True,True
terminalblock::terminalblock_0034_NG_AK,terminalblock,test,terminalblock_0034_NG_AK,0034,OK,NG_AK,AK,True,5,5,"C1,C2,C3,C4,C5",,,True,True,True,True,True,True,True,True,True,True,True,True,True,True,True
terminalblock::terminalblock_0034_NG_QS,terminalblock,test,terminalblock_0034_NG_QS,0034,OK,NG_QS,QS,True,5,5,"C1,C2,C3,C4,C5",,,True,True,True,True,True,True,True,True,True,True,True,True,True,True,True
terminalblock::terminalblock_0034_NG_ZW,terminalblock,test,terminalblock_0034_NG_ZW,0034,OK,NG_ZW,ZW,False,5,5,"C1,C2,C3,C4,C5",,,True,True,True,True,True,True,True,True,True,True,True,True,True,True,True
terminalblock::terminalblock_0034_OK,terminalblock,train,terminalblock_0034_OK,0034,OK,OK,OK,True,5,5,"C1,C2,C3,C4,C5",,,True,True,True,True,True,True,True,True,True,True,True,True,True,True,True
terminalblock::terminalblock_0035_NG_AK,terminalblock,test,terminalblock_0035_NG_AK,0035,OK,NG_AK,AK,True,5,5,"C1,C2,C3,C4,C5",,,True,True,True,True,True,True,True,True,True,True,True,True,True,True,True
terminalblock::terminalblock_0035_NG_QS,terminalblock,test,terminalblock_0035_NG_QS,0035,OK,NG_QS,OK,False,5,5,"C1,C2,C3,C4,C5",,,True,True,True,True,True,True,True,True,True,True,True,True,True,True,True
terminalblock::terminalblock_0035_NG_ZW,terminalblock,test,terminalblock_0035_NG_ZW,0035,OK,NG_ZW,ZW,True,5,5,"C1,C2,C3,C4,C5",,,True,True,True,True,True,True,True,True,True,True,True,True,True,True,True
terminalblock::terminalblock_0035_OK,terminalblock,train,terminalblock_0035_OK,0035,OK,OK,OK,True,5,5,"C1,C2,C3,C4,C5",,,True,True,True,True,True,True,True,True,True,True,True,True,True,True,True
terminalblock::terminalblock_0036_NG_AK,terminalblock,test,terminalblock_0036_NG_AK,0036,OK,NG_AK,AK,True,5,5,"C1,C2,C3,C4,C5",,,True,True,True,True,True,True,True,True,True,True,True,True,True,True,True
terminalblock::terminalblock_0036_NG_QS,terminalblock,test,terminalblock_0036_NG_QS,0036,OK,NG_QS,QS,True,5,5,"C1,C2,C3,C4,C5",,,True,True,True,True,True,True,True,True,True,True,True,True,True,True,True
terminalblock::terminalblock_0036_NG_ZW,terminalblock,test,terminalblock_0036_NG_ZW,0036,OK,NG_ZW,ZW,True,5,5,"C1,C2,C3,C4,C5",,,True,True,True,True,True,True,True,True,True,True,True,True,True,True,True
terminalblock::terminalblock_0036_OK,terminalblock,test,terminalblock_0036_OK,0036,OK,OK,OK,True,5,5,"C1,C2,C3,C4,C5",,,True,True,True,True,True,True,True,True,True,True,True,True,True,True,True
terminalblock::terminalblock_0037_NG_AK,terminalblock,test,terminalblock_0037_NG_AK,0037,OK,NG_AK,AK,True,5,5,"C1,C2,C3,C4,C5",,,True,True,True,True,True,True,True,True,True,True,True,True,True,True,True
terminalblock::terminalblock_0037_NG_QS,terminalblock,test,terminalblock_0037_NG_QS,0037,OK,NG_QS,QS,True,5,5,"C1,C2,C3,C4,C5",,,True,True,True,True,True,True,True,True,True,True,True,True,True,True,True
terminalblock::terminalblock_0037_NG_ZW,terminalblock,test,terminalblock_0037_NG_ZW,0037,OK,NG_ZW,OK,False,5,5,"C1,C2,C3,C4,C5",,,True,True,True,True,True,True,True,True,True,True,True,True,True,True,True
terminalblock::terminalblock_0037_OK,terminalblock,train,terminalblock_0037_OK,0037,OK,OK,OK,True,5,5,"C1,C2,C3,C4,C5",,,True,True,True,True,True,True,True,True,True,True,True,True,True,True,True
terminalblock::terminalblock_0038_NG_AK,terminalblock,test,terminalblock_0038_NG_AK,0038,OK,NG_AK,AK,False,5,5,"C1,C2,C3,C4,C5",,,True,True,True,True,True,True,True,True,True,True,True,True,True,True,True
terminalblock::terminalblock_0038_NG_QS,terminalblock,test,terminalblock_0038_NG_QS,0038,OK,NG_QS,QS,True,5,5,"C1,C2,C3,C4,C5",,,True,True,True,True,True,True,True,True,True,True,True,True,True,True,True
terminalblock::terminalblock_0038_NG_ZW,terminalblock,test,terminalblock_0038_NG_ZW,0038,OK,NG_ZW,ZW,False,5,5,"C1,C2,C3,C4,C5",,,True,True,True,True,True,True,True,True,True,True,True,True,True,True,True
terminalblock::terminalblock_0039_NG_AK,terminalblock,test,terminalblock_0039_NG_AK,0039,OK,NG_AK,AK,False,5,5,"C1,C2,C3,C4,C5",,,True,True,True,True,True,True,True,True,True,True,True,True,True,True,True
terminalblock::terminalblock_0039_NG_QS,terminalblock,test,terminalblock_0039_NG_QS,0039,OK,NG_QS,QS,True,5,5,"C1,C2,C3,C4,C5",,,True,True,True,True,True,True,True,True,True,True,True,True,True,True,True
terminalblock::terminalblock_0039_NG_ZW,terminalblock,test,terminalblock_0039_NG_ZW,0039,OK,NG_ZW,ZW,True,5,5,"C1,C2,C3,C4,C5",,,True,True,True,True,True,True,True,True,True,True,True,True,True,True,True
terminalblock::terminalblock_0039_OK,terminalblock,train,terminalblock_0039_OK,0039,OK,OK,OK,True,5,5,"C1,C2,C3,C4,C5",,,True,True,True,True,True,True,True,True,True,True,True,True,True,True,True
terminalblock::terminalblock_0040_NG_AK,terminalblock,test,terminalblock_0040_NG_AK,0040,OK,NG_AK,OK,False,5,5,"C1,C2,C3,C4,C5",,,True,True,True,True,True,True,True,True,True,True,True,True,True,True,True
terminalblock::terminalblock_0040_NG_QS,terminalblock,test,terminalblock_0040_NG_QS,0040,OK,NG_QS,QS,True,5,5,"C1,C2,C3,C4,C5",,,True,True,True,True,True,True,True,True,True,True,True,True,True,True,True
terminalblock::terminalblock_0040_NG_ZW,terminalblock,test,terminalblock_0040_NG_ZW,0040,OK,NG_ZW,ZW,False,5,5,"C1,C2,C3,C4,C5",,,True,True,True,True,True,True,True,True,True,True,True,True,True,True,True
terminalblock::terminalblock_0040_OK,terminalblock,test,terminalblock_0040_OK,0040,OK,OK,OK,True,5,5,"C1,C2,C3,C4,C5",,,True,True,True,True,True,True,True,True,True,True,True,True,True,True,True
terminalblock::terminalblock_0041_NG_AK,terminalblock,test,terminalblock_0041_NG_AK,0041,OK,NG_AK,AK,True,5,5,"C1,C2,C3,C4,C5",,,True,True,True,True,True,True,True,True,True,True,True,True,True,True,True
terminalblock::terminalblock_0041_NG_QS,terminalblock,test,terminalblock_0041_NG_QS,0041,OK,NG_QS,QS,True,5,5,"C1,C2,C3,C4,C5",,,True,True,True,True,True,True,True,True,True,True,True,True,True,True,True
terminalblock::terminalblock_0041_NG_ZW,terminalblock,test,terminalblock_0041_NG_ZW,0041,OK,NG_ZW,OK,False,5,5,"C1,C2,C3,C4,C5",,,True,True,True,True,True,True,True,True,True,True,True,True,True,True,True
terminalblock::terminalblock_0041_OK,terminalblock,test,terminalblock_0041_OK,0041,OK,OK,OK,True,5,5,"C1,C2,C3,C4,C5",,,True,True,True,True,True,True,True,True,True,True,True,True,True,True,True
terminalblock::terminalblock_0042_NG_AK,terminalblock,test,terminalblock_0042_NG_AK,0042,OK,NG_AK,AK,True,5,5,"C1,C2,C3,C4,C5",,,True,True,True,True,True,True,True,True,True,True,True,True,True,True,True
terminalblock::terminalblock_0042_NG_QS,terminalblock,test,terminalblock_0042_NG_QS,0042,OK,NG_QS,QS,False,5,5,"C1,C2,C3,C4,C5",,,True,True,True,True,True,True,True,True,True,True,True,True,True,True,True
terminalblock::terminalblock_0042_NG_ZW,terminalblock,test,terminalblock_0042_NG_ZW,0042,OK,NG_ZW,OK,False,5,5,"C1,C2,C3,C4,C5",,,True,True,True,True,True,True,True,True,True,True,True,True,True,True,True
terminalblock::terminalblock_0042_OK,terminalblock,train,terminalblock_0042_OK,0042,OK,OK,OK,True,5,5,"C1,C2,C3,C4,C5",,,True,True,True,True,True,True,True,True,True,True,True,True,True,True,True
terminalblock::terminalblock_0043_NG_AK,terminalblock,test,terminalblock_0043_NG_AK,0043,OK,NG_AK,AK,True,5,5,"C1,C2,C3,C4,C5",,,True,True,True,True,True,True,True,True,True,True,True,True,True,True,True
terminalblock::terminalblock_0043_NG_QS,terminalblock,test,terminalblock_0043_NG_QS,0043,OK,NG_QS,QS,True,5,5,"C1,C2,C3,C4,C5",,,True,True,True,True,True,True,True,True,True,True,True,True,True,True,True
terminalblock::terminalblock_0043_NG_ZW,terminalblock,test,terminalblock_0043_NG_ZW,0043,OK,NG_ZW,ZW,True,5,5,"C1,C2,C3,C4,C5",,,True,True,True,True,True,True,True,True,True,True,True,True,True,True,True
terminalblock::terminalblock_0043_OK,terminalblock,test,terminalblock_0043_OK,0043,OK,OK,OK,True,5,5,"C1,C2,C3,C4,C5",,,True,True,True,True,True,True,True,True,True,True,True,True,True,True,True
terminalblock::terminalblock_0044_NG_AK,terminalblock,test,terminalblock_0044_NG_AK,0044,OK,NG_AK,AK,True,5,5,"C1,C2,C3,C4,C5",,,True,True,True,True,True,True,True,True,True,True,True,True,True,True,True
terminalblock::terminalblock_0044_NG_QS,terminalblock,test,terminalblock_0044_NG_QS,0044,OK,NG_QS,QS,True,5,5,"C1,C2,C3,C4,C5",,,True,True,True,True,True,True,True,True,True,True,True,True,True,True,True
terminalblock::terminalblock_0044_NG_ZW,terminalblock,test,terminalblock_0044_NG_ZW,0044,OK,NG_ZW,ZW,False,5,5,"C1,C2,C3,C4,C5",,,True,True,True,True,True,True,True,True,True,True,True,True,True,True,True
terminalblock::terminalblock_0044_OK,terminalblock,test,terminalblock_0044_OK,0044,OK,OK,OK,True,5,5,"C1,C2,C3,C4,C5",,,True,True,True,True,True,True,True,True,True,True,True,True,True,True,True
terminalblock::terminalblock_0045_NG_AK,terminalblock,test,terminalblock_0045_NG_AK,0045,OK,NG_AK,OK,False,5,5,"C1,C2,C3,C4,C5",,,True,True,True,True,True,True,True,True,True,True,True,True,True,True,True
terminalblock::terminalblock_0045_NG_QS,terminalblock,test,terminalblock_0045_NG_QS,0045,OK,NG_QS,QS,False,5,5,"C1,C2,C3,C4,C5",,,True,True,True,True,True,True,True,True,True,True,True,True,True,True,True
terminalblock::terminalblock_0045_NG_ZW,terminalblock,test,terminalblock_0045_NG_ZW,0045,OK,NG_ZW,ZW,True,5,5,"C1,C2,C3,C4,C5",,,True,True,True,True,True,True,True,True,True,True,True,True,True,True,True
terminalblock::terminalblock_0045_OK,terminalblock,test,terminalblock_0045_OK,0045,OK,OK,OK,True,5,5,"C1,C2,C3,C4,C5",,,True,True,True,True,True,True,True,True,True,True,True,True,True,True,True
terminalblock::terminalblock_0046_NG_AK,terminalblock,test,terminalblock_0046_NG_AK,0046,OK,NG_AK,AK,True,5,5,"C1,C2,C3,C4,C5",,,True,True,True,True,True,True,True,True,True,True,True,True,True,True,True
terminalblock::terminalblock_0046_NG_QS,terminalblock,test,terminalblock_0046_NG_QS,0046,OK,NG_QS,QS,True,5,5,"C1,C2,C3,C4,C5",,,True,True,True,True,True,True,True,True,True,True,True,True,True,True,True
terminalblock::terminalblock_0046_NG_ZW,terminalblock,test,terminalblock_0046_NG_ZW,0046,OK,NG_ZW,OK,False,5,5,"C1,C2,C3,C4,C5",,,True,True,True,True,True,True,True,True,True,True,True,True,True,True,True
terminalblock::terminalblock_0046_OK,terminalblock,train,terminalblock_0046_OK,0046,OK,OK,OK,True,5,5,"C1,C2,C3,C4,C5",,,True,True,True,True,True,True,True,True,True,True,True,True,True,True,True
terminalblock::terminalblock_0047_NG_AK,terminalblock,test,terminalblock_0047_NG_AK,0047,OK,NG_AK,OK,False,5,5,"C1,C2,C3,C4,C5",,,True,True,True,True,True,True,True,True,True,True,True,True,True,True,True
terminalblock::terminalblock_0047_NG_QS,terminalblock,test,terminalblock_0047_NG_QS,0047,OK,NG_QS,OK,False,5,5,"C1,C2,C3,C4,C5",,,True,True,True,True,True,True,True,True,True,True,True,True,True,True,True
terminalblock::terminalblock_0047_NG_ZW,terminalblock,test,terminalblock_0047_NG_ZW,0047,OK,NG_ZW,OK,False,5,5,"C1,C2,C3,C4,C5",,,True,True,True,True,True,True,True,True,True,True,True,True,True,True,True
terminalblock::terminalblock_0047_OK,terminalblock,train,terminalblock_0047_OK,0047,OK,OK,OK,True,5,5,"C1,C2,C3,C4,C5",,,True,True,True,True,True,True,True,True,True,True,True,True,True,True,True
terminalblock::terminalblock_0048_NG_AK,terminalblock,test,terminalblock_0048_NG_AK,0048,OK,NG_AK,AK,False,5,5,"C1,C2,C3,C4,C5",,,True,True,True,True,True,True,True,True,True,True,True,True,True,True,True
terminalblock::terminalblock_0048_NG_QS,terminalblock,test,terminalblock_0048_NG_QS,0048,OK,NG_QS,QS,True,5,5,"C1,C2,C3,C4,C5",,,True,True,True,True,True,True,True,True,True,True,True,True,True,True,True
terminalblock::terminalblock_0048_NG_ZW,terminalblock,test,terminalblock_0048_NG_ZW,0048,OK,NG_ZW,OK,False,5,5,"C1,C2,C3,C4,C5",,,True,True,True,True,True,True,True,True,True,True,True,True,True,True,True
terminalblock::terminalblock_0048_OK,terminalblock,train,terminalblock_0048_OK,0048,OK,OK,OK,True,5,5,"C1,C2,C3,C4,C5",,,True,True,True,True,True,True,True,True,True,True,True,True,True,True,True
terminalblock::terminalblock_0049_NG_AK,terminalblock,test,terminalblock_0049_NG_AK,0049,OK,NG_AK,AK,True,5,5,"C1,C2,C3,C4,C5",,,True,True,True,True,True,True,True,True,True,True,True,True,True,True,True
terminalblock::terminalblock_0049_NG_QS,terminalblock,test,terminalblock_0049_NG_QS,0049,OK,NG_QS,QS,True,5,5,"C1,C2,C3,C4,C5",,,True,True,True,True,True,True,True,True,True,True,True,True,True,True,True
terminalblock::terminalblock_0049_NG_ZW,terminalblock,test,terminalblock_0049_NG_ZW,0049,OK,NG_ZW,OK,False,5,5,"C1,C2,C3,C4,C5",,,True,True,True,True,True,True,True,True,True,True,True,True,True,True,True
terminalblock::terminalblock_0049_OK,terminalblock,train,terminalblock_0049_OK,0049,OK,OK,OK,True,5,5,"C1,C2,C3,C4,C5",,,True,True,True,True,True,True,True,True,True,True,True,True,True,True,True
terminalblock::terminalblock_0050_NG_AK,terminalblock,test,terminalblock_0050_NG_AK,0050,OK,NG_AK,AK,True,5,5,"C1,C2,C3,C4,C5",,,True,True,True,True,True,True,True,True,True,True,True,True,True,True,True
terminalblock::terminalblock_0050_NG_QS,terminalblock,test,terminalblock_0050_NG_QS,0050,OK,NG_QS,QS,True,5,5,"C1,C2,C3,C4,C5",,,True,True,True,True,True,True,True,True,True,True,True,True,True,True,True
terminalblock::terminalblock_0050_NG_ZW,terminalblock,test,terminalblock_0050_NG_ZW,0050,OK,NG_ZW,ZW,True,5,5,"C1,C2,C3,C4,C5",,,True,True,True,True,True,True,True,True,True,True,True,True,True,True,True
terminalblock::terminalblock_0050_OK,terminalblock,test,terminalblock_0050_OK,0050,OK,OK,OK,True,5,5,"C1,C2,C3,C4,C5",,,True,True,True,True,True,True,True,True,True,True,True,True,True,True,True
terminalblock::terminalblock_0051_NG_AK,terminalblock,test,terminalblock_0051_NG_AK,0051,OK,NG_AK,AK,False,5,5,"C1,C2,C3,C4,C5",,,True,True,True,True,True,True,True,True,True,True,True,True,True,True,True
terminalblock::terminalblock_0051_NG_QS,terminalblock,test,terminalblock_0051_NG_QS,0051,OK,NG_QS,QS,True,5,5,"C1,C2,C3,C4,C5",,,True,True,True,True,True,True,True,True,True,True,True,True,True,True,True
terminalblock::terminalblock_0051_NG_ZW,terminalblock,test,terminalblock_0051_NG_ZW,0051,OK,NG_ZW,ZW,True,5,5,"C1,C2,C3,C4,C5",,,True,True,True,True,True,True,True,True,True,True,True,True,True,True,True
terminalblock::terminalblock_0051_OK,terminalblock,test,terminalblock_0051_OK,0051,OK,OK,OK,True,5,5,"C1,C2,C3,C4,C5",,,True,True,True,True,True,True,True,True,True,True,True,True,True,True,True
terminalblock::terminalblock_0052_NG_AK,terminalblock,test,terminalblock_0052_NG_AK,0052,OK,NG_AK,AK,False,5,5,"C1,C2,C3,C4,C5",,,True,True,True,True,True,True,True,True,True,True,True,True,True,True,True
terminalblock::terminalblock_0052_NG_QS,terminalblock,test,terminalblock_0052_NG_QS,0052,OK,NG_QS,QS,True,5,5,"C1,C2,C3,C4,C5",,,True,True,True,True,True,True,True,True,True,True,True,True,True,True,True
terminalblock::terminalblock_0052_NG_ZW,terminalblock,test,terminalblock_0052_NG_ZW,0052,OK,NG_ZW,ZW,True,5,5,"C1,C2,C3,C4,C5",,,True,True,True,True,True,True,True,True,True,True,True,True,True,True,True
terminalblock::terminalblock_0052_OK,terminalblock,train,terminalblock_0052_OK,0052,OK,OK,OK,True,5,5,"C1,C2,C3,C4,C5",,,True,True,True,True,True,True,True,True,True,True,True,True,True,True,True
terminalblock::terminalblock_0053_NG_AK,terminalblock,test,terminalblock_0053_NG_AK,0053,OK,NG_AK,AK,True,5,5,"C1,C2,C3,C4,C5",,,True,True,True,True,True,True,True,True,True,True,True,True,True,True,True
terminalblock::terminalblock_0053_NG_QS,terminalblock,test,terminalblock_0053_NG_QS,0053,OK,NG_QS,QS,False,5,5,"C1,C2,C3,C4,C5",,,True,True,True,True,True,True,True,True,True,True,True,True,True,True,True
terminalblock::terminalblock_0053_NG_ZW,terminalblock,test,terminalblock_0053_NG_ZW,0053,OK,NG_ZW,OK,False,5,5,"C1,C2,C3,C4,C5",,,True,True,True,True,True,True,True,True,True,True,True,True,True,True,True
terminalblock::terminalblock_0053_OK,terminalblock,train,terminalblock_0053_OK,0053,OK,OK,OK,True,5,5,"C1,C2,C3,C4,C5",,,True,True,True,True,True,True,True,True,True,True,True,True,True,True,True
terminalblock::terminalblock_0054_NG_AK,terminalblock,test,terminalblock_0054_NG_AK,0054,OK,NG_AK,AK,True,5,5,"C1,C2,C3,C4,C5",,,True,True,True,True,True,True,True,True,True,True,True,True,True,True,True
terminalblock::terminalblock_0054_NG_QS,terminalblock,test,terminalblock_0054_NG_QS,0054,OK,NG_QS,QS,True,5,5,"C1,C2,C3,C4,C5",,,True,True,True,True,True,True,True,True,True,True,True,True,True,True,True
terminalblock::terminalblock_0054_NG_ZW,terminalblock,test,terminalblock_0054_NG_ZW,0054,OK,NG_ZW,ZW,False,5,5,"C1,C2,C3,C4,C5",,,True,True,True,True,True,True,True,True,True,True,True,True,True,True,True
terminalblock::terminalblock_0054_OK,terminalblock,train,terminalblock_0054_OK,0054,OK,OK,OK,True,5,5,"C1,C2,C3,C4,C5",,,True,True,True,True,True,True,True,True,True,True,True,True,True,True,True
terminalblock::terminalblock_0055_NG_AK,terminalblock,test,terminalblock_0055_NG_AK,0055,OK,NG_AK,OK,False,5,5,"C1,C2,C3,C4,C5",,,True,True,True,True,True,True,True,True,True,True,True,True,True,True,True
terminalblock::terminalblock_0055_NG_QS,terminalblock,test,terminalblock_0055_NG_QS,0055,OK,NG_QS,QS,True,5,5,"C1,C2,C3,C4,C5",,,True,True,True,True,True,True,True,True,True,True,True,True,True,True,True
terminalblock::terminalblock_0055_NG_ZW,terminalblock,test,terminalblock_0055_NG_ZW,0055,OK,NG_ZW,OK,False,5,5,"C1,C2,C3,C4,C5",,,True,True,True,True,True,True,True,True,True,True,True,True,True,True,True
terminalblock::terminalblock_0055_OK,terminalblock,train,terminalblock_0055_OK,0055,OK,OK,OK,True,5,5,"C1,C2,C3,C4,C5",,,True,True,True,True,True,True,True,True,True,True,True,True,True,True,True
terminalblock::terminalblock_0056_NG_AK,terminalblock,test,terminalblock_0056_NG_AK,0056,OK,NG_AK,AK,False,5,5,"C1,C2,C3,C4,C5",,,True,True,True,True,True,True,True,True,True,True,True,True,True,True,True
terminalblock::terminalblock_0056_NG_QS,terminalblock,test,terminalblock_0056_NG_QS,0056,OK,NG_QS,QS,True,5,5,"C1,C2,C3,C4,C5",,,True,True,True,True,True,True,True,True,True,True,True,True,True,True,True
terminalblock::terminalblock_0056_NG_ZW,terminalblock,test,terminalblock_0056_NG_ZW,0056,OK,NG_ZW,ZW,True,5,5,"C1,C2,C3,C4,C5",,,True,True,True,True,True,True,True,True,True,True,True,True,True,True,True
terminalblock::terminalblock_0057_NG_AK,terminalblock,test,terminalblock_0057_NG_AK,0057,OK,NG_AK,AK,True,5,5,"C1,C2,C3,C4,C5",,,True,True,True,True,True,True,True,True,True,True,True,True,True,True,True
terminalblock::terminalblock_0057_NG_QS,terminalblock,test,terminalblock_0057_NG_QS,0057,OK,NG_QS,QS,True,5,5,"C1,C2,C3,C4,C5",,,True,True,True,True,True,True,True,True,True,True,True,True,True,True,True
terminalblock::terminalblock_0057_NG_ZW,terminalblock,test,terminalblock_0057_NG_ZW,0057,OK,NG_ZW,ZW,True,5,5,"C1,C2,C3,C4,C5",,,True,True,True,True,True,True,True,True,True,True,True,True,True,True,True
terminalblock::terminalblock_0057_OK,terminalblock,train,terminalblock_0057_OK,0057,OK,OK,OK,True,5,5,"C1,C2,C3,C4,C5",,,True,True,True,True,True,True,True,True,True,True,True,True,True,True,True
terminalblock::terminalblock_0058_NG_AK,terminalblock,test,terminalblock_0058_NG_AK,0058,OK,NG_AK,OK,False,5,5,"C1,C2,C3,C4,C5",,,True,True,True,True,True,True,True,True,True,True,True,True,True,True,True
terminalblock::terminalblock_0058_NG_QS,terminalblock,test,terminalblock_0058_NG_QS,0058,OK,NG_QS,OK,False,5,5,"C1,C2,C3,C4,C5",,,True,True,True,True,True,True,True,True,True,True,True,True,True,True,True
terminalblock::terminalblock_0058_NG_ZW,terminalblock,test,terminalblock_0058_NG_ZW,0058,OK,NG_ZW,OK,False,5,5,"C1,C2,C3,C4,C5",,,True,True,True,True,True,True,True,True,True,True,True,True,True,True,True
terminalblock::terminalblock_0058_OK,terminalblock,test,terminalblock_0058_OK,0058,OK,OK,OK,True,5,5,"C1,C2,C3,C4,C5",,,True,True,True,True,True,True,True,True,True,True,True,True,True,True,True
terminalblock::terminalblock_0059_NG_AK,terminalblock,test,terminalblock_0059_NG_AK,0059,OK,NG_AK,AK,True,5,5,"C1,C2,C3,C4,C5",,,True,True,True,True,True,True,True,True,True,True,True,True,True,True,True
terminalblock::terminalblock_0059_NG_QS,terminalblock,test,terminalblock_0059_NG_QS,0059,OK,NG_QS,QS,True,5,5,"C1,C2,C3,C4,C5",,,True,True,True,True,True,True,True,True,True,True,True,True,True,True,True
terminalblock::terminalblock_0059_NG_ZW,terminalblock,test,terminalblock_0059_NG_ZW,0059,OK,NG_ZW,ZW,False,5,5,"C1,C2,C3,C4,C5",,,True,True,True,True,True,True,True,True,True,True,True,True,True,True,True
terminalblock::terminalblock_0059_OK,terminalblock,test,terminalblock_0059_OK,0059,OK,OK,OK,True,5,5,"C1,C2,C3,C4,C5",,,True,True,True,True,True,True,True,True,True,True,True,True,True,True,True
terminalblock::terminalblock_0060_NG_AK,terminalblock,test,terminalblock_0060_NG_AK,0060,OK,NG_AK,AK,True,5,5,"C1,C2,C3,C4,C5",,,True,True,True,True,True,True,True,True,True,True,True,True,True,True,True
terminalblock::terminalblock_0060_NG_QS,terminalblock,test,terminalblock_0060_NG_QS,0060,OK,NG_QS,QS,True,5,5,"C1,C2,C3,C4,C5",,,True,True,True,True,True,True,True,True,True,True,True,True,True,True,True
terminalblock::terminalblock_0060_NG_ZW,terminalblock,test,terminalblock_0060_NG_ZW,0060,OK,NG_ZW,ZW,False,5,5,"C1,C2,C3,C4,C5",,,True,True,True,True,True,True,True,True,True,True,True,True,True,True,True
terminalblock::terminalblock_0060_OK,terminalblock,test,terminalblock_0060_OK,0060,OK,OK,OK,True,5,5,"C1,C2,C3,C4,C5",,,True,True,True,True,True,True,True,True,True,True,True,True,True,True,True
terminalblock::terminalblock_0061_NG_AK,terminalblock,test,terminalblock_0061_NG_AK,0061,OK,NG_AK,AK,False,5,5,"C1,C2,C3,C4,C5",,,True,True,True,True,True,True,True,True,True,True,True,True,True,True,True
terminalblock::terminalblock_0061_NG_QS,terminalblock,test,terminalblock_0061_NG_QS,0061,OK,NG_QS,QS,True,5,5,"C1,C2,C3,C4,C5",,,True,True,True,True,True,True,True,True,True,True,True,True,True,True,True
terminalblock::terminalblock_0061_NG_ZW,terminalblock,test,terminalblock_0061_NG_ZW,0061,OK,NG_ZW,ZW,True,5,5,"C1,C2,C3,C4,C5",,,True,True,True,True,True,True,True,True,True,True,True,True,True,True,True
terminalblock::terminalblock_0061_OK,terminalblock,train,terminalblock_0061_OK,0061,OK,OK,OK,True,5,5,"C1,C2,C3,C4,C5",,,True,True,True,True,True,True,True,True,True,True,True,True,True,True,True
terminalblock::terminalblock_0062_NG_AK,terminalblock,test,terminalblock_0062_NG_AK,0062,OK,NG_AK,AK,True,5,5,"C1,C2,C3,C4,C5",,,True,True,True,True,True,True,True,True,True,True,True,True,True,True,True
terminalblock::terminalblock_0062_NG_QS,terminalblock,test,terminalblock_0062_NG_QS,0062,OK,NG_QS,QS,True,5,5,"C1,C2,C3,C4,C5",,,True,True,True,True,True,True,True,True,True,True,True,True,True,True,True
terminalblock::terminalblock_0062_NG_ZW,terminalblock,test,terminalblock_0062_NG_ZW,0062,OK,NG_ZW,OK,False,5,5,"C1,C2,C3,C4,C5",,,True,True,True,True,True,True,True,True,True,True,True,True,True,True,True
terminalblock::terminalblock_0062_OK,terminalblock,test,terminalblock_0062_OK,0062,OK,OK,OK,True,5,5,"C1,C2,C3,C4,C5",,,True,True,True,True,True,True,True,True,True,True,True,True,True,True,True
terminalblock::terminalblock_0063_NG_AK,terminalblock,test,terminalblock_0063_NG_AK,0063,OK,NG_AK,AK,True,5,5,"C1,C2,C3,C4,C5",,,True,True,True,True,True,True,True,True,True,True,True,True,True,True,True
terminalblock::terminalblock_0063_NG_QS,terminalblock,test,terminalblock_0063_NG_QS,0063,OK,NG_QS,QS,True,5,5,"C1,C2,C3,C4,C5",,,True,True,True,True,True,True,True,True,True,True,True,True,True,True,True
terminalblock::terminalblock_0063_NG_ZW,terminalblock,test,terminalblock_0063_NG_ZW,0063,OK,NG_ZW,ZW,False,5,5,"C1,C2,C3,C4,C5",,,True,True,True,True,True,True,True,True,True,True,True,True,True,True,True
terminalblock::terminalblock_0063_OK,terminalblock,test,terminalblock_0063_OK,0063,OK,OK,OK,True,5,5,"C1,C2,C3,C4,C5",,,True,True,True,True,True,True,True,True,True,True,True,True,True,True,True
terminalblock::terminalblock_0064_NG_AK,terminalblock,test,terminalblock_0064_NG_AK,0064,OK,NG_AK,AK,True,5,5,"C1,C2,C3,C4,C5",,,True,True,True,True,True,True,True,True,True,True,True,True,True,True,True
terminalblock::terminalblock_0064_NG_QS,terminalblock,test,terminalblock_0064_NG_QS,0064,OK,NG_QS,QS,True,5,5,"C1,C2,C3,C4,C5",,,True,True,True,True,True,True,True,True,True,True,True,True,True,True,True
terminalblock::terminalblock_0064_NG_ZW,terminalblock,test,terminalblock_0064_NG_ZW,0064,OK,NG_ZW,OK,False,5,5,"C1,C2,C3,C4,C5",,,True,True,True,True,True,True,True,True,True,True,True,True,True,True,True
terminalblock::terminalblock_0064_OK,terminalblock,train,terminalblock_0064_OK,0064,OK,OK,OK,True,5,5,"C1,C2,C3,C4,C5",,,True,True,True,True,True,True,True,True,True,True,True,True,True,True,True
terminalblock::terminalblock_0065_NG_AK,terminalblock,test,terminalblock_0065_NG_AK,0065,OK,NG_AK,AK,True,5,5,"C1,C2,C3,C4,C5",,,True,True,True,True,True,True,True,True,True,True,True,True,True,True,True
terminalblock::terminalblock_0065_NG_QS,terminalblock,test,terminalblock_0065_NG_QS,0065,OK,NG_QS,OK,False,5,5,"C1,C2,C3,C4,C5",,,True,True,True,True,True,True,True,True,True,True,True,True,True,True,True
terminalblock::terminalblock_0065_NG_ZW,terminalblock,test,terminalblock_0065_NG_ZW,0065,OK,NG_ZW,ZW,True,5,5,"C1,C2,C3,C4,C5",,,True,True,True,True,True,True,True,True,True,True,True,True,True,True,True
terminalblock::terminalblock_0065_OK,terminalblock,train,terminalblock_0065_OK,0065,OK,OK,OK,True,5,5,"C1,C2,C3,C4,C5",,,True,True,True,True,True,True,True,True,True,True,True,True,True,True,True
terminalblock::terminalblock_0066_NG_AK,terminalblock,test,terminalblock_0066_NG_AK,0066,OK,NG_AK,AK,True,5,5,"C1,C2,C3,C4,C5",,,True,True,True,True,True,True,True,True,True,True,True,True,True,True,True
terminalblock::terminalblock_0066_NG_QS,terminalblock,test,terminalblock_0066_NG_QS,0066,OK,NG_QS,QS,True,5,5,"C1,C2,C3,C4,C5",,,True,True,True,True,True,True,True,True,True,True,True,True,True,True,True
terminalblock::terminalblock_0066_NG_ZW,terminalblock,test,terminalblock_0066_NG_ZW,0066,OK,NG_ZW,OK,False,5,5,"C1,C2,C3,C4,C5",,,True,True,True,True,True,True,True,True,True,True,True,True,True,True,True
terminalblock::terminalblock_0066_OK,terminalblock,train,terminalblock_0066_OK,0066,OK,OK,OK,True,5,5,"C1,C2,C3,C4,C5",,,True,True,True,True,True,True,True,True,True,True,True,True,True,True,True
terminalblock::terminalblock_0067_NG_AK,terminalblock,test,terminalblock_0067_NG_AK,0067,OK,NG_AK,AK,True,5,5,"C1,C2,C3,C4,C5",,,True,True,True,True,True,True,True,True,True,True,True,True,True,True,True
terminalblock::terminalblock_0067_NG_QS,terminalblock,test,terminalblock_0067_NG_QS,0067,OK,NG_QS,OK,False,5,5,"C1,C2,C3,C4,C5",,,True,True,True,True,True,True,True,True,True,True,True,True,True,True,True
terminalblock::terminalblock_0067_NG_ZW,terminalblock,test,terminalblock_0067_NG_ZW,0067,OK,NG_ZW,ZW,True,5,5,"C1,C2,C3,C4,C5",,,True,True,True,True,True,True,True,True,True,True,True,True,True,True,True
terminalblock::terminalblock_0067_OK,terminalblock,train,terminalblock_0067_OK,0067,OK,OK,OK,True,5,5,"C1,C2,C3,C4,C5",,,True,True,True,True,True,True,True,True,True,True,True,True,True,True,True
terminalblock::terminalblock_0068_NG_AK,terminalblock,test,terminalblock_0068_NG_AK,0068,OK,NG_AK,AK,True,5,5,"C1,C2,C3,C4,C5",,,True,True,True,True,True,True,True,True,True,True,True,True,True,True,True
terminalblock::terminalblock_0068_NG_QS,terminalblock,test,terminalblock_0068_NG_QS,0068,OK,NG_QS,QS,True,5,5,"C1,C2,C3,C4,C5",,,True,True,True,True,True,True,True,True,True,True,True,True,True,True,True
terminalblock::terminalblock_0068_NG_ZW,terminalblock,test,terminalblock_0068_NG_ZW,0068,OK,NG_ZW,OK,False,5,5,"C1,C2,C3,C4,C5",,,True,True,True,True,True,True,True,True,True,True,True,True,True,True,True
terminalblock::terminalblock_0068_OK,terminalblock,train,terminalblock_0068_OK,0068,OK,OK,OK,True,5,5,"C1,C2,C3,C4,C5",,,True,True,True,True,True,True,True,True,True,True,True,True,True,True,True
terminalblock::terminalblock_0069_NG_AK,terminalblock,test,terminalblock_0069_NG_AK,0069,OK,NG_AK,AK,True,5,5,"C1,C2,C3,C4,C5",,,True,True,True,True,True,True,True,True,True,True,True,True,True,True,True
terminalblock::terminalblock_0069_NG_QS,terminalblock,test,terminalblock_0069_NG_QS,0069,OK,NG_QS,QS,True,5,5,"C1,C2,C3,C4,C5",,,True,True,True,True,True,True,True,True,True,True,True,True,True,True,True
terminalblock::terminalblock_0069_NG_ZW,terminalblock,test,terminalblock_0069_NG_ZW,0069,OK,NG_ZW,ZW,False,5,5,"C1,C2,C3,C4,C5",,,True,True,True,True,True,True,True,True,True,True,True,True,True,True,True
terminalblock::terminalblock_0069_OK,terminalblock,train,terminalblock_0069_OK,0069,OK,OK,OK,True,5,5,"C1,C2,C3,C4,C5",,,True,True,True,True,True,True,True,True,True,True,True,True,True,True,True
terminalblock::terminalblock_0070_NG_AK,terminalblock,test,terminalblock_0070_NG_AK,0070,OK,NG_AK,OK,False,5,5,"C1,C2,C3,C4,C5",,,True,True,True,True,True,True,True,True,True,True,True,True,True,True,True
terminalblock::terminalblock_0070_NG_QS,terminalblock,test,terminalblock_0070_NG_QS,0070,OK,NG_QS,QS,True,5,5,"C1,C2,C3,C4,C5",,,True,True,True,True,True,True,True,True,True,True,True,True,True,True,True
terminalblock::terminalblock_0070_NG_ZW,terminalblock,test,terminalblock_0070_NG_ZW,0070,OK,NG_ZW,ZW,True,5,5,"C1,C2,C3,C4,C5",,,True,True,True,True,True,True,True,True,True,True,True,True,True,True,True
terminalblock::terminalblock_0070_OK,terminalblock,test,terminalblock_0070_OK,0070,OK,OK,OK,True,5,5,"C1,C2,C3,C4,C5",,,True,True,True,True,True,True,True,True,True,True,True,True,True,True,True
terminalblock::terminalblock_0071_NG_AK,terminalblock,test,terminalblock_0071_NG_AK,0071,OK,NG_AK,AK,True,5,5,"C1,C2,C3,C4,C5",,,True,True,True,True,True,True,True,True,True,True,True,True,True,True,True
terminalblock::terminalblock_0071_NG_QS,terminalblock,test,terminalblock_0071_NG_QS,0071,OK,NG_QS,QS,True,5,5,"C1,C2,C3,C4,C5",,,True,True,True,True,True,True,True,True,True,True,True,True,True,True,True
terminalblock::terminalblock_0071_NG_ZW,terminalblock,test,terminalblock_0071_NG_ZW,0071,OK,NG_ZW,OK,False,5,5,"C1,C2,C3,C4,C5",,,True,True,True,True,True,True,True,True,True,True,True,True,True,True,True
terminalblock::terminalblock_0071_OK,terminalblock,train,terminalblock_0071_OK,0071,OK,OK,OK,True,5,5,"C1,C2,C3,C4,C5",,,True,True,True,True,True,True,True,True,True,True,True,True,True,True,True
terminalblock::terminalblock_0072_NG_AK,terminalblock,test,terminalblock_0072_NG_AK,0072,OK,NG_AK,AK,False,5,5,"C1,C2,C3,C4,C5",,,True,True,True,True,True,True,True,True,True,True,True,True,True,True,True
terminalblock::terminalblock_0072_NG_QS,terminalblock,test,terminalblock_0072_NG_QS,0072,OK,NG_QS,QS,False,5,5,"C1,C2,C3,C4,C5",,,True,True,True,True,True,True,True,True,True,True,True,True,True,True,True
terminalblock::terminalblock_0072_NG_ZW,terminalblock,test,terminalblock_0072_NG_ZW,0072,OK,NG_ZW,ZW,True,5,5,"C1,C2,C3,C4,C5",,,True,True,True,True,True,True,True,True,True,True,True,True,True,True,True
terminalblock::terminalblock_0072_OK,terminalblock,train,terminalblock_0072_OK,0072,OK,OK,OK,True,5,5,"C1,C2,C3,C4,C5",,,True,True,True,True,True,True,True,True,True,True,True,True,True,True,True
terminalblock::terminalblock_0073_NG_AK,terminalblock,test,terminalblock_0073_NG_AK,0073,OK,NG_AK,AK,False,5,5,"C1,C2,C3,C4,C5",,,True,True,True,True,True,True,True,True,True,True,True,True,True,True,True
terminalblock::terminalblock_0073_NG_QS,terminalblock,test,terminalblock_0073_NG_QS,0073,OK,NG_QS,QS,True,5,5,"C1,C2,C3,C4,C5",,,True,True,True,True,True,True,True,True,True,True,True,True,True,True,True
terminalblock::terminalblock_0073_NG_ZW,terminalblock,test,terminalblock_0073_NG_ZW,0073,OK,NG_ZW,ZW,False,5,5,"C1,C2,C3,C4,C5",,,True,True,True,True,True,True,True,True,True,True,True,True,True,True,True
terminalblock::terminalblock_0073_OK,terminalblock,test,terminalblock_0073_OK,0073,OK,OK,OK,True,5,5,"C1,C2,C3,C4,C5",,,True,True,True,True,True,True,True,True,True,True,True,True,True,True,True
terminalblock::terminalblock_0074_NG_AK,terminalblock,test,terminalblock_0074_NG_AK,0074,OK,NG_AK,AK,False,5,5,"C1,C2,C3,C4,C5",,,True,True,True,True,True,True,True,True,True,True,True,True,True,True,True
terminalblock::terminalblock_0074_NG_QS,terminalblock,test,terminalblock_0074_NG_QS,0074,OK,NG_QS,QS,True,5,5,"C1,C2,C3,C4,C5",,,True,True,True,True,True,True,True,True,True,True,True,True,True,True,True
terminalblock::terminalblock_0074_NG_ZW,terminalblock,test,terminalblock_0074_NG_ZW,0074,OK,NG_ZW,OK,False,5,5,"C1,C2,C3,C4,C5",,,True,True,True,True,True,True,True,True,True,True,True,True,True,True,True
terminalblock::terminalblock_0074_OK,terminalblock,test,terminalblock_0074_OK,0074,OK,OK,OK,True,5,5,"C1,C2,C3,C4,C5",,,True,True,True,True,True,True,True,True,True,True,True,True,True,True,True
terminalblock::terminalblock_0075_NG_AK,terminalblock,test,terminalblock_0075_NG_AK,0075,OK,NG_AK,AK,True,5,5,"C1,C2,C3,C4,C5",,,True,True,True,True,True,True,True,True,True,True,True,True,True,True,True
terminalblock::terminalblock_0075_NG_QS,terminalblock,test,terminalblock_0075_NG_QS,0075,OK,NG_QS,QS,True,5,5,"C1,C2,C3,C4,C5",,,True,True,True,True,True,True,True,True,True,True,True,True,True,True,True
terminalblock::terminalblock_0075_NG_ZW,terminalblock,test,terminalblock_0075_NG_ZW,0075,OK,NG_ZW,OK,False,5,5,"C1,C2,C3,C4,C5",,,True,True,True,True,True,True,True,True,True,True,True,True,True,True,True
terminalblock::terminalblock_0075_OK,terminalblock,test,terminalblock_0075_OK,0075,OK,OK,OK,True,5,5,"C1,C2,C3,C4,C5",,,True,True,True,True,True,True,True,True,True,True,True,True,True,True,True
terminalblock::terminalblock_0076_NG_AK,terminalblock,test,terminalblock_0076_NG_AK,0076,OK,NG_AK,OK,False,5,5,"C1,C2,C3,C4,C5",,,True,True,True,True,True,True,True,True,True,True,True,True,True,True,True
terminalblock::terminalblock_0076_NG_QS,terminalblock,test,terminalblock_0076_NG_QS,0076,OK,NG_QS,QS,True,5,5,"C1,C2,C3,C4,C5",,,True,True,True,True,True,True,True,True,True,True,True,True,True,True,True
terminalblock::terminalblock_0076_NG_ZW,terminalblock,test,terminalblock_0076_NG_ZW,0076,OK,NG_ZW,OK,False,5,5,"C1,C2,C3,C4,C5",,,True,True,True,True,True,True,True,True,True,True,True,True,True,True,True
terminalblock::terminalblock_0076_OK,terminalblock,train,terminalblock_0076_OK,0076,OK,OK,OK,True,5,5,"C1,C2,C3,C4,C5",,,True,True,True,True,True,True,True,True,True,True,True,True,True,True,True
terminalblock::terminalblock_0077_NG_AK,terminalblock,test,terminalblock_0077_NG_AK,0077,OK,NG_AK,AK,True,5,5,"C1,C2,C3,C4,C5",,,True,True,True,True,True,True,True,True,True,True,True,True,True,True,True
terminalblock::terminalblock_0077_NG_QS,terminalblock,test,terminalblock_0077_NG_QS,0077,OK,NG_QS,QS,True,5,5,"C1,C2,C3,C4,C5",,,True,True,True,True,True,True,True,True,True,True,True,True,True,True,True
terminalblock::terminalblock_0077_NG_ZW,terminalblock,test,terminalblock_0077_NG_ZW,0077,OK,NG_ZW,OK,False,5,5,"C1,C2,C3,C4,C5",,,True,True,True,True,True,True,True,True,True,True,True,True,True,True,True
terminalblock::terminalblock_0077_OK,terminalblock,train,terminalblock_0077_OK,0077,OK,OK,OK,True,5,5,"C1,C2,C3,C4,C5",,,True,True,True,True,True,True,True,True,True,True,True,True,True,True,True
terminalblock::terminalblock_0078_NG_AK,terminalblock,test,terminalblock_0078_NG_AK,0078,OK,NG_AK,AK,True,5,5,"C1,C2,C3,C4,C5",,,True,True,True,True,True,True,True,True,True,True,True,True,True,True,True
terminalblock::terminalblock_0078_NG_QS,terminalblock,test,terminalblock_0078_NG_QS,0078,OK,NG_QS,OK,False,5,5,"C1,C2,C3,C4,C5",,,True,True,True,True,True,True,True,True,True,True,True,True,True,True,True
terminalblock::terminalblock_0078_NG_ZW,terminalblock,test,terminalblock_0078_NG_ZW,0078,OK,NG_ZW,OK,False,5,5,"C1,C2,C3,C4,C5",,,True,True,True,True,True,True,True,True,True,True,True,True,True,True,True
terminalblock::terminalblock_0078_OK,terminalblock,train,terminalblock_0078_OK,0078,OK,OK,OK,True,5,5,"C1,C2,C3,C4,C5",,,True,True,True,True,True,True,True,True,True,True,True,True,True,True,True
terminalblock::terminalblock_0079_NG_AK,terminalblock,test,terminalblock_0079_NG_AK,0079,OK,NG_AK,AK,True,5,5,"C1,C2,C3,C4,C5",,,True,True,True,True,True,True,True,True,True,True,True,True,True,True,True
terminalblock::terminalblock_0079_NG_QS,terminalblock,test,terminalblock_0079_NG_QS,0079,OK,NG_QS,QS,True,5,5,"C1,C2,C3,C4,C5",,,True,True,True,True,True,True,True,True,True,True,True,True,True,True,True
terminalblock::terminalblock_0079_NG_ZW,terminalblock,test,terminalblock_0079_NG_ZW,0079,OK,NG_ZW,OK,False,5,5,"C1,C2,C3,C4,C5",,,True,True,True,True,True,True,True,True,True,True,True,True,True,True,True
terminalblock::terminalblock_0079_OK,terminalblock,train,terminalblock_0079_OK,0079,OK,OK,OK,True,5,5,"C1,C2,C3,C4,C5",,,True,True,True,True,True,True,True,True,True,True,True,True,True,True,True
terminalblock::terminalblock_0080_NG_AK,terminalblock,test,terminalblock_0080_NG_AK,0080,OK,NG_AK,OK,False,5,5,"C1,C2,C3,C4,C5",,,True,True,True,True,True,True,True,True,True,True,True,True,True,True,True
terminalblock::terminalblock_0080_NG_QS,terminalblock,test,terminalblock_0080_NG_QS,0080,OK,NG_QS,QS,True,5,5,"C1,C2,C3,C4,C5",,,True,True,True,True,True,True,True,True,True,True,True,True,True,True,True
terminalblock::terminalblock_0080_NG_ZW,terminalblock,test,terminalblock_0080_NG_ZW,0080,OK,NG_ZW,ZW,False,5,5,"C1,C2,C3,C4,C5",,,True,True,True,True,True,True,True,True,True,True,True,True,True,True,True
terminalblock::terminalblock_0080_OK,terminalblock,train,terminalblock_0080_OK,0080,OK,OK,OK,True,5,5,"C1,C2,C3,C4,C5",,,True,True,True,True,True,True,True,True,True,True,True,True,True,True,True
terminalblock::terminalblock_0081_NG_AK,terminalblock,test,terminalblock_0081_NG_AK,0081,OK,NG_AK,AK,False,5,5,"C1,C2,C3,C4,C5",,,True,True,True,True,True,True,True,True,True,True,True,True,True,True,True
terminalblock::terminalblock_0081_NG_QS,terminalblock,test,terminalblock_0081_NG_QS,0081,OK,NG_QS,QS,True,5,5,"C1,C2,C3,C4,C5",,,True,True,True,True,True,True,True,True,True,True,True,True,True,True,True
terminalblock::terminalblock_0081_NG_ZW,terminalblock,test,terminalblock_0081_NG_ZW,0081,OK,NG_ZW,OK,False,5,5,"C1,C2,C3,C4,C5",,,True,True,True,True,True,True,True,True,True,True,True,True,True,True,True
terminalblock::terminalblock_0081_OK,terminalblock,test,terminalblock_0081_OK,0081,OK,OK,OK,True,5,5,"C1,C2,C3,C4,C5",,,True,True,True,True,True,True,True,True,True,True,True,True,True,True,True
terminalblock::terminalblock_0082_NG_AK,terminalblock,test,terminalblock_0082_NG_AK,0082,OK,NG_AK,AK,False,5,5,"C1,C2,C3,C4,C5",,,True,True,True,True,True,True,True,True,True,True,True,True,True,True,True
terminalblock::terminalblock_0082_NG_QS,terminalblock,test,terminalblock_0082_NG_QS,0082,OK,NG_QS,QS,True,5,5,"C1,C2,C3,C4,C5",,,True,True,True,True,True,True,True,True,True,True,True,True,True,True,True
terminalblock::terminalblock_0082_NG_ZW,terminalblock,test,terminalblock_0082_NG_ZW,0082,OK,NG_ZW,ZW,True,5,5,"C1,C2,C3,C4,C5",,,True,True,True,True,True,True,True,True,True,True,True,True,True,True,True
terminalblock::terminalblock_0082_OK,terminalblock,train,terminalblock_0082_OK,0082,OK,OK,OK,True,5,5,"C1,C2,C3,C4,C5",,,True,True,True,True,True,True,True,True,True,True,True,True,True,True,True
terminalblock::terminalblock_0083_NG_AK,terminalblock,test,terminalblock_0083_NG_AK,0083,OK,NG_AK,AK,True,5,5,"C1,C2,C3,C4,C5",,,True,True,True,True,True,True,True,True,True,True,True,True,True,True,True
terminalblock::terminalblock_0083_NG_QS,terminalblock,test,terminalblock_0083_NG_QS,0083,OK,NG_QS,OK,False,5,5,"C1,C2,C3,C4,C5",,,True,True,True,True,True,True,True,True,True,True,True,True,True,True,True
terminalblock::terminalblock_0083_NG_ZW,terminalblock,test,terminalblock_0083_NG_ZW,0083,OK,NG_ZW,ZW,True,5,5,"C1,C2,C3,C4,C5",,,True,True,True,True,True,True,True,True,True,True,True,True,True,True,True
terminalblock::terminalblock_0083_OK,terminalblock,test,terminalblock_0083_OK,0083,OK,OK,OK,True,5,5,"C1,C2,C3,C4,C5",,,True,True,True,True,True,True,True,True,True,True,True,True,True,True,True
terminalblock::terminalblock_0084_NG_AK,terminalblock,test,terminalblock_0084_NG_AK,0084,OK,NG_AK,AK,True,5,5,"C1,C2,C3,C4,C5",,,True,True,True,True,True,True,True,True,True,True,True,True,True,True,True
terminalblock::terminalblock_0084_NG_QS,terminalblock,test,terminalblock_0084_NG_QS,0084,OK,NG_QS,OK,False,5,5,"C1,C2,C3,C4,C5",,,True,True,True,True,True,True,True,True,True,True,True,True,True,True,True
terminalblock::terminalblock_0084_NG_ZW,terminalblock,test,terminalblock_0084_NG_ZW,0084,OK,NG_ZW,ZW,True,5,5,"C1,C2,C3,C4,C5",,,True,True,True,True,True,True,True,True,True,True,True,True,True,True,True
terminalblock::terminalblock_0084_OK,terminalblock,train,terminalblock_0084_OK,0084,OK,OK,OK,True,5,5,"C1,C2,C3,C4,C5",,,True,True,True,True,True,True,True,True,True,True,True,True,True,True,True
terminalblock::terminalblock_0085_NG_AK,terminalblock,test,terminalblock_0085_NG_AK,0085,OK,NG_AK,AK,True,5,5,"C1,C2,C3,C4,C5",,,True,True,True,True,True,True,True,True,True,True,True,True,True,True,True
terminalblock::terminalblock_0085_NG_QS,terminalblock,test,terminalblock_0085_NG_QS,0085,OK,NG_QS,OK,False,5,5,"C1,C2,C3,C4,C5",,,True,True,True,True,True,True,True,True,True,True,True,True,True,True,True
terminalblock::terminalblock_0085_NG_ZW,terminalblock,test,terminalblock_0085_NG_ZW,0085,OK,NG_ZW,ZW,True,5,5,"C1,C2,C3,C4,C5",,,True,True,True,True,True,True,True,True,True,True,True,True,True,True,True
terminalblock::terminalblock_0085_OK,terminalblock,train,terminalblock_0085_OK,0085,OK,OK,OK,True,5,5,"C1,C2,C3,C4,C5",,,True,True,True,True,True,True,True,True,True,True,True,True,True,True,True
terminalblock::terminalblock_0086_NG_AK,terminalblock,test,terminalblock_0086_NG_AK,0086,OK,NG_AK,AK,True,5,5,"C1,C2,C3,C4,C5",,,True,True,True,True,True,True,True,True,True,True,True,True,True,True,True
terminalblock::terminalblock_0086_NG_QS,terminalblock,test,terminalblock_0086_NG_QS,0086,OK,NG_QS,QS,True,5,5,"C1,C2,C3,C4,C5",,,True,True,True,True,True,True,True,True,True,True,True,True,True,True,True
terminalblock::terminalblock_0086_NG_ZW,terminalblock,test,terminalblock_0086_NG_ZW,0086,OK,NG_ZW,OK,False,5,5,"C1,C2,C3,C4,C5",,,True,True,True,True,True,True,True,True,True,True,True,True,True,True,True
terminalblock::terminalblock_0086_OK,terminalblock,test,terminalblock_0086_OK,0086,OK,OK,OK,True,5,5,"C1,C2,C3,C4,C5",,,True,True,True,True,True,True,True,True,True,True,True,True,True,True,True
terminalblock::terminalblock_0087_NG_AK,terminalblock,test,terminalblock_0087_NG_AK,0087,OK,NG_AK,OK,False,5,5,"C1,C2,C3,C4,C5",,,True,True,True,True,True,True,True,True,True,True,True,True,True,True,True
terminalblock::terminalblock_0087_NG_QS,terminalblock,test,terminalblock_0087_NG_QS,0087,OK,NG_QS,OK,False,5,5,"C1,C2,C3,C4,C5",,,True,True,True,True,True,True,True,True,True,True,True,True,True,True,True
terminalblock::terminalblock_0087_NG_ZW,terminalblock,test,terminalblock_0087_NG_ZW,0087,OK,NG_ZW,ZW,True,5,5,"C1,C2,C3,C4,C5",,,True,True,True,True,True,True,True,True,True,True,True,True,True,True,True
terminalblock::terminalblock_0088_NG_AK,terminalblock,test,terminalblock_0088_NG_AK,0088,OK,NG_AK,AK,True,5,5,"C1,C2,C3,C4,C5",,,True,True,True,True,True,True,True,True,True,True,True,True,True,True,True
terminalblock::terminalblock_0088_NG_QS,terminalblock,test,terminalblock_0088_NG_QS,0088,OK,NG_QS,QS,True,5,5,"C1,C2,C3,C4,C5",,,True,True,True,True,True,True,True,True,True,True,True,True,True,True,True
terminalblock::terminalblock_0088_NG_ZW,terminalblock,test,terminalblock_0088_NG_ZW,0088,OK,NG_ZW,OK,False,5,5,"C1,C2,C3,C4,C5",,,True,True,True,True,True,True,True,True,True,True,True,True,True,True,True
terminalblock::terminalblock_0088_OK,terminalblock,test,terminalblock_0088_OK,0088,OK,OK,OK,True,5,5,"C1,C2,C3,C4,C5",,,True,True,True,True,True,True,True,True,True,True,True,True,True,True,True
terminalblock::terminalblock_0089_NG_AK,terminalblock,test,terminalblock_0089_NG_AK,0089,OK,NG_AK,AK,True,5,5,"C1,C2,C3,C4,C5",,,True,True,True,True,True,True,True,True,True,True,True,True,True,True,True
terminalblock::terminalblock_0089_NG_QS,terminalblock,test,terminalblock_0089_NG_QS,0089,OK,NG_QS,QS,True,5,5,"C1,C2,C3,C4,C5",,,True,True,True,True,True,True,True,True,True,True,True,True,True,True,True
terminalblock::terminalblock_0089_NG_ZW,terminalblock,test,terminalblock_0089_NG_ZW,0089,OK,NG_ZW,OK,False,5,5,"C1,C2,C3,C4,C5",,,True,True,True,True,True,True,True,True,True,True,True,True,True,True,True
terminalblock::terminalblock_0089_OK,terminalblock,train,terminalblock_0089_OK,0089,OK,OK,OK,True,5,5,"C1,C2,C3,C4,C5",,,True,True,True,True,True,True,True,True,True,True,True,True,True,True,True
terminalblock::terminalblock_0090_NG_AK,terminalblock,test,terminalblock_0090_NG_AK,0090,OK,NG_AK,AK,True,5,5,"C1,C2,C3,C4,C5",,,True,True,True,True,True,True,True,True,True,True,True,True,True,True,True
terminalblock::terminalblock_0090_NG_QS,terminalblock,test,terminalblock_0090_NG_QS,0090,OK,NG_QS,QS,True,5,5,"C1,C2,C3,C4,C5",,,True,True,True,True,True,True,True,True,True,True,True,True,True,True,True
terminalblock::terminalblock_0090_NG_ZW,terminalblock,test,terminalblock_0090_NG_ZW,0090,OK,NG_ZW,ZW,True,5,5,"C1,C2,C3,C4,C5",,,True,True,True,True,True,True,True,True,True,True,True,True,True,True,True
terminalblock::terminalblock_0090_OK,terminalblock,train,terminalblock_0090_OK,0090,OK,OK,OK,True,5,5,"C1,C2,C3,C4,C5",,,True,True,True,True,True,True,True,True,True,True,True,True,True,True,True
terminalblock::terminalblock_0091_NG_AK,terminalblock,test,terminalblock_0091_NG_AK,0091,OK,NG_AK,AK,True,5,5,"C1,C2,C3,C4,C5",,,True,True,True,True,True,True,True,True,True,True,True,True,True,True,True
terminalblock::terminalblock_0091_NG_QS,terminalblock,test,terminalblock_0091_NG_QS,0091,OK,NG_QS,QS,True,5,5,"C1,C2,C3,C4,C5",,,True,True,True,True,True,True,True,True,True,True,True,True,True,True,True
terminalblock::terminalblock_0091_NG_ZW,terminalblock,test,terminalblock_0091_NG_ZW,0091,OK,NG_ZW,OK,False,5,5,"C1,C2,C3,C4,C5",,,True,True,True,True,True,True,True,True,True,True,True,True,True,True,True
terminalblock::terminalblock_0091_OK,terminalblock,train,terminalblock_0091_OK,0091,OK,OK,OK,True,5,5,"C1,C2,C3,C4,C5",,,True,True,True,True,True,True,True,True,True,True,True,True,True,True,True
terminalblock::terminalblock_0092_NG_AK,terminalblock,test,terminalblock_0092_NG_AK,0092,OK,NG_AK,AK,True,5,5,"C1,C2,C3,C4,C5",,,True,True,True,True,True,True,True,True,True,True,True,True,True,True,True
terminalblock::terminalblock_0092_NG_QS,terminalblock,test,terminalblock_0092_NG_QS,0092,OK,NG_QS,QS,True,5,5,"C1,C2,C3,C4,C5",,,True,True,True,True,True,True,True,True,True,True,True,True,True,True,True
terminalblock::terminalblock_0092_NG_ZW,terminalblock,test,terminalblock_0092_NG_ZW,0092,OK,NG_ZW,OK,False,5,5,"C1,C2,C3,C4,C5",,,True,True,True,True,True,True,True,True,True,True,True,True,True,True,True
terminalblock::terminalblock_0092_OK,terminalblock,train,terminalblock_0092_OK,0092,OK,OK,OK,True,5,5,"C1,C2,C3,C4,C5",,,True,True,True,True,True,True,True,True,True,True,True,True,True,True,True
terminalblock::terminalblock_0093_NG_AK,terminalblock,test,terminalblock_0093_NG_AK,0093,OK,NG_AK,AK,False,5,5,"C1,C2,C3,C4,C5",,,True,True,True,True,True,True,True,True,True,True,True,True,True,True,True
terminalblock::terminalblock_0093_NG_QS,terminalblock,test,terminalblock_0093_NG_QS,0093,OK,NG_QS,QS,True,5,5,"C1,C2,C3,C4,C5",,,True,True,True,True,True,True,True,True,True,True,True,True,True,True,True
terminalblock::terminalblock_0093_NG_ZW,terminalblock,test,terminalblock_0093_NG_ZW,0093,OK,NG_ZW,ZW,False,5,5,"C1,C2,C3,C4,C5",,,True,True,True,True,True,True,True,True,True,True,True,True,True,True,True
terminalblock::terminalblock_0093_OK,terminalblock,test,terminalblock_0093_OK,0093,OK,OK,OK,True,5,5,"C1,C2,C3,C4,C5",,,True,True,True,True,True,True,True,True,True,True,True,True,True,True,True
terminalblock::terminalblock_0094_NG_AK,terminalblock,test,terminalblock_0094_NG_AK,0094,OK,NG_AK,AK,True,5,5,"C1,C2,C3,C4,C5",,,True,True,True,True,True,True,True,True,True,True,True,True,True,True,True
terminalblock::terminalblock_0094_NG_QS,terminalblock,test,terminalblock_0094_NG_QS,0094,OK,NG_QS,QS,True,5,5,"C1,C2,C3,C4,C5",,,True,True,True,True,True,True,True,True,True,True,True,True,True,True,True
terminalblock::terminalblock_0094_NG_ZW,terminalblock,test,terminalblock_0094_NG_ZW,0094,OK,NG_ZW,ZW,True,5,5,"C1,C2,C3,C4,C5",,,True,True,True,True,True,True,True,True,True,True,True,True,True,True,True
terminalblock::terminalblock_0094_OK,terminalblock,train,terminalblock_0094_OK,0094,OK,OK,OK,True,5,5,"C1,C2,C3,C4,C5",,,True,True,True,True,True,True,True,True,True,True,True,True,True,True,True
terminalblock::terminalblock_0095_NG_AK,terminalblock,test,terminalblock_0095_NG_AK,0095,OK,NG_AK,AK,True,5,5,"C1,C2,C3,C4,C5",,,True,True,True,True,True,True,True,True,True,True,True,True,True,True,True
terminalblock::terminalblock_0095_NG_QS,terminalblock,test,terminalblock_0095_NG_QS,0095,OK,NG_QS,QS,True,5,5,"C1,C2,C3,C4,C5",,,True,True,True,True,True,True,True,True,True,True,True,True,True,True,True
terminalblock::terminalblock_0095_NG_ZW,terminalblock,test,terminalblock_0095_NG_ZW,0095,OK,NG_ZW,ZW,True,5,5,"C1,C2,C3,C4,C5",,,True,True,True,True,True,True,True,True,True,True,True,True,True,True,True
terminalblock::terminalblock_0095_OK,terminalblock,test,terminalblock_0095_OK,0095,OK,OK,OK,True,5,5,"C1,C2,C3,C4,C5",,,True,True,True,True,True,True,True,True,True,True,True,True,True,True,True
terminalblock::terminalblock_0096_NG_AK,terminalblock,test,terminalblock_0096_NG_AK,0096,OK,NG_AK,AK,True,5,5,"C1,C2,C3,C4,C5",,,True,True,True,True,True,True,True,True,True,True,True,True,True,True,True
terminalblock::terminalblock_0096_NG_QS,terminalblock,test,terminalblock_0096_NG_QS,0096,OK,NG_QS,QS,False,5,5,"C1,C2,C3,C4,C5",,,True,True,True,True,True,True,True,True,True,True,True,True,True,True,True
terminalblock::terminalblock_0096_NG_ZW,terminalblock,test,terminalblock_0096_NG_ZW,0096,OK,NG_ZW,ZW,True,5,5,"C1,C2,C3,C4,C5",,,True,True,True,True,True,True,True,True,True,True,True,True,True,True,True
terminalblock::terminalblock_0096_OK,terminalblock,test,terminalblock_0096_OK,0096,OK,OK,OK,True,5,5,"C1,C2,C3,C4,C5",,,True,True,True,True,True,True,True,True,True,True,True,True,True,True,True
terminalblock::terminalblock_0097_NG_AK,terminalblock,test,terminalblock_0097_NG_AK,0097,OK,NG_AK,AK,False,5,5,"C1,C2,C3,C4,C5",,,True,True,True,True,True,True,True,True,True,True,True,True,True,True,True
terminalblock::terminalblock_0097_NG_QS,terminalblock,test,terminalblock_0097_NG_QS,0097,OK,NG_QS,QS,True,5,5,"C1,C2,C3,C4,C5",,,True,True,True,True,True,True,True,True,True,True,True,True,True,True,True
terminalblock::terminalblock_0097_NG_ZW,terminalblock,test,terminalblock_0097_NG_ZW,0097,OK,NG_ZW,ZW,True,5,5,"C1,C2,C3,C4,C5",,,True,True,True,True,True,True,True,True,True,True,True,True,True,True,True
terminalblock::terminalblock_0097_OK,terminalblock,train,terminalblock_0097_OK,0097,OK,OK,OK,True,5,5,"C1,C2,C3,C4,C5",,,True,True,True,True,True,True,True,True,True,True,True,True,True,True,True
terminalblock::terminalblock_0098_NG_AK,terminalblock,test,terminalblock_0098_NG_AK,0098,OK,NG_AK,OK,False,5,5,"C1,C2,C3,C4,C5",,,True,True,True,True,True,True,True,True,True,True,True,True,True,True,True
terminalblock::terminalblock_0098_NG_QS,terminalblock,test,terminalblock_0098_NG_QS,0098,OK,NG_QS,QS,True,5,5,"C1,C2,C3,C4,C5",,,True,True,True,True,True,True,True,True,True,True,True,True,True,True,True
terminalblock::terminalblock_0098_NG_ZW,terminalblock,test,terminalblock_0098_NG_ZW,0098,OK,NG_ZW,OK,False,5,5,"C1,C2,C3,C4,C5",,,True,True,True,True,True,True,True,True,True,True,True,True,True,True,True
terminalblock::terminalblock_0098_OK,terminalblock,train,terminalblock_0098_OK,0098,OK,OK,OK,True,5,5,"C1,C2,C3,C4,C5",,,True,True,True,True,True,True,True,True,True,True,True,True,True,True,True
terminalblock::terminalblock_0099_NG_AK,terminalblock,test,terminalblock_0099_NG_AK,0099,OK,NG_AK,AK,True,5,5,"C1,C2,C3,C4,C5",,,True,True,True,True,True,True,True,True,True,True,True,True,True,True,True
terminalblock::terminalblock_0099_NG_QS,terminalblock,test,terminalblock_0099_NG_QS,0099,OK,NG_QS,QS,True,5,5,"C1,C2,C3,C4,C5",,,True,True,True,True,True,True,True,True,True,True,True,True,True,True,True
terminalblock::terminalblock_0099_NG_ZW,terminalblock,test,terminalblock_0099_NG_ZW,0099,OK,NG_ZW,ZW,True,5,5,"C1,C2,C3,C4,C5",,,True,True,True,True,True,True,True,True,True,True,True,True,True,True,True
terminalblock::terminalblock_0099_OK,terminalblock,test,terminalblock_0099_OK,0099,OK,OK,OK,True,5,5,"C1,C2,C3,C4,C5",,,True,True,True,True,True,True,True,True,True,True,True,True,True,True,True
terminalblock::terminalblock_0100_NG_AK,terminalblock,test,terminalblock_0100_NG_AK,0100,OK,NG_AK,OK,False,5,5,"C1,C2,C3,C4,C5",,,True,True,True,True,True,True,True,True,True,True,True,True,True,True,True
terminalblock::terminalblock_0100_NG_QS,terminalblock,test,terminalblock_0100_NG_QS,0100,OK,NG_QS,QS,True,5,5,"C1,C2,C3,C4,C5",,,True,True,True,True,True,True,True,True,True,True,True,True,True,True,True
terminalblock::terminalblock_0100_NG_ZW,terminalblock,test,terminalblock_0100_NG_ZW,0100,OK,NG_ZW,ZW,True,5,5,"C1,C2,C3,C4,C5",,,True,True,True,True,True,True,True,True,True,True,True,True,True,True,True
terminalblock::terminalblock_0100_OK,terminalblock,test,terminalblock_0100_OK,0100,OK,OK,OK,True,5,5,"C1,C2,C3,C4,C5",,,True,True,True,True,True,True,True,True,True,True,True,True,True,True,True
terminalblock::terminalblock_0101_NG_AK,terminalblock,test,terminalblock_0101_NG_AK,0101,OK,NG_AK,AK,True,5,5,"C1,C2,C3,C4,C5",,,True,True,True,True,True,True,True,True,True,True,True,True,True,True,True
terminalblock::terminalblock_0101_NG_QS,terminalblock,test,terminalblock_0101_NG_QS,0101,OK,NG_QS,QS,True,5,5,"C1,C2,C3,C4,C5",,,True,True,True,True,True,True,True,True,True,True,True,True,True,True,True
terminalblock::terminalblock_0101_NG_ZW,terminalblock,test,terminalblock_0101_NG_ZW,0101,OK,NG_ZW,ZW,True,5,5,"C1,C2,C3,C4,C5",,,True,True,True,True,True,True,True,True,True,True,True,True,True,True,True
terminalblock::terminalblock_0101_OK,terminalblock,train,terminalblock_0101_OK,0101,OK,OK,OK,True,5,5,"C1,C2,C3,C4,C5",,,True,True,True,True,True,True,True,True,True,True,True,True,True,True,True
terminalblock::terminalblock_0102_NG_AK,terminalblock,test,terminalblock_0102_NG_AK,0102,OK,NG_AK,AK,False,5,5,"C1,C2,C3,C4,C5",,,True,True,True,True,True,True,True,True,True,True,True,True,True,True,True
terminalblock::terminalblock_0102_NG_QS,terminalblock,test,terminalblock_0102_NG_QS,0102,OK,NG_QS,QS,True,5,5,"C1,C2,C3,C4,C5",,,True,True,True,True,True,True,True,True,True,True,True,True,True,True,True
terminalblock::terminalblock_0102_NG_ZW,terminalblock,test,terminalblock_0102_NG_ZW,0102,OK,NG_ZW,ZW,True,5,5,"C1,C2,C3,C4,C5",,,True,True,True,True,True,True,True,True,True,True,True,True,True,True,True
terminalblock::terminalblock_0102_OK,terminalblock,test,terminalblock_0102_OK,0102,OK,OK,OK,True,5,5,"C1,C2,C3,C4,C5",,,True,True,True,True,True,True,True,True,True,True,True,True,True,True,True
terminalblock::terminalblock_0103_NG_AK,terminalblock,test,terminalblock_0103_NG_AK,0103,OK,NG_AK,OK,False,5,5,"C1,C2,C3,C4,C5",,,True,True,True,True,True,True,True,True,True,True,True,True,True,True,True
terminalblock::terminalblock_0103_NG_QS,terminalblock,test,terminalblock_0103_NG_QS,0103,OK,NG_QS,OK,False,5,5,"C1,C2,C3,C4,C5",,,True,True,True,True,True,True,True,True,True,True,True,True,True,True,True
terminalblock::terminalblock_0103_NG_ZW,terminalblock,test,terminalblock_0103_NG_ZW,0103,OK,NG_ZW,OK,False,5,5,"C1,C2,C3,C4,C5",,,True,True,True,True,True,True,True,True,True,True,True,True,True,True,True
terminalblock::terminalblock_0103_OK,terminalblock,test,terminalblock_0103_OK,0103,OK,OK,OK,True,5,5,"C1,C2,C3,C4,C5",,,True,True,True,True,True,True,True,True,True,True,True,True,True,True,True
terminalblock::terminalblock_0104_NG_AK,terminalblock,test,terminalblock_0104_NG_AK,0104,OK,NG_AK,AK,True,5,5,"C1,C2,C3,C4,C5",,,True,True,True,True,True,True,True,True,True,True,True,True,True,True,True
terminalblock::terminalblock_0104_NG_QS,terminalblock,test,terminalblock_0104_NG_QS,0104,OK,NG_QS,QS,True,5,5,"C1,C2,C3,C4,C5",,,True,True,True,True,True,True,True,True,True,True,True,True,True,True,True
terminalblock::terminalblock_0104_NG_ZW,terminalblock,test,terminalblock_0104_NG_ZW,0104,OK,NG_ZW,ZW,True,5,5,"C1,C2,C3,C4,C5",,,True,True,True,True,True,True,True,True,True,True,True,True,True,True,True
terminalblock::terminalblock_0104_OK,terminalblock,train,terminalblock_0104_OK,0104,OK,OK,OK,True,5,5,"C1,C2,C3,C4,C5",,,True,True,True,True,True,True,True,True,True,True,True,True,True,True,True
terminalblock::terminalblock_0105_NG_AK,terminalblock,test,terminalblock_0105_NG_AK,0105,OK,NG_AK,AK,True,5,5,"C1,C2,C3,C4,C5",,,True,True,True,True,True,True,True,True,True,True,True,True,True,True,True
terminalblock::terminalblock_0105_NG_QS,terminalblock,test,terminalblock_0105_NG_QS,0105,OK,NG_QS,QS,True,5,5,"C1,C2,C3,C4,C5",,,True,True,True,True,True,True,True,True,True,True,True,True,True,True,True
terminalblock::terminalblock_0105_NG_ZW,terminalblock,test,terminalblock_0105_NG_ZW,0105,OK,NG_ZW,OK,False,5,5,"C1,C2,C3,C4,C5",,,True,True,True,True,True,True,True,True,True,True,True,True,True,True,True
terminalblock::terminalblock_0105_OK,terminalblock,test,terminalblock_0105_OK,0105,OK,OK,OK,True,5,5,"C1,C2,C3,C4,C5",,,True,True,True,True,True,True,True,True,True,True,True,True,True,True,True
terminalblock::terminalblock_0106_NG_AK,terminalblock,test,terminalblock_0106_NG_AK,0106,OK,NG_AK,AK,False,5,5,"C1,C2,C3,C4,C5",,,True,True,True,True,True,True,True,True,True,True,True,True,True,True,True
terminalblock::terminalblock_0106_NG_QS,terminalblock,test,terminalblock_0106_NG_QS,0106,OK,NG_QS,QS,True,5,5,"C1,C2,C3,C4,C5",,,True,True,True,True,True,True,True,True,True,True,True,True,True,True,True
terminalblock::terminalblock_0106_NG_ZW,terminalblock,test,terminalblock_0106_NG_ZW,0106,OK,NG_ZW,ZW,False,5,5,"C1,C2,C3,C4,C5",,,True,True,True,True,True,True,True,True,True,True,True,True,True,True,True
terminalblock::terminalblock_0106_OK,terminalblock,test,terminalblock_0106_OK,0106,OK,OK,OK,True,5,5,"C1,C2,C3,C4,C5",,,True,True,True,True,True,True,True,True,True,True,True,True,True,True,True
terminalblock::terminalblock_0107_NG_AK,terminalblock,test,terminalblock_0107_NG_AK,0107,OK,NG_AK,OK,False,5,5,"C1,C2,C3,C4,C5",,,True,True,True,True,True,True,True,True,True,True,True,True,True,True,True
terminalblock::terminalblock_0107_NG_QS,terminalblock,test,terminalblock_0107_NG_QS,0107,OK,NG_QS,QS,True,5,5,"C1,C2,C3,C4,C5",,,True,True,True,True,True,True,True,True,True,True,True,True,True,True,True
terminalblock::terminalblock_0107_NG_ZW,terminalblock,test,terminalblock_0107_NG_ZW,0107,OK,NG_ZW,ZW,True,5,5,"C1,C2,C3,C4,C5",,,True,True,True,True,True,True,True,True,True,True,True,True,True,True,True
terminalblock::terminalblock_0107_OK,terminalblock,test,terminalblock_0107_OK,0107,OK,OK,OK,True,5,5,"C1,C2,C3,C4,C5",,,True,True,True,True,True,True,True,True,True,True,True,True,True,True,True
terminalblock::terminalblock_0108_NG_AK,terminalblock,test,terminalblock_0108_NG_AK,0108,OK,NG_AK,AK,True,5,5,"C1,C2,C3,C4,C5",,,True,True,True,True,True,True,True,True,True,True,True,True,True,True,True
terminalblock::terminalblock_0108_NG_QS,terminalblock,test,terminalblock_0108_NG_QS,0108,OK,NG_QS,QS,True,5,5,"C1,C2,C3,C4,C5",,,True,True,True,True,True,True,True,True,True,True,True,True,True,True,True
terminalblock::terminalblock_0108_NG_ZW,terminalblock,test,terminalblock_0108_NG_ZW,0108,OK,NG_ZW,ZW,True,5,5,"C1,C2,C3,C4,C5",,,True,True,True,True,True,True,True,True,True,True,True,True,True,True,True
terminalblock::terminalblock_0108_OK,terminalblock,test,terminalblock_0108_OK,0108,OK,OK,OK,True,5,5,"C1,C2,C3,C4,C5",,,True,True,True,True,True,True,True,True,True,True,True,True,True,True,True
terminalblock::terminalblock_0109_NG_AK,terminalblock,test,terminalblock_0109_NG_AK,0109,OK,NG_AK,AK,False,5,5,"C1,C2,C3,C4,C5",,,True,True,True,True,True,True,True,True,True,True,True,True,True,True,True
terminalblock::terminalblock_0109_NG_QS,terminalblock,test,terminalblock_0109_NG_QS,0109,OK,NG_QS,QS,True,5,5,"C1,C2,C3,C4,C5",,,True,True,True,True,True,True,True,True,True,True,True,True,True,True,True
terminalblock::terminalblock_0109_NG_ZW,terminalblock,test,terminalblock_0109_NG_ZW,0109,OK,NG_ZW,OK,False,5,5,"C1,C2,C3,C4,C5",,,True,True,True,True,True,True,True,True,True,True,True,True,True,True,True
terminalblock::terminalblock_0109_OK,terminalblock,train,terminalblock_0109_OK,0109,OK,OK,OK,True,5,5,"C1,C2,C3,C4,C5",,,True,True,True,True,True,True,True,True,True,True,True,True,True,True,True
terminalblock::terminalblock_0110_NG_AK,terminalblock,test,terminalblock_0110_NG_AK,0110,OK,NG_AK,AK,True,5,5,"C1,C2,C3,C4,C5",,,True,True,True,True,True,True,True,True,True,True,True,True,True,True,True
terminalblock::terminalblock_0110_NG_QS,terminalblock,test,terminalblock_0110_NG_QS,0110,OK,NG_QS,QS,True,5,5,"C1,C2,C3,C4,C5",,,True,True,True,True,True,True,True,True,True,True,True,True,True,True,True
terminalblock::terminalblock_0110_NG_ZW,terminalblock,test,terminalblock_0110_NG_ZW,0110,OK,NG_ZW,OK,False,5,5,"C1,C2,C3,C4,C5",,,True,True,True,True,True,True,True,True,True,True,True,True,True,True,True
terminalblock::terminalblock_0110_OK,terminalblock,test,terminalblock_0110_OK,0110,OK,OK,OK,True,5,5,"C1,C2,C3,C4,C5",,,True,True,True,True,True,True,True,True,True,True,True,True,True,True,True
terminalblock::terminalblock_0111_NG_AK,terminalblock,test,terminalblock_0111_NG_AK,0111,OK,NG_AK,OK,False,5,5,"C1,C2,C3,C4,C5",,,True,True,True,True,True,True,True,True,True,True,True,True,True,True,True
terminalblock::terminalblock_0111_NG_QS,terminalblock,test,terminalblock_0111_NG_QS,0111,OK,NG_QS,OK,False,5,5,"C1,C2,C3,C4,C5",,,True,True,True,True,True,True,True,True,True,True,True,True,True,True,True
terminalblock::terminalblock_0111_NG_ZW,terminalblock,test,terminalblock_0111_NG_ZW,0111,OK,NG_ZW,ZW,False,5,5,"C1,C2,C3,C4,C5",,,True,True,True,True,True,True,True,True,True,True,True,True,True,True,True
terminalblock::terminalblock_0111_OK,terminalblock,test,terminalblock_0111_OK,0111,OK,OK,OK,True,5,5,"C1,C2,C3,C4,C5",,,True,True,True,True,True,True,True,True,True,True,True,True,True,True,True
terminalblock::terminalblock_0112_NG_AK,terminalblock,test,terminalblock_0112_NG_AK,0112,OK,NG_AK,AK,True,5,5,"C1,C2,C3,C4,C5",,,True,True,True,True,True,True,True,True,True,True,True,True,True,True,True
terminalblock::terminalblock_0112_NG_QS,terminalblock,test,terminalblock_0112_NG_QS,0112,OK,NG_QS,OK,False,5,5,"C1,C2,C3,C4,C5",,,True,True,True,True,True,True,True,True,True,True,True,True,True,True,True
terminalblock::terminalblock_0112_NG_ZW,terminalblock,test,terminalblock_0112_NG_ZW,0112,OK,NG_ZW,OK,False,5,5,"C1,C2,C3,C4,C5",,,True,True,True,True,True,True,True,True,True,True,True,True,True,True,True
terminalblock::terminalblock_0112_OK,terminalblock,train,terminalblock_0112_OK,0112,OK,OK,OK,True,5,5,"C1,C2,C3,C4,C5",,,True,True,True,True,True,True,True,True,True,True,True,True,True,True,True
terminalblock::terminalblock_0113_NG_AK,terminalblock,test,terminalblock_0113_NG_AK,0113,OK,NG_AK,AK,False,5,5,"C1,C2,C3,C4,C5",,,True,True,True,True,True,True,True,True,True,True,True,True,True,True,True
terminalblock::terminalblock_0113_NG_QS,terminalblock,test,terminalblock_0113_NG_QS,0113,OK,NG_QS,QS,True,5,5,"C1,C2,C3,C4,C5",,,True,True,True,True,True,True,True,True,True,True,True,True,True,True,True
terminalblock::terminalblock_0113_NG_ZW,terminalblock,test,terminalblock_0113_NG_ZW,0113,OK,NG_ZW,ZW,True,5,5,"C1,C2,C3,C4,C5",,,True,True,True,True,True,True,True,True,True,True,True,True,True,True,True
terminalblock::terminalblock_0113_OK,terminalblock,test,terminalblock_0113_OK,0113,OK,OK,OK,True,5,5,"C1,C2,C3,C4,C5",,,True,True,True,True,True,True,True,True,True,True,True,True,True,True,True
terminalblock::terminalblock_0114_NG_AK,terminalblock,test,terminalblock_0114_NG_AK,0114,OK,NG_AK,AK,True,5,5,"C1,C2,C3,C4,C5",,,True,True,True,True,True,True,True,True,True,True,True,True,True,True,True
terminalblock::terminalblock_0114_NG_QS,terminalblock,test,terminalblock_0114_NG_QS,0114,OK,NG_QS,QS,True,5,5,"C1,C2,C3,C4,C5",,,True,True,True,True,True,True,True,True,True,True,True,True,True,True,True
terminalblock::terminalblock_0114_NG_ZW,terminalblock,test,terminalblock_0114_NG_ZW,0114,OK,NG_ZW,OK,False,5,5,"C1,C2,C3,C4,C5",,,True,True,True,True,True,True,True,True,True,True,True,True,True,True,True
terminalblock::terminalblock_0114_OK,terminalblock,test,terminalblock_0114_OK,0114,OK,OK,OK,True,5,5,"C1,C2,C3,C4,C5",,,True,True,True,True,True,True,True,True,True,True,True,True,True,True,True
terminalblock::terminalblock_0115_NG_AK,terminalblock,test,terminalblock_0115_NG_AK,0115,OK,NG_AK,AK,True,5,5,"C1,C2,C3,C4,C5",,,True,True,True,True,True,True,True,True,True,True,True,True,True,True,True
terminalblock::terminalblock_0115_NG_QS,terminalblock,test,terminalblock_0115_NG_QS,0115,OK,NG_QS,OK,False,5,5,"C1,C2,C3,C4,C5",,,True,True,True,True,True,True,True,True,True,True,True,True,True,True,True
terminalblock::terminalblock_0115_NG_ZW,terminalblock,test,terminalblock_0115_NG_ZW,0115,OK,NG_ZW,ZW,True,5,5,"C1,C2,C3,C4,C5",,,True,True,True,True,True,True,True,True,True,True,True,True,True,True,True
terminalblock::terminalblock_0115_OK,terminalblock,train,terminalblock_0115_OK,0115,OK,OK,OK,True,5,5,"C1,C2,C3,C4,C5",,,True,True,True,True,True,True,True,True,True,True,True,True,True,True,True
terminalblock::terminalblock_0116_NG_AK,terminalblock,test,terminalblock_0116_NG_AK,0116,OK,NG_AK,AK,False,5,5,"C1,C2,C3,C4,C5",,,True,True,True,True,True,True,True,True,True,True,True,True,True,True,True
terminalblock::terminalblock_0116_NG_QS,terminalblock,test,terminalblock_0116_NG_QS,0116,OK,NG_QS,QS,False,5,5,"C1,C2,C3,C4,C5",,,True,True,True,True,True,True,True,True,True,True,True,True,True,True,True
terminalblock::terminalblock_0116_NG_ZW,terminalblock,test,terminalblock_0116_NG_ZW,0116,OK,NG_ZW,OK,False,5,5,"C1,C2,C3,C4,C5",,,True,True,True,True,True,True,True,True,True,True,True,True,True,True,True
terminalblock::terminalblock_0117_NG_AK,terminalblock,test,terminalblock_0117_NG_AK,0117,OK,NG_AK,AK,True,5,5,"C1,C2,C3,C4,C5",,,True,True,True,True,True,True,True,True,True,True,True,True,True,True,True
terminalblock::terminalblock_0117_NG_QS,terminalblock,test,terminalblock_0117_NG_QS,0117,OK,NG_QS,QS,True,5,5,"C1,C2,C3,C4,C5",,,True,True,True,True,True,True,True,True,True,True,True,True,True,True,True
terminalblock::terminalblock_0117_NG_ZW,terminalblock,test,terminalblock_0117_NG_ZW,0117,OK,NG_ZW,ZW,True,5,5,"C1,C2,C3,C4,C5",,,True,True,True,True,True,True,True,True,True,True,True,True,True,True,True
terminalblock::terminalblock_0117_OK,terminalblock,train,terminalblock_0117_OK,0117,OK,OK,OK,True,5,5,"C1,C2,C3,C4,C5",,,True,True,True,True,True,True,True,True,True,True,True,True,True,True,True
terminalblock::terminalblock_0118_NG_AK,terminalblock,test,terminalblock_0118_NG_AK,0118,OK,NG_AK,AK,False,5,5,"C1,C2,C3,C4,C5",,,True,True,True,True,True,True,True,True,True,True,True,True,True,True,True
terminalblock::terminalblock_0118_NG_QS,terminalblock,test,terminalblock_0118_NG_QS,0118,OK,NG_QS,QS,True,5,5,"C1,C2,C3,C4,C5",,,True,True,True,True,True,True,True,True,True,True,True,True,True,True,True
terminalblock::terminalblock_0118_NG_ZW,terminalblock,test,terminalblock_0118_NG_ZW,0118,OK,NG_ZW,OK,False,5,5,"C1,C2,C3,C4,C5",,,True,True,True,True,True,True,True,True,True,True,True,True,True,True,True
terminalblock::terminalblock_0118_OK,terminalblock,test,terminalblock_0118_OK,0118,OK,OK,OK,True,5,5,"C1,C2,C3,C4,C5",,,True,True,True,True,True,True,True,True,True,True,True,True,True,True,True
terminalblock::terminalblock_0119_NG_AK,terminalblock,test,terminalblock_0119_NG_AK,0119,OK,NG_AK,AK,True,5,5,"C1,C2,C3,C4,C5",,,True,True,True,True,True,True,True,True,True,True,True,True,True,True,True
terminalblock::terminalblock_0119_NG_QS,terminalblock,test,terminalblock_0119_NG_QS,0119,OK,NG_QS,OK,False,5,5,"C1,C2,C3,C4,C5",,,True,True,True,True,True,True,True,True,True,True,True,True,True,True,True
terminalblock::terminalblock_0119_NG_ZW,terminalblock,test,terminalblock_0119_NG_ZW,0119,OK,NG_ZW,ZW,True,5,5,"C1,C2,C3,C4,C5",,,True,True,True,True,True,True,True,True,True,True,True,True,True,True,True
terminalblock::terminalblock_0119_OK,terminalblock,test,terminalblock_0119_OK,0119,OK,OK,OK,True,5,5,"C1,C2,C3,C4,C5",,,True,True,True,True,True,True,True,True,True,True,True,True,True,True,True
terminalblock::terminalblock_0120_NG_AK,terminalblock,test,terminalblock_0120_NG_AK,0120,OK,NG_AK,AK,True,5,5,"C1,C2,C3,C4,C5",,,True,True,True,True,True,True,True,True,True,True,True,True,True,True,True
terminalblock::terminalblock_0120_NG_QS,terminalblock,test,terminalblock_0120_NG_QS,0120,OK,NG_QS,QS,True,5,5,"C1,C2,C3,C4,C5",,,True,True,True,True,True,True,True,True,True,True,True,True,True,True,True
terminalblock::terminalblock_0120_NG_ZW,terminalblock,test,terminalblock_0120_NG_ZW,0120,OK,NG_ZW,OK,False,5,5,"C1,C2,C3,C4,C5",,,True,True,True,True,True,True,True,True,True,True,True,True,True,True,True
terminalblock::terminalblock_0120_OK,terminalblock,test,terminalblock_0120_OK,0120,OK,OK,OK,True,5,5,"C1,C2,C3,C4,C5",,,True,True,True,True,True,True,True,True,True,True,True,True,True,True,True
terminalblock::terminalblock_0121_NG_AK,terminalblock,test,terminalblock_0121_NG_AK,0121,OK,NG_AK,AK,True,5,5,"C1,C2,C3,C4,C5",,,True,True,True,True,True,True,True,True,True,True,True,True,True,True,True
terminalblock::terminalblock_0121_NG_QS,terminalblock,test,terminalblock_0121_NG_QS,0121,OK,NG_QS,QS,True,5,5,"C1,C2,C3,C4,C5",,,True,True,True,True,True,True,True,True,True,True,True,True,True,True,True
terminalblock::terminalblock_0121_NG_ZW,terminalblock,test,terminalblock_0121_NG_ZW,0121,OK,NG_ZW,OK,False,5,5,"C1,C2,C3,C4,C5",,,True,True,True,True,True,True,True,True,True,True,True,True,True,True,True
terminalblock::terminalblock_0121_OK,terminalblock,train,terminalblock_0121_OK,0121,OK,OK,OK,True,5,5,"C1,C2,C3,C4,C5",,,True,True,True,True,True,True,True,True,True,True,True,True,True,True,True
terminalblock::terminalblock_0122_NG_AK,terminalblock,test,terminalblock_0122_NG_AK,0122,OK,NG_AK,OK,False,5,5,"C1,C2,C3,C4,C5",,,True,True,True,True,True,True,True,True,True,True,True,True,True,True,True
terminalblock::terminalblock_0122_NG_QS,terminalblock,test,terminalblock_0122_NG_QS,0122,OK,NG_QS,QS,True,5,5,"C1,C2,C3,C4,C5",,,True,True,True,True,True,True,True,True,True,True,True,True,True,True,True
terminalblock::terminalblock_0122_NG_ZW,terminalblock,test,terminalblock_0122_NG_ZW,0122,OK,NG_ZW,ZW,False,5,5,"C1,C2,C3,C4,C5",,,True,True,True,True,True,True,True,True,True,True,True,True,True,True,True
terminalblock::terminalblock_0122_OK,terminalblock,train,terminalblock_0122_OK,0122,OK,OK,OK,True,5,5,"C1,C2,C3,C4,C5",,,True,True,True,True,True,True,True,True,True,True,True,True,True,True,True
terminalblock::terminalblock_0123_NG_AK,terminalblock,test,terminalblock_0123_NG_AK,0123,OK,NG_AK,AK,True,5,5,"C1,C2,C3,C4,C5",,,True,True,True,True,True,True,True,True,True,True,True,True,True,True,True
terminalblock::terminalblock_0123_NG_QS,terminalblock,test,terminalblock_0123_NG_QS,0123,OK,NG_QS,QS,True,5,5,"C1,C2,C3,C4,C5",,,True,True,True,True,True,True,True,True,True,True,True,True,True,True,True
terminalblock::terminalblock_0123_NG_ZW,terminalblock,test,terminalblock_0123_NG_ZW,0123,OK,NG_ZW,OK,False,5,5,"C1,C2,C3,C4,C5",,,True,True,True,True,True,True,True,True,True,True,True,True,True,True,True
terminalblock::terminalblock_0123_OK,terminalblock,test,terminalblock_0123_OK,0123,OK,OK,OK,True,5,5,"C1,C2,C3,C4,C5",,,True,True,True,True,True,True,True,True,True,True,True,True,True,True,True
terminalblock::terminalblock_0124_NG_AK,terminalblock,test,terminalblock_0124_NG_AK,0124,OK,NG_AK,OK,False,5,5,"C1,C2,C3,C4,C5",,,True,True,True,True,True,True,True,True,True,True,True,True,True,True,True
terminalblock::terminalblock_0124_NG_QS,terminalblock,test,terminalblock_0124_NG_QS,0124,OK,NG_QS,QS,True,5,5,"C1,C2,C3,C4,C5",,,True,True,True,True,True,True,True,True,True,True,True,True,True,True,True
terminalblock::terminalblock_0124_NG_ZW,terminalblock,test,terminalblock_0124_NG_ZW,0124,OK,NG_ZW,ZW,True,5,5,"C1,C2,C3,C4,C5",,,True,True,True,True,True,True,True,True,True,True,True,True,True,True,True
terminalblock::terminalblock_0124_OK,terminalblock,train,terminalblock_0124_OK,0124,OK,OK,OK,True,5,5,"C1,C2,C3,C4,C5",,,True,True,True,True,True,True,True,True,True,True,True,True,True,True,True
terminalblock::terminalblock_0125_NG_AK,terminalblock,test,terminalblock_0125_NG_AK,0125,OK,NG_AK,AK,True,5,5,"C1,C2,C3,C4,C5",,,True,True,True,True,True,True,True,True,True,True,True,True,True,True,True
terminalblock::terminalblock_0125_NG_QS,terminalblock,test,terminalblock_0125_NG_QS,0125,OK,NG_QS,QS,True,5,5,"C1,C2,C3,C4,C5",,,True,True,True,True,True,True,True,True,True,True,True,True,True,True,True
terminalblock::terminalblock_0125_NG_ZW,terminalblock,test,terminalblock_0125_NG_ZW,0125,OK,NG_ZW,ZW,True,5,5,"C1,C2,C3,C4,C5",,,True,True,True,True,True,True,True,True,True,True,True,True,True,True,True
terminalblock::terminalblock_0125_OK,terminalblock,test,terminalblock_0125_OK,0125,OK,OK,OK,True,5,5,"C1,C2,C3,C4,C5",,,True,True,True,True,True,True,True,True,True,True,True,True,True,True,True
terminalblock::terminalblock_0126_NG_AK,terminalblock,test,terminalblock_0126_NG_AK,0126,OK,NG_AK,AK,False,5,5,"C1,C2,C3,C4,C5",,,True,True,True,True,True,True,True,True,True,True,True,True,True,True,True
terminalblock::terminalblock_0126_NG_QS,terminalblock,test,terminalblock_0126_NG_QS,0126,OK,NG_QS,QS,True,5,5,"C1,C2,C3,C4,C5",,,True,True,True,True,True,True,True,True,True,True,True,True,True,True,True
terminalblock::terminalblock_0126_NG_ZW,terminalblock,test,terminalblock_0126_NG_ZW,0126,OK,NG_ZW,ZW,False,5,5,"C1,C2,C3,C4,C5",,,True,True,True,True,True,True,True,True,True,True,True,True,True,True,True
terminalblock::terminalblock_0126_OK,terminalblock,test,terminalblock_0126_OK,0126,OK,OK,OK,True,5,5,"C1,C2,C3,C4,C5",,,True,True,True,True,True,True,True,True,True,True,True,True,True,True,True
terminalblock::terminalblock_0127_NG_AK,terminalblock,test,terminalblock_0127_NG_AK,0127,OK,NG_AK,AK,True,5,5,"C1,C2,C3,C4,C5",,,True,True,True,True,True,True,True,True,True,True,True,True,True,True,True
terminalblock::terminalblock_0127_NG_QS,terminalblock,test,terminalblock_0127_NG_QS,0127,OK,NG_QS,QS,True,5,5,"C1,C2,C3,C4,C5",,,True,True,True,True,True,True,True,True,True,True,True,True,True,True,True
terminalblock::terminalblock_0127_NG_ZW,terminalblock,test,terminalblock_0127_NG_ZW,0127,OK,NG_ZW,ZW,True,5,5,"C1,C2,C3,C4,C5",,,True,True,True,True,True,True,True,True,True,True,True,True,True,True,True
terminalblock::terminalblock_0127_OK,terminalblock,test,terminalblock_0127_OK,0127,OK,OK,OK,True,5,5,"C1,C2,C3,C4,C5",,,True,True,True,True,True,True,True,True,True,True,True,True,True,True,True
terminalblock::terminalblock_0128_NG_AK,terminalblock,test,terminalblock_0128_NG_AK,0128,OK,NG_AK,AK,True,5,5,"C1,C2,C3,C4,C5",,,True,True,True,True,True,True,True,True,True,True,True,True,True,True,True
terminalblock::terminalblock_0128_NG_QS,terminalblock,test,terminalblock_0128_NG_QS,0128,OK,NG_QS,QS,False,5,5,"C1,C2,C3,C4,C5",,,True,True,True,True,True,True,True,True,True,True,True,True,True,True,True
terminalblock::terminalblock_0128_NG_ZW,terminalblock,test,terminalblock_0128_NG_ZW,0128,OK,NG_ZW,ZW,False,5,5,"C1,C2,C3,C4,C5",,,True,True,True,True,True,True,True,True,True,True,True,True,True,True,True
terminalblock::terminalblock_0128_OK,terminalblock,train,terminalblock_0128_OK,0128,OK,OK,OK,True,5,5,"C1,C2,C3,C4,C5",,,True,True,True,True,True,True,True,True,True,True,True,True,True,True,True
terminalblock::terminalblock_0129_NG_AK,terminalblock,test,terminalblock_0129_NG_AK,0129,OK,NG_AK,AK,False,5,5,"C1,C2,C3,C4,C5",,,True,True,True,True,True,True,True,True,True,True,True,True,True,True,True
terminalblock::terminalblock_0129_NG_QS,terminalblock,test,terminalblock_0129_NG_QS,0129,OK,NG_QS,QS,True,5,5,"C1,C2,C3,C4,C5",,,True,True,True,True,True,True,True,True,True,True,True,True,True,True,True
terminalblock::terminalblock_0129_NG_ZW,terminalblock,test,terminalblock_0129_NG_ZW,0129,OK,NG_ZW,OK,False,5,5,"C1,C2,C3,C4,C5",,,True,True,True,True,True,True,True,True,True,True,True,True,True,True,True
terminalblock::terminalblock_0129_OK,terminalblock,train,terminalblock_0129_OK,0129,OK,OK,OK,True,5,5,"C1,C2,C3,C4,C5",,,True,True,True,True,True,True,True,True,True,True,True,True,True,True,True
terminalblock::terminalblock_0130_NG_AK,terminalblock,test,terminalblock_0130_NG_AK,0130,OK,NG_AK,AK,True,5,5,"C1,C2,C3,C4,C5",,,True,True,True,True,True,True,True,True,True,True,True,True,True,True,True
terminalblock::terminalblock_0130_NG_QS,terminalblock,test,terminalblock_0130_NG_QS,0130,OK,NG_QS,QS,True,5,5,"C1,C2,C3,C4,C5",,,True,True,True,True,True,True,True,True,True,True,True,True,True,True,True
terminalblock::terminalblock_0130_NG_ZW,terminalblock,test,terminalblock_0130_NG_ZW,0130,OK,NG_ZW,OK,False,5,5,"C1,C2,C3,C4,C5",,,True,True,True,True,True,True,True,True,True,True,True,True,True,True,True
terminalblock::terminalblock_0130_OK,terminalblock,test,terminalblock_0130_OK,0130,OK,OK,OK,True,5,5,"C1,C2,C3,C4,C5",,,True,True,True,True,True,True,True,True,True,True,True,True,True,True,True
terminalblock::terminalblock_0131_NG_AK,terminalblock,test,terminalblock_0131_NG_AK,0131,OK,NG_AK,AK,False,5,5,"C1,C2,C3,C4,C5",,,True,True,True,True,True,True,True,True,True,True,True,True,True,True,True
terminalblock::terminalblock_0131_NG_QS,terminalblock,test,terminalblock_0131_NG_QS,0131,OK,NG_QS,QS,True,5,5,"C1,C2,C3,C4,C5",,,True,True,True,True,True,True,True,True,True,True,True,True,True,True,True
terminalblock::terminalblock_0131_NG_ZW,terminalblock,test,terminalblock_0131_NG_ZW,0131,OK,NG_ZW,ZW,True,5,5,"C1,C2,C3,C4,C5",,,True,True,True,True,True,True,True,True,True,True,True,True,True,True,True
terminalblock::terminalblock_0131_OK,terminalblock,test,terminalblock_0131_OK,0131,OK,OK,OK,True,5,5,"C1,C2,C3,C4,C5",,,True,True,True,True,True,True,True,True,True,True,True,True,True,True,True
terminalblock::terminalblock_0132_NG_AK,terminalblock,test,terminalblock_0132_NG_AK,0132,OK,NG_AK,AK,True,5,5,"C1,C2,C3,C4,C5",,,True,True,True,True,True,True,True,True,True,True,True,True,True,True,True
terminalblock::terminalblock_0132_NG_QS,terminalblock,test,terminalblock_0132_NG_QS,0132,OK,NG_QS,OK,False,5,5,"C1,C2,C3,C4,C5",,,True,True,True,True,True,True,True,True,True,True,True,True,True,True,True
terminalblock::terminalblock_0132_NG_ZW,terminalblock,test,terminalblock_0132_NG_ZW,0132,OK,NG_ZW,OK,False,5,5,"C1,C2,C3,C4,C5",,,True,True,True,True,True,True,True,True,True,True,True,True,True,True,True
terminalblock::terminalblock_0132_OK,terminalblock,train,terminalblock_0132_OK,0132,OK,OK,OK,True,5,5,"C1,C2,C3,C4,C5",,,True,True,True,True,True,True,True,True,True,True,True,True,True,True,True
terminalblock::terminalblock_0133_NG_AK,terminalblock,test,terminalblock_0133_NG_AK,0133,OK,NG_AK,AK,True,5,5,"C1,C2,C3,C4,C5",,,True,True,True,True,True,True,True,True,True,True,True,True,True,True,True
terminalblock::terminalblock_0133_NG_QS,terminalblock,test,terminalblock_0133_NG_QS,0133,OK,NG_QS,QS,True,5,5,"C1,C2,C3,C4,C5",,,True,True,True,True,True,True,True,True,True,True,True,True,True,True,True
terminalblock::terminalblock_0133_NG_ZW,terminalblock,test,terminalblock_0133_NG_ZW,0133,OK,NG_ZW,OK,False,5,5,"C1,C2,C3,C4,C5",,,True,True,True,True,True,True,True,True,True,True,True,True,True,True,True
terminalblock::terminalblock_0133_OK,terminalblock,train,terminalblock_0133_OK,0133,OK,OK,OK,True,5,5,"C1,C2,C3,C4,C5",,,True,True,True,True,True,True,True,True,True,True,True,True,True,True,True
terminalblock::terminalblock_0134_NG_AK,terminalblock,test,terminalblock_0134_NG_AK,0134,OK,NG_AK,AK,True,5,5,"C1,C2,C3,C4,C5",,,True,True,True,True,True,True,True,True,True,True,True,True,True,True,True
terminalblock::terminalblock_0134_NG_QS,terminalblock,test,terminalblock_0134_NG_QS,0134,OK,NG_QS,QS,True,5,5,"C1,C2,C3,C4,C5",,,True,True,True,True,True,True,True,True,True,True,True,True,True,True,True
terminalblock::terminalblock_0134_NG_ZW,terminalblock,test,terminalblock_0134_NG_ZW,0134,OK,NG_ZW,ZW,True,5,5,"C1,C2,C3,C4,C5",,,True,True,True,True,True,True,True,True,True,True,True,True,True,True,True
terminalblock::terminalblock_0134_OK,terminalblock,test,terminalblock_0134_OK,0134,OK,OK,OK,True,5,5,"C1,C2,C3,C4,C5",,,True,True,True,True,True,True,True,True,True,True,True,True,True,True,True
terminalblock::terminalblock_0135_NG_AK,terminalblock,test,terminalblock_0135_NG_AK,0135,OK,NG_AK,AK,False,5,5,"C1,C2,C3,C4,C5",,,True,True,True,True,True,True,True,True,True,True,True,True,True,True,True
terminalblock::terminalblock_0135_NG_QS,terminalblock,test,terminalblock_0135_NG_QS,0135,OK,NG_QS,QS,True,5,5,"C1,C2,C3,C4,C5",,,True,True,True,True,True,True,True,True,True,True,True,True,True,True,True
terminalblock::terminalblock_0135_NG_ZW,terminalblock,test,terminalblock_0135_NG_ZW,0135,OK,NG_ZW,OK,False,5,5,"C1,C2,C3,C4,C5",,,True,True,True,True,True,True,True,True,True,True,True,True,True,True,True
terminalblock::terminalblock_0135_OK,terminalblock,test,terminalblock_0135_OK,0135,OK,OK,OK,True,5,5,"C1,C2,C3,C4,C5",,,True,True,True,True,True,True,True,True,True,True,True,True,True,True,True
terminalblock::terminalblock_0136_NG_AK,terminalblock,test,terminalblock_0136_NG_AK,0136,OK,NG_AK,AK,True,5,5,"C1,C2,C3,C4,C5",,,True,True,True,True,True,True,True,True,True,True,True,True,True,True,True
terminalblock::terminalblock_0136_NG_QS,terminalblock,test,terminalblock_0136_NG_QS,0136,OK,NG_QS,QS,True,5,5,"C1,C2,C3,C4,C5",,,True,True,True,True,True,True,True,True,True,True,True,True,True,True,True
terminalblock::terminalblock_0136_NG_ZW,terminalblock,test,terminalblock_0136_NG_ZW,0136,OK,NG_ZW,OK,False,5,5,"C1,C2,C3,C4,C5",,,True,True,True,True,True,True,True,True,True,True,True,True,True,True,True
terminalblock::terminalblock_0136_OK,terminalblock,test,terminalblock_0136_OK,0136,OK,OK,OK,True,5,5,"C1,C2,C3,C4,C5",,,True,True,True,True,True,True,True,True,True,True,True,True,True,True,True
terminalblock::terminalblock_0137_NG_AK,terminalblock,test,terminalblock_0137_NG_AK,0137,OK,NG_AK,AK,False,5,5,"C1,C2,C3,C4,C5",,,True,True,True,True,True,True,True,True,True,True,True,True,True,True,True
terminalblock::terminalblock_0137_NG_QS,terminalblock,test,terminalblock_0137_NG_QS,0137,OK,NG_QS,QS,True,5,5,"C1,C2,C3,C4,C5",,,True,True,True,True,True,True,True,True,True,True,True,True,True,True,True
terminalblock::terminalblock_0137_NG_ZW,terminalblock,test,terminalblock_0137_NG_ZW,0137,OK,NG_ZW,OK,False,5,5,"C1,C2,C3,C4,C5",,,True,True,True,True,True,True,True,True,True,True,True,True,True,True,True
terminalblock::terminalblock_0137_OK,terminalblock,test,terminalblock_0137_OK,0137,OK,OK,OK,True,5,5,"C1,C2,C3,C4,C5",,,True,True,True,True,True,True,True,True,True,True,True,True,True,True,True
terminalblock::terminalblock_0138_NG_AK,terminalblock,test,terminalblock_0138_NG_AK,0138,OK,NG_AK,OK,False,5,5,"C1,C2,C3,C4,C5",,,True,True,True,True,True,True,True,True,True,True,True,True,True,True,True
terminalblock::terminalblock_0138_NG_QS,terminalblock,test,terminalblock_0138_NG_QS,0138,OK,NG_QS,QS,True,5,5,"C1,C2,C3,C4,C5",,,True,True,True,True,True,True,True,True,True,True,True,True,True,True,True
terminalblock::terminalblock_0138_NG_ZW,terminalblock,test,terminalblock_0138_NG_ZW,0138,OK,NG_ZW,OK,False,5,5,"C1,C2,C3,C4,C5",,,True,True,True,True,True,True,True,True,True,True,True,True,True,True,True
terminalblock::terminalblock_0138_OK,terminalblock,test,terminalblock_0138_OK,0138,OK,OK,OK,True,5,5,"C1,C2,C3,C4,C5",,,True,True,True,True,True,True,True,True,True,True,True,True,True,True,True
terminalblock::terminalblock_0139_NG_AK,terminalblock,test,terminalblock_0139_NG_AK,0139,OK,NG_AK,AK,True,5,5,"C1,C2,C3,C4,C5",,,True,True,True,True,True,True,True,True,True,True,True,True,True,True,True
terminalblock::terminalblock_0139_NG_QS,terminalblock,test,terminalblock_0139_NG_QS,0139,OK,NG_QS,QS,True,5,5,"C1,C2,C3,C4,C5",,,True,True,True,True,True,True,True,True,True,True,True,True,True,True,True
terminalblock::terminalblock_0139_NG_ZW,terminalblock,test,terminalblock_0139_NG_ZW,0139,OK,NG_ZW,OK,False,5,5,"C1,C2,C3,C4,C5",,,True,True,True,True,True,True,True,True,True,True,True,True,True,True,True
terminalblock::terminalblock_0139_OK,terminalblock,test,terminalblock_0139_OK,0139,OK,OK,OK,True,5,5,"C1,C2,C3,C4,C5",,,True,True,True,True,True,True,True,True,True,True,True,True,True,True,True
terminalblock::terminalblock_0140_NG_AK,terminalblock,test,terminalblock_0140_NG_AK,0140,OK,NG_AK,OK,False,5,5,"C1,C2,C3,C4,C5",,,True,True,True,True,True,True,True,True,True,True,True,True,True,True,True
terminalblock::terminalblock_0140_NG_QS,terminalblock,test,terminalblock_0140_NG_QS,0140,OK,NG_QS,OK,False,5,5,"C1,C2,C3,C4,C5",,,True,True,True,True,True,True,True,True,True,True,True,True,True,True,True
terminalblock::terminalblock_0140_NG_ZW,terminalblock,test,terminalblock_0140_NG_ZW,0140,OK,NG_ZW,ZW,False,5,5,"C1,C2,C3,C4,C5",,,True,True,True,True,True,True,True,True,True,True,True,True,True,True,True
terminalblock::terminalblock_0140_OK,terminalblock,train,terminalblock_0140_OK,0140,OK,OK,OK,True,5,5,"C1,C2,C3,C4,C5",,,True,True,True,True,True,True,True,True,True,True,True,True,True,True,True
terminalblock::terminalblock_0141_NG_AK,terminalblock,test,terminalblock_0141_NG_AK,0141,OK,NG_AK,AK,False,5,5,"C1,C2,C3,C4,C5",,,True,True,True,True,True,True,True,True,True,True,True,True,True,True,True
terminalblock::terminalblock_0141_NG_QS,terminalblock,test,terminalblock_0141_NG_QS,0141,OK,NG_QS,QS,True,5,5,"C1,C2,C3,C4,C5",,,True,True,True,True,True,True,True,True,True,True,True,True,True,True,True
terminalblock::terminalblock_0141_NG_ZW,terminalblock,test,terminalblock_0141_NG_ZW,0141,OK,NG_ZW,ZW,False,5,5,"C1,C2,C3,C4,C5",,,True,True,True,True,True,True,True,True,True,True,True,True,True,True,True
terminalblock::terminalblock_0141_OK,terminalblock,train,terminalblock_0141_OK,0141,OK,OK,OK,True,5,5,"C1,C2,C3,C4,C5",,,True,True,True,True,True,True,True,True,True,True,True,True,True,True,True
terminalblock::terminalblock_0142_NG_AK,terminalblock,test,terminalblock_0142_NG_AK,0142,OK,NG_AK,AK,True,5,5,"C1,C2,C3,C4,C5",,,True,True,True,True,True,True,True,True,True,True,True,True,True,True,True
terminalblock::terminalblock_0142_NG_QS,terminalblock,test,terminalblock_0142_NG_QS,0142,OK,NG_QS,QS,True,5,5,"C1,C2,C3,C4,C5",,,True,True,True,True,True,True,True,True,True,True,True,True,True,True,True
terminalblock::terminalblock_0142_NG_ZW,terminalblock,test,terminalblock_0142_NG_ZW,0142,OK,NG_ZW,OK,False,5,5,"C1,C2,C3,C4,C5",,,True,True,True,True,True,True,True,True,True,True,True,True,True,True,True
terminalblock::terminalblock_0142_OK,terminalblock,test,terminalblock_0142_OK,0142,OK,OK,OK,True,5,5,"C1,C2,C3,C4,C5",,,True,True,True,True,True,True,True,True,True,True,True,True,True,True,True
terminalblock::terminalblock_0143_NG_AK,terminalblock,test,terminalblock_0143_NG_AK,0143,OK,NG_AK,AK,True,5,5,"C1,C2,C3,C4,C5",,,True,True,True,True,True,True,True,True,True,True,True,True,True,True,True
terminalblock::terminalblock_0143_NG_QS,terminalblock,test,terminalblock_0143_NG_QS,0143,OK,NG_QS,QS,True,5,5,"C1,C2,C3,C4,C5",,,True,True,True,True,True,True,True,True,True,True,True,True,True,True,True
terminalblock::terminalblock_0143_NG_ZW,terminalblock,test,terminalblock_0143_NG_ZW,0143,OK,NG_ZW,OK,False,5,5,"C1,C2,C3,C4,C5",,,True,True,True,True,True,True,True,True,True,True,True,True,True,True,True
terminalblock::terminalblock_0143_OK,terminalblock,train,terminalblock_0143_OK,0143,OK,OK,OK,True,5,5,"C1,C2,C3,C4,C5",,,True,True,True,True,True,True,True,True,True,True,True,True,True,True,True
terminalblock::terminalblock_0144_NG_AK,terminalblock,test,terminalblock_0144_NG_AK,0144,OK,NG_AK,AK,True,5,5,"C1,C2,C3,C4,C5",,,True,True,True,True,True,True,True,True,True,True,True,True,True,True,True
terminalblock::terminalblock_0144_NG_QS,terminalblock,test,terminalblock_0144_NG_QS,0144,OK,NG_QS,QS,True,5,5,"C1,C2,C3,C4,C5",,,True,True,True,True,True,True,True,True,True,True,True,True,True,True,True
terminalblock::terminalblock_0144_NG_ZW,terminalblock,test,terminalblock_0144_NG_ZW,0144,OK,NG_ZW,OK,False,5,5,"C1,C2,C3,C4,C5",,,True,True,True,True,True,True,True,True,True,True,True,True,True,True,True
terminalblock::terminalblock_0144_OK,terminalblock,test,terminalblock_0144_OK,0144,OK,OK,OK,True,5,5,"C1,C2,C3,C4,C5",,,True,True,True,True,True,True,True,True,True,True,True,True,True,True,True
terminalblock::terminalblock_0145_NG_AK,terminalblock,test,terminalblock_0145_NG_AK,0145,OK,NG_AK,AK,False,5,5,"C1,C2,C3,C4,C5",,,True,True,True,True,True,True,True,True,True,True,True,True,True,True,True
terminalblock::terminalblock_0145_NG_QS,terminalblock,test,terminalblock_0145_NG_QS,0145,OK,NG_QS,QS,True,5,5,"C1,C2,C3,C4,C5",,,True,True,True,True,True,True,True,True,True,True,True,True,True,True,True
terminalblock::terminalblock_0145_NG_ZW,terminalblock,test,terminalblock_0145_NG_ZW,0145,OK,NG_ZW,ZW,True,5,5,"C1,C2,C3,C4,C5",,,True,True,True,True,True,True,True,True,True,True,True,True,True,True,True
terminalblock::terminalblock_0145_OK,terminalblock,test,terminalblock_0145_OK,0145,OK,OK,OK,True,5,5,"C1,C2,C3,C4,C5",,,True,True,True,True,True,True,True,True,True,True,True,True,True,True,True
terminalblock::terminalblock_0146_NG_AK,terminalblock,test,terminalblock_0146_NG_AK,0146,OK,NG_AK,AK,False,5,5,"C1,C2,C3,C4,C5",,,True,True,True,True,True,True,True,True,True,True,True,True,True,True,True
terminalblock::terminalblock_0146_NG_QS,terminalblock,test,terminalblock_0146_NG_QS,0146,OK,NG_QS,QS,True,5,5,"C1,C2,C3,C4,C5",,,True,True,True,True,True,True,True,True,True,True,True,True,True,True,True
terminalblock::terminalblock_0146_NG_ZW,terminalblock,test,terminalblock_0146_NG_ZW,0146,OK,NG_ZW,ZW,True,5,5,"C1,C2,C3,C4,C5",,,True,True,True,True,True,True,True,True,True,True,True,True,True,True,True
terminalblock::terminalblock_0146_OK,terminalblock,test,terminalblock_0146_OK,0146,OK,OK,OK,True,5,5,"C1,C2,C3,C4,C5",,,True,True,True,True,True,True,True,True,True,True,True,True,True,True,True
terminalblock::terminalblock_0147_NG_AK,terminalblock,test,terminalblock_0147_NG_AK,0147,OK,NG_AK,AK,True,5,5,"C1,C2,C3,C4,C5",,,True,True,True,True,True,True,True,True,True,True,True,True,True,True,True
terminalblock::terminalblock_0147_NG_QS,terminalblock,test,terminalblock_0147_NG_QS,0147,OK,NG_QS,QS,True,5,5,"C1,C2,C3,C4,C5",,,True,True,True,True,True,True,True,True,True,True,True,True,True,True,True
terminalblock::terminalblock_0147_NG_ZW,terminalblock,test,terminalblock_0147_NG_ZW,0147,OK,NG_ZW,ZW,False,5,5,"C1,C2,C3,C4,C5",,,True,True,True,True,True,True,True,True,True,True,True,True,True,True,True
terminalblock::terminalblock_0147_OK,terminalblock,test,terminalblock_0147_OK,0147,OK,OK,OK,True,5,5,"C1,C2,C3,C4,C5",,,True,True,True,True,True,True,True,True,True,True,True,True,True,True,True
terminalblock::terminalblock_0148_NG_AK,terminalblock,test,terminalblock_0148_NG_AK,0148,OK,NG_AK,AK,True,5,5,"C1,C2,C3,C4,C5",,,True,True,True,True,True,True,True,True,True,True,True,True,True,True,True
terminalblock::terminalblock_0148_NG_QS,terminalblock,test,terminalblock_0148_NG_QS,0148,OK,NG_QS,QS,True,5,5,"C1,C2,C3,C4,C5",,,True,True,True,True,True,True,True,True,True,True,True,True,True,True,True
terminalblock::terminalblock_0148_NG_ZW,terminalblock,test,terminalblock_0148_NG_ZW,0148,OK,NG_ZW,ZW,False,5,5,"C1,C2,C3,C4,C5",,,True,True,True,True,True,True,True,True,True,True,True,True,True,True,True
terminalblock::terminalblock_0148_OK,terminalblock,train,terminalblock_0148_OK,0148,OK,OK,OK,True,5,5,"C1,C2,C3,C4,C5",,,True,True,True,True,True,True,True,True,True,True,True,True,True,True,True
terminalblock::terminalblock_0149_NG_AK,terminalblock,test,terminalblock_0149_NG_AK,0149,OK,NG_AK,AK,True,5,5,"C1,C2,C3,C4,C5",,,True,True,True,True,True,True,True,True,True,True,True,True,True,True,True
terminalblock::terminalblock_0149_NG_QS,terminalblock,test,terminalblock_0149_NG_QS,0149,OK,NG_QS,QS,True,5,5,"C1,C2,C3,C4,C5",,,True,True,True,True,True,True,True,True,True,True,True,True,True,True,True
terminalblock::terminalblock_0149_NG_ZW,terminalblock,test,terminalblock_0149_NG_ZW,0149,OK,NG_ZW,ZW,True,5,5,"C1,C2,C3,C4,C5",,,True,True,True,True,True,True,True,True,True,True,True,True,True,True,True
terminalblock::terminalblock_0149_OK,terminalblock,train,terminalblock_0149_OK,0149,OK,OK,OK,True,5,5,"C1,C2,C3,C4,C5",,,True,True,True,True,True,True,True,True,True,True,True,True,True,True,True
terminalblock::terminalblock_0150_NG_AK,terminalblock,test,terminalblock_0150_NG_AK,0150,OK,NG_AK,AK,True,5,5,"C1,C2,C3,C4,C5",,,True,True,True,True,True,True,True,True,True,True,True,True,True,True,True
terminalblock::terminalblock_0150_NG_QS,terminalblock,test,terminalblock_0150_NG_QS,0150,OK,NG_QS,QS,True,5,5,"C1,C2,C3,C4,C5",,,True,True,True,True,True,True,True,True,True,True,True,True,True,True,True
terminalblock::terminalblock_0150_NG_ZW,terminalblock,test,terminalblock_0150_NG_ZW,0150,OK,NG_ZW,ZW,False,5,5,"C1,C2,C3,C4,C5",,,True,True,True,True,True,True,True,True,True,True,True,True,True,True,True
terminalblock::terminalblock_0150_OK,terminalblock,train,terminalblock_0150_OK,0150,OK,OK,OK,True,5,5,"C1,C2,C3,C4,C5",,,True,True,True,True,True,True,True,True,True,True,True,True,True,True,True
terminalblock::terminalblock_0151_NG_AK,terminalblock,test,terminalblock_0151_NG_AK,0151,OK,NG_AK,AK,True,5,5,"C1,C2,C3,C4,C5",,,True,True,True,True,True,True,True,True,True,True,True,True,True,True,True
terminalblock::terminalblock_0151_NG_QS,terminalblock,test,terminalblock_0151_NG_QS,0151,OK,NG_QS,QS,False,5,5,"C1,C2,C3,C4,C5",,,True,True,True,True,True,True,True,True,True,True,True,True,True,True,True
terminalblock::terminalblock_0151_NG_ZW,terminalblock,test,terminalblock_0151_NG_ZW,0151,OK,NG_ZW,OK,False,5,5,"C1,C2,C3,C4,C5",,,True,True,True,True,True,True,True,True,True,True,True,True,True,True,True
terminalblock::terminalblock_0152_NG_AK,terminalblock,test,terminalblock_0152_NG_AK,0152,OK,NG_AK,OK,False,5,5,"C1,C2,C3,C4,C5",,,True,True,True,True,True,True,True,True,True,True,True,True,True,True,True
terminalblock::terminalblock_0152_NG_QS,terminalblock,test,terminalblock_0152_NG_QS,0152,OK,NG_QS,OK,False,5,5,"C1,C2,C3,C4,C5",,,True,True,True,True,True,True,True,True,True,True,True,True,True,True,True
terminalblock::terminalblock_0152_NG_ZW,terminalblock,test,terminalblock_0152_NG_ZW,0152,OK,NG_ZW,ZW,True,5,5,"C1,C2,C3,C4,C5",,,True,True,True,True,True,True,True,True,True,True,True,True,True,True,True
terminalblock::terminalblock_0152_OK,terminalblock,test,terminalblock_0152_OK,0152,OK,OK,OK,True,5,5,"C1,C2,C3,C4,C5",,,True,True,True,True,True,True,True,True,True,True,True,True,True,True,True
terminalblock::terminalblock_0153_NG_AK,terminalblock,test,terminalblock_0153_NG_AK,0153,OK,NG_AK,AK,True,5,5,"C1,C2,C3,C4,C5",,,True,True,True,True,True,True,True,True,True,True,True,True,True,True,True
terminalblock::terminalblock_0153_NG_QS,terminalblock,test,terminalblock_0153_NG_QS,0153,OK,NG_QS,QS,True,5,5,"C1,C2,C3,C4,C5",,,True,True,True,True,True,True,True,True,True,True,True,True,True,True,True
terminalblock::terminalblock_0153_NG_ZW,terminalblock,test,terminalblock_0153_NG_ZW,0153,OK,NG_ZW,OK,False,5,5,"C1,C2,C3,C4,C5",,,True,True,True,True,True,True,True,True,True,True,True,True,True,True,True
terminalblock::terminalblock_0153_OK,terminalblock,test,terminalblock_0153_OK,0153,OK,OK,OK,True,5,5,"C1,C2,C3,C4,C5",,,True,True,True,True,True,True,True,True,True,True,True,True,True,True,True
terminalblock::terminalblock_0154_NG_AK,terminalblock,test,terminalblock_0154_NG_AK,0154,OK,NG_AK,AK,False,5,5,"C1,C2,C3,C4,C5",,,True,True,True,True,True,True,True,True,True,True,True,True,True,True,True
terminalblock::terminalblock_0154_NG_QS,terminalblock,test,terminalblock_0154_NG_QS,0154,OK,NG_QS,QS,True,5,5,"C1,C2,C3,C4,C5",,,True,True,True,True,True,True,True,True,True,True,True,True,True,True,True
terminalblock::terminalblock_0154_NG_ZW,terminalblock,test,terminalblock_0154_NG_ZW,0154,OK,NG_ZW,ZW,False,5,5,"C1,C2,C3,C4,C5",,,True,True,True,True,True,True,True,True,True,True,True,True,True,True,True
terminalblock::terminalblock_0154_OK,terminalblock,test,terminalblock_0154_OK,0154,OK,OK,OK,True,5,5,"C1,C2,C3,C4,C5",,,True,True,True,True,True,True,True,True,True,True,True,True,True,True,True
terminalblock::terminalblock_0155_NG_AK,terminalblock,test,terminalblock_0155_NG_AK,0155,OK,NG_AK,AK,True,5,5,"C1,C2,C3,C4,C5",,,True,True,True,True,True,True,True,True,True,True,True,True,True,True,True
terminalblock::terminalblock_0155_NG_QS,terminalblock,test,terminalblock_0155_NG_QS,0155,OK,NG_QS,OK,False,5,5,"C1,C2,C3,C4,C5",,,True,True,True,True,True,True,True,True,True,True,True,True,True,True,True
terminalblock::terminalblock_0155_NG_ZW,terminalblock,test,terminalblock_0155_NG_ZW,0155,OK,NG_ZW,OK,False,5,5,"C1,C2,C3,C4,C5",,,True,True,True,True,True,True,True,True,True,True,True,True,True,True,True
terminalblock::terminalblock_0156_NG_AK,terminalblock,test,terminalblock_0156_NG_AK,0156,OK,NG_AK,OK,False,5,5,"C1,C2,C3,C4,C5",,,True,True,True,True,True,True,True,True,True,True,True,True,True,True,True
terminalblock::terminalblock_0156_NG_QS,terminalblock,test,terminalblock_0156_NG_QS,0156,OK,NG_QS,OK,False,5,5,"C1,C2,C3,C4,C5",,,True,True,True,True,True,True,True,True,True,True,True,True,True,True,True
terminalblock::terminalblock_0156_NG_ZW,terminalblock,test,terminalblock_0156_NG_ZW,0156,OK,NG_ZW,OK,False,5,5,"C1,C2,C3,C4,C5",,,True,True,True,True,True,True,True,True,True,True,True,True,True,True,True
terminalblock::terminalblock_0156_OK,terminalblock,train,terminalblock_0156_OK,0156,OK,OK,OK,True,5,5,"C1,C2,C3,C4,C5",,,True,True,True,True,True,True,True,True,True,True,True,True,True,True,True
terminalblock::terminalblock_0157_NG_AK,terminalblock,test,terminalblock_0157_NG_AK,0157,OK,NG_AK,AK,True,5,5,"C1,C2,C3,C4,C5",,,True,True,True,True,True,True,True,True,True,True,True,True,True,True,True
terminalblock::terminalblock_0157_NG_QS,terminalblock,test,terminalblock_0157_NG_QS,0157,OK,NG_QS,QS,True,5,5,"C1,C2,C3,C4,C5",,,True,True,True,True,True,True,True,True,True,True,True,True,True,True,True
terminalblock::terminalblock_0157_NG_ZW,terminalblock,test,terminalblock_0157_NG_ZW,0157,OK,NG_ZW,OK,False,5,5,"C1,C2,C3,C4,C5",,,True,True,True,True,True,True,True,True,True,True,True,True,True,True,True
terminalblock::terminalblock_0157_OK,terminalblock,test,terminalblock_0157_OK,0157,OK,OK,OK,True,5,5,"C1,C2,C3,C4,C5",,,True,True,True,True,True,True,True,True,True,True,True,True,True,True,True
terminalblock::terminalblock_0158_NG_AK,terminalblock,test,terminalblock_0158_NG_AK,0158,OK,NG_AK,AK,False,5,5,"C1,C2,C3,C4,C5",,,True,True,True,True,True,True,True,True,True,True,True,True,True,True,True
terminalblock::terminalblock_0158_NG_QS,terminalblock,test,terminalblock_0158_NG_QS,0158,OK,NG_QS,QS,True,5,5,"C1,C2,C3,C4,C5",,,True,True,True,True,True,True,True,True,True,True,True,True,True,True,True
terminalblock::terminalblock_0158_NG_ZW,terminalblock,test,terminalblock_0158_NG_ZW,0158,OK,NG_ZW,ZW,True,5,5,"C1,C2,C3,C4,C5",,,True,True,True,True,True,True,True,True,True,True,True,True,True,True,True
terminalblock::terminalblock_0158_OK,terminalblock,test,terminalblock_0158_OK,0158,OK,OK,OK,True,5,5,"C1,C2,C3,C4,C5",,,True,True,True,True,True,True,True,True,True,True,True,True,True,True,True
terminalblock::terminalblock_0159_NG_AK,terminalblock,test,terminalblock_0159_NG_AK,0159,OK,NG_AK,OK,False,5,5,"C1,C2,C3,C4,C5",,,True,True,True,True,True,True,True,True,True,True,True,True,True,True,True
terminalblock::terminalblock_0159_NG_QS,terminalblock,test,terminalblock_0159_NG_QS,0159,OK,NG_QS,QS,True,5,5,"C1,C2,C3,C4,C5",,,True,True,True,True,True,True,True,True,True,True,True,True,True,True,True
terminalblock::terminalblock_0159_NG_ZW,terminalblock,test,terminalblock_0159_NG_ZW,0159,OK,NG_ZW,OK,False,5,5,"C1,C2,C3,C4,C5",,,True,True,True,True,True,True,True,True,True,True,True,True,True,True,True
terminalblock::terminalblock_0159_OK,terminalblock,test,terminalblock_0159_OK,0159,OK,OK,OK,True,5,5,"C1,C2,C3,C4,C5",,,True,True,True,True,True,True,True,True,True,True,True,True,True,True,True
terminalblock::terminalblock_0160_NG_AK,terminalblock,test,terminalblock_0160_NG_AK,0160,OK,NG_AK,AK,False,5,5,"C1,C2,C3,C4,C5",,,True,True,True,True,True,True,True,True,True,True,True,True,True,True,True
terminalblock::terminalblock_0160_NG_QS,terminalblock,test,terminalblock_0160_NG_QS,0160,OK,NG_QS,QS,True,5,5,"C1,C2,C3,C4,C5",,,True,True,True,True,True,True,True,True,True,True,True,True,True,True,True
terminalblock::terminalblock_0160_NG_ZW,terminalblock,test,terminalblock_0160_NG_ZW,0160,OK,NG_ZW,ZW,True,5,5,"C1,C2,C3,C4,C5",,,True,True,True,True,True,True,True,True,True,True,True,True,True,True,True
terminalblock::terminalblock_0160_OK,terminalblock,test,terminalblock_0160_OK,0160,OK,OK,OK,True,5,5,"C1,C2,C3,C4,C5",,,True,True,True,True,True,True,True,True,True,True,True,True,True,True,True
terminalblock::terminalblock_0161_NG_AK,terminalblock,test,terminalblock_0161_NG_AK,0161,OK,NG_AK,AK,False,5,5,"C1,C2,C3,C4,C5",,,True,True,True,True,True,True,True,True,True,True,True,True,True,True,True
terminalblock::terminalblock_0161_NG_QS,terminalblock,test,terminalblock_0161_NG_QS,0161,OK,NG_QS,QS,True,5,5,"C1,C2,C3,C4,C5",,,True,True,True,True,True,True,True,True,True,True,True,True,True,True,True
terminalblock::terminalblock_0161_NG_ZW,terminalblock,test,terminalblock_0161_NG_ZW,0161,OK,NG_ZW,ZW,True,5,5,"C1,C2,C3,C4,C5",,,True,True,True,True,True,True,True,True,True,True,True,True,True,True,True
terminalblock::terminalblock_0161_OK,terminalblock,train,terminalblock_0161_OK,0161,OK,OK,OK,True,5,5,"C1,C2,C3,C4,C5",,,True,True,True,True,True,True,True,True,True,True,True,True,True,True,True
terminalblock::terminalblock_0162_NG_AK,terminalblock,test,terminalblock_0162_NG_AK,0162,OK,NG_AK,AK,True,5,5,"C1,C2,C3,C4,C5",,,True,True,True,True,True,True,True,True,True,True,True,True,True,True,True
terminalblock::terminalblock_0162_NG_QS,terminalblock,test,terminalblock_0162_NG_QS,0162,OK,NG_QS,QS,True,5,5,"C1,C2,C3,C4,C5",,,True,True,True,True,True,True,True,True,True,True,True,True,True,True,True
terminalblock::terminalblock_0162_NG_ZW,terminalblock,test,terminalblock_0162_NG_ZW,0162,OK,NG_ZW,ZW,True,5,5,"C1,C2,C3,C4,C5",,,True,True,True,True,True,True,True,True,True,True,True,True,True,True,True
terminalblock::terminalblock_0162_OK,terminalblock,train,terminalblock_0162_OK,0162,OK,OK,OK,True,5,5,"C1,C2,C3,C4,C5",,,True,True,True,True,True,True,True,True,True,True,True,True,True,True,True
terminalblock::terminalblock_0163_NG_AK,terminalblock,test,terminalblock_0163_NG_AK,0163,OK,NG_AK,AK,False,5,5,"C1,C2,C3,C4,C5",,,True,True,True,True,True,True,True,True,True,True,True,True,True,True,True
terminalblock::terminalblock_0163_NG_QS,terminalblock,test,terminalblock_0163_NG_QS,0163,OK,NG_QS,QS,True,5,5,"C1,C2,C3,C4,C5",,,True,True,True,True,True,True,True,True,True,True,True,True,True,True,True
terminalblock::terminalblock_0163_NG_ZW,terminalblock,test,terminalblock_0163_NG_ZW,0163,OK,NG_ZW,ZW,True,5,5,"C1,C2,C3,C4,C5",,,True,True,True,True,True,True,True,True,True,True,True,True,True,True,True
terminalblock::terminalblock_0163_OK,terminalblock,test,terminalblock_0163_OK,0163,OK,OK,OK,True,5,5,"C1,C2,C3,C4,C5",,,True,True,True,True,True,True,True,True,True,True,True,True,True,True,True
terminalblock::terminalblock_0164_NG_AK,terminalblock,test,terminalblock_0164_NG_AK,0164,OK,NG_AK,AK,True,5,5,"C1,C2,C3,C4,C5",,,True,True,True,True,True,True,True,True,True,True,True,True,True,True,True
terminalblock::terminalblock_0164_NG_QS,terminalblock,test,terminalblock_0164_NG_QS,0164,OK,NG_QS,QS,True,5,5,"C1,C2,C3,C4,C5",,,True,True,True,True,True,True,True,True,True,True,True,True,True,True,True
terminalblock::terminalblock_0164_NG_ZW,terminalblock,test,terminalblock_0164_NG_ZW,0164,OK,NG_ZW,ZW,False,5,5,"C1,C2,C3,C4,C5",,,True,True,True,True,True,True,True,True,True,True,True,True,True,True,True
terminalblock::terminalblock_0164_OK,terminalblock,train,terminalblock_0164_OK,0164,OK,OK,OK,True,5,5,"C1,C2,C3,C4,C5",,,True,True,True,True,True,True,True,True,True,True,True,True,True,True,True
terminalblock::terminalblock_0165_NG_AK,terminalblock,test,terminalblock_0165_NG_AK,0165,OK,NG_AK,OK,False,5,5,"C1,C2,C3,C4,C5",,,True,True,True,True,True,True,True,True,True,True,True,True,True,True,True
terminalblock::terminalblock_0165_NG_QS,terminalblock,test,terminalblock_0165_NG_QS,0165,OK,NG_QS,QS,True,5,5,"C1,C2,C3,C4,C5",,,True,True,True,True,True,True,True,True,True,True,True,True,True,True,True
terminalblock::terminalblock_0165_NG_ZW,terminalblock,test,terminalblock_0165_NG_ZW,0165,OK,NG_ZW,OK,False,5,5,"C1,C2,C3,C4,C5",,,True,True,True,True,True,True,True,True,True,True,True,True,True,True,True
terminalblock::terminalblock_0165_OK,terminalblock,test,terminalblock_0165_OK,0165,OK,OK,OK,True,5,5,"C1,C2,C3,C4,C5",,,True,True,True,True,True,True,True,True,True,True,True,True,True,True,True
terminalblock::terminalblock_0166_NG_AK,terminalblock,test,terminalblock_0166_NG_AK,0166,OK,NG_AK,OK,False,5,5,"C1,C2,C3,C4,C5",,,True,True,True,True,True,True,True,True,True,True,True,True,True,True,True
terminalblock::terminalblock_0166_NG_QS,terminalblock,test,terminalblock_0166_NG_QS,0166,OK,NG_QS,QS,True,5,5,"C1,C2,C3,C4,C5",,,True,True,True,True,True,True,True,True,True,True,True,True,True,True,True
terminalblock::terminalblock_0166_NG_ZW,terminalblock,test,terminalblock_0166_NG_ZW,0166,OK,NG_ZW,ZW,True,5,5,"C1,C2,C3,C4,C5",,,True,True,True,True,True,True,True,True,True,True,True,True,True,True,True
terminalblock::terminalblock_0166_OK,terminalblock,train,terminalblock_0166_OK,0166,OK,OK,OK,True,5,5,"C1,C2,C3,C4,C5",,,True,True,True,True,True,True,True,True,True,True,True,True,True,True,True
terminalblock::terminalblock_0167_NG_AK,terminalblock,test,terminalblock_0167_NG_AK,0167,OK,NG_AK,AK,True,5,5,"C1,C2,C3,C4,C5",,,True,True,True,True,True,True,True,True,True,True,True,True,True,True,True
terminalblock::terminalblock_0167_NG_QS,terminalblock,test,terminalblock_0167_NG_QS,0167,OK,NG_QS,QS,True,5,5,"C1,C2,C3,C4,C5",,,True,True,True,True,True,True,True,True,True,True,True,True,True,True,True
terminalblock::terminalblock_0167_NG_ZW,terminalblock,test,terminalblock_0167_NG_ZW,0167,OK,NG_ZW,OK,False,5,5,"C1,C2,C3,C4,C5",,,True,True,True,True,True,True,True,True,True,True,True,True,True,True,True
terminalblock::terminalblock_0168_NG_AK,terminalblock,test,terminalblock_0168_NG_AK,0168,OK,NG_AK,AK,False,5,5,"C1,C2,C3,C4,C5",,,True,True,True,True,True,True,True,True,True,True,True,True,True,True,True
terminalblock::terminalblock_0168_NG_QS,terminalblock,test,terminalblock_0168_NG_QS,0168,OK,NG_QS,QS,True,5,5,"C1,C2,C3,C4,C5",,,True,True,True,True,True,True,True,True,True,True,True,True,True,True,True
terminalblock::terminalblock_0168_NG_ZW,terminalblock,test,terminalblock_0168_NG_ZW,0168,OK,NG_ZW,ZW,False,5,5,"C1,C2,C3,C4,C5",,,True,True,True,True,True,True,True,True,True,True,True,True,True,True,True
terminalblock::terminalblock_0168_OK,terminalblock,train,terminalblock_0168_OK,0168,OK,OK,OK,True,5,5,"C1,C2,C3,C4,C5",,,True,True,True,True,True,True,True,True,True,True,True,True,True,True,True
terminalblock::terminalblock_0169_NG_AK,terminalblock,test,terminalblock_0169_NG_AK,0169,OK,NG_AK,AK,True,5,5,"C1,C2,C3,C4,C5",,,True,True,True,True,True,True,True,True,True,True,True,True,True,True,True
terminalblock::terminalblock_0169_NG_QS,terminalblock,test,terminalblock_0169_NG_QS,0169,OK,NG_QS,QS,True,5,5,"C1,C2,C3,C4,C5",,,True,True,True,True,True,True,True,True,True,True,True,True,True,True,True
terminalblock::terminalblock_0169_NG_ZW,terminalblock,test,terminalblock_0169_NG_ZW,0169,OK,NG_ZW,ZW,False,5,5,"C1,C2,C3,C4,C5",,,True,True,True,True,True,True,True,True,True,True,True,True,True,True,True
terminalblock::terminalblock_0170_NG_AK,terminalblock,test,terminalblock_0170_NG_AK,0170,OK,NG_AK,AK,True,5,5,"C1,C2,C3,C4,C5",,,True,True,True,True,True,True,True,True,True,True,True,True,True,True,True
terminalblock::terminalblock_0170_NG_QS,terminalblock,test,terminalblock_0170_NG_QS,0170,OK,NG_QS,OK,False,5,5,"C1,C2,C3,C4,C5",,,True,True,True,True,True,True,True,True,True,True,True,True,True,True,True
terminalblock::terminalblock_0170_NG_ZW,terminalblock,test,terminalblock_0170_NG_ZW,0170,OK,NG_ZW,ZW,True,5,5,"C1,C2,C3,C4,C5",,,True,True,True,True,True,True,True,True,True,True,True,True,True,True,True
terminalblock::terminalblock_0170_OK,terminalblock,test,terminalblock_0170_OK,0170,OK,OK,OK,True,5,5,"C1,C2,C3,C4,C5",,,True,True,True,True,True,True,True,True,True,True,True,True,True,True,True
terminalblock::terminalblock_0171_OK,terminalblock,test,terminalblock_0171_OK,0171,OK,OK,OK,True,5,5,"C1,C2,C3,C4,C5",,,True,True,True,True,True,True,True,True,True,True,True,True,True,True,True
terminalblock::terminalblock_0172_OK,terminalblock,train,terminalblock_0172_OK,0172,OK,OK,OK,True,5,5,"C1,C2,C3,C4,C5",,,True,True,True,True,True,True,True,True,True,True,True,True,True,True,True
terminalblock::terminalblock_0173_OK,terminalblock,test,terminalblock_0173_OK,0173,OK,OK,OK,True,5,5,"C1,C2,C3,C4,C5",,,True,True,True,True,True,True,True,True,True,True,True,True,True,True,True
terminalblock::terminalblock_0175_OK,terminalblock,train,terminalblock_0175_OK,0175,OK,OK,OK,True,5,5,"C1,C2,C3,C4,C5",,,True,True,True,True,True,True,True,True,True,True,True,True,True,True,True
terminalblock::terminalblock_0176_OK,terminalblock,train,terminalblock_0176_OK,0176,OK,OK,OK,True,5,5,"C1,C2,C3,C4,C5",,,True,True,True,True,True,True,True,True,True,True,True,True,True,True,True
terminalblock::terminalblock_0177_OK,terminalblock,train,terminalblock_0177_OK,0177,OK,OK,OK,True,5,5,"C1,C2,C3,C4,C5",,,True,True,True,True,True,True,True,True,True,True,True,True,True,True,True
terminalblock::terminalblock_0178_OK,terminalblock,train,terminalblock_0178_OK,0178,OK,OK,OK,True,5,5,"C1,C2,C3,C4,C5",,,True,True,True,True,True,True,True,True,True,True,True,True,True,True,True
terminalblock::terminalblock_0180_OK,terminalblock,train,terminalblock_0180_OK,0180,OK,OK,OK,True,5,5,"C1,C2,C3,C4,C5",,,True,True,True,True,True,True,True,True,True,True,True,True,True,True,True
terminalblock::terminalblock_0181_OK,terminalblock,train,terminalblock_0181_OK,0181,OK,OK,OK,True,5,5,"C1,C2,C3,C4,C5",,,True,True,True,True,True,True,True,True,True,True,True,True,True,True,True
terminalblock::terminalblock_0182_OK,terminalblock,test,terminalblock_0182_OK,0182,OK,OK,OK,True,5,5,"C1,C2,C3,C4,C5",,,True,True,True,True,True,True,True,True,True,True,True,True,True,True,True
terminalblock::terminalblock_0183_OK,terminalblock,train,terminalblock_0183_OK,0183,OK,OK,OK,True,5,5,"C1,C2,C3,C4,C5",,,True,True,True,True,True,True,True,True,True,True,True,True,True,True,True
terminalblock::terminalblock_0184_OK,terminalblock,train,terminalblock_0184_OK,0184,OK,OK,OK,True,5,5,"C1,C2,C3,C4,C5",,,True,True,True,True,True,True,True,True,True,True,True,True,True,True,True
terminalblock::terminalblock_0185_OK,terminalblock,train,terminalblock_0185_OK,0185,OK,OK,OK,True,5,5,"C1,C2,C3,C4,C5",,,True,True,True,True,True,True,True,True,True,True,True,True,True,True,True
terminalblock::terminalblock_0186_OK,terminalblock,test,terminalblock_0186_OK,0186,OK,OK,OK,True,5,5,"C1,C2,C3,C4,C5",,,True,True,True,True,True,True,True,True,True,True,True,True,True,True,True
terminalblock::terminalblock_0187_OK,terminalblock,train,terminalblock_0187_OK,0187,OK,OK,OK,True,5,5,"C1,C2,C3,C4,C5",,,True,True,True,True,True,True,True,True,True,True,True,True,True,True,True
terminalblock::terminalblock_0188_OK,terminalblock,train,terminalblock_0188_OK,0188,OK,OK,OK,True,5,5,"C1,C2,C3,C4,C5",,,True,True,True,True,True,True,True,True,True,True,True,True,True,True,True
terminalblock::terminalblock_0189_OK,terminalblock,test,terminalblock_0189_OK,0189,OK,OK,OK,True,5,5,"C1,C2,C3,C4,C5",,,True,True,True,True,True,True,True,True,True,True,True,True,True,True,True
terminalblock::terminalblock_0190_OK,terminalblock,train,terminalblock_0190_OK,0190,OK,OK,OK,True,5,5,"C1,C2,C3,C4,C5",,,True,True,True,True,True,True,True,True,True,True,True,True,True,True,True
terminalblock::terminalblock_0191_OK,terminalblock,test,terminalblock_0191_OK,0191,OK,OK,OK,True,5,5,"C1,C2,C3,C4,C5",,,True,True,True,True,True,True,True,True,True,True,True,True,True,True,True
terminalblock::terminalblock_0193_OK,terminalblock,test,terminalblock_0193_OK,0193,OK,OK,OK,True,5,5,"C1,C2,C3,C4,C5",,,True,True,True,True,True,True,True,True,True,True,True,True,True,True,True
terminalblock::terminalblock_0194_OK,terminalblock,train,terminalblock_0194_OK,0194,OK,OK,OK,True,5,5,"C1,C2,C3,C4,C5",,,True,True,True,True,True,True,True,True,True,True,True,True,True,True,True
terminalblock::terminalblock_0195_OK,terminalblock,train,terminalblock_0195_OK,0195,OK,OK,OK,True,5,5,"C1,C2,C3,C4,C5",,,True,True,True,True,True,True,True,True,True,True,True,True,True,True,True
terminalblock::terminalblock_0196_OK,terminalblock,test,terminalblock_0196_OK,0196,OK,OK,OK,True,5,5,"C1,C2,C3,C4,C5",,,True,True,True,True,True,True,True,True,True,True,True,True,True,True,True
terminalblock::terminalblock_0197_OK,terminalblock,train,terminalblock_0197_OK,0197,OK,OK,OK,True,5,5,"C1,C2,C3,C4,C5",,,True,True,True,True,True,True,True,True,True,True,True,True,True,True,True
terminalblock::terminalblock_0198_OK,terminalblock,test,terminalblock_0198_OK,0198,OK,OK,OK,True,5,5,"C1,C2,C3,C4,C5",,,True,True,True,True,True,True,True,True,True,True,True,True,True,True,True
terminalblock::terminalblock_0199_OK,terminalblock,test,terminalblock_0199_OK,0199,OK,OK,OK,True,5,5,"C1,C2,C3,C4,C5",,,True,True,True,True,True,True,True,True,True,True,True,True,True,True,True
terminalblock::terminalblock_0200_OK,terminalblock,test,terminalblock_0200_OK,0200,OK,OK,OK,True,5,5,"C1,C2,C3,C4,C5",,,True,True,True,True,True,True,True,True,True,True,True,True,True,True,True
terminalblock::terminalblock_0201_OK,terminalblock,train,terminalblock_0201_OK,0201,OK,OK,OK,True,5,5,"C1,C2,C3,C4,C5",,,True,True,True,True,True,True,True,True,True,True,True,True,True,True,True
terminalblock::terminalblock_0202_OK,terminalblock,train,terminalblock_0202_OK,0202,OK,OK,OK,True,5,5,"C1,C2,C3,C4,C5",,,True,True,True,True,True,True,True,True,True,True,True,True,True,True,True
terminalblock::terminalblock_0203_OK,terminalblock,train,terminalblock_0203_OK,0203,OK,OK,OK,True,5,5,"C1,C2,C3,C4,C5",,,True,True,True,True,True,True,True,True,True,True,True,True,True,True,True
terminalblock::terminalblock_0204_OK,terminalblock,train,terminalblock_0204_OK,0204,OK,OK,OK,True,5,5,"C1,C2,C3,C4,C5",,,True,True,True,True,True,True,True,True,True,True,True,True,True,True,True
terminalblock::terminalblock_0205_OK,terminalblock,train,terminalblock_0205_OK,0205,OK,OK,OK,True,5,5,"C1,C2,C3,C4,C5",,,True,True,True,True,True,True,True,True,True,True,True,True,True,True,True
terminalblock::terminalblock_0206_OK,terminalblock,train,terminalblock_0206_OK,0206,OK,OK,OK,True,5,5,"C1,C2,C3,C4,C5",,,True,True,True,True,True,True,True,True,True,True,True,True,True,True,True
terminalblock::terminalblock_0208_OK,terminalblock,train,terminalblock_0208_OK,0208,OK,OK,OK,True,5,5,"C1,C2,C3,C4,C5",,,True,True,True,True,True,True,True,True,True,True,True,True,True,True,True
terminalblock::terminalblock_0209_OK,terminalblock,test,terminalblock_0209_OK,0209,OK,OK,OK,True,5,5,"C1,C2,C3,C4,C5",,,True,True,True,True,True,True,True,True,True,True,True,True,True,True,True
terminalblock::terminalblock_0210_OK,terminalblock,test,terminalblock_0210_OK,0210,OK,OK,OK,True,5,5,"C1,C2,C3,C4,C5",,,True,True,True,True,True,True,True,True,True,True,True,True,True,True,True
terminalblock::terminalblock_0211_OK,terminalblock,train,terminalblock_0211_OK,0211,OK,OK,OK,True,5,5,"C1,C2,C3,C4,C5",,,True,True,True,True,True,True,True,True,True,True,True,True,True,True,True
terminalblock::terminalblock_0212_OK,terminalblock,test,terminalblock_0212_OK,0212,OK,OK,OK,True,5,5,"C1,C2,C3,C4,C5",,,True,True,True,True,True,True,True,True,True,True,True,True,True,True,True
terminalblock::terminalblock_0213_OK,terminalblock,train,terminalblock_0213_OK,0213,OK,OK,OK,True,5,5,"C1,C2,C3,C4,C5",,,True,True,True,True,True,True,True,True,True,True,True,True,True,True,True
terminalblock::terminalblock_0214_OK,terminalblock,train,terminalblock_0214_OK,0214,OK,OK,OK,True,5,5,"C1,C2,C3,C4,C5",,,True,True,True,True,True,True,True,True,True,True,True,True,True,True,True
terminalblock::terminalblock_0215_OK,terminalblock,train,terminalblock_0215_OK,0215,OK,OK,OK,True,5,5,"C1,C2,C3,C4,C5",,,True,True,True,True,True,True,True,True,True,True,True,True,True,True,True
terminalblock::terminalblock_0216_OK,terminalblock,test,terminalblock_0216_OK,0216,OK,OK,OK,True,5,5,"C1,C2,C3,C4,C5",,,True,True,True,True,True,True,True,True,True,True,True,True,True,True,True
terminalblock::terminalblock_0217_OK,terminalblock,test,terminalblock_0217_OK,0217,OK,OK,OK,True,5,5,"C1,C2,C3,C4,C5",,,True,True,True,True,True,True,True,True,True,True,True,True,True,True,True
terminalblock::terminalblock_0218_OK,terminalblock,train,terminalblock_0218_OK,0218,OK,OK,OK,True,5,5,"C1,C2,C3,C4,C5",,,True,True,True,True,True,True,True,True,True,True,True,True,True,True,True
terminalblock::terminalblock_0219_OK,terminalblock,test,terminalblock_0219_OK,0219,OK,OK,OK,True,5,5,"C1,C2,C3,C4,C5",,,True,True,True,True,True,True,True,True,True,True,True,True,True,True,True
terminalblock::terminalblock_0220_OK,terminalblock,test,terminalblock_0220_OK,0220,OK,OK,OK,True,5,5,"C1,C2,C3,C4,C5",,,True,True,True,True,True,True,True,True,True,True,True,True,True,True,True
terminalblock::terminalblock_0221_OK,terminalblock,test,terminalblock_0221_OK,0221,OK,OK,OK,True,5,5,"C1,C2,C3,C4,C5",,,True,True,True,True,True,True,True,True,True,True,True,True,True,True,True
terminalblock::terminalblock_0222_OK,terminalblock,test,terminalblock_0222_OK,0222,OK,OK,OK,True,5,5,"C1,C2,C3,C4,C5",,,True,True,True,True,True,True,True,True,True,True,True,True,True,True,True
terminalblock::terminalblock_0223_OK,terminalblock,test,terminalblock_0223_OK,0223,OK,OK,OK,True,5,5,"C1,C2,C3,C4,C5",,,True,True,True,True,True,True,True,True,True,True,True,True,True,True,True
terminalblock::terminalblock_0224_OK,terminalblock,test,terminalblock_0224_OK,0224,OK,OK,OK,True,5,5,"C1,C2,C3,C4,C5",,,True,True,True,True,True,True,True,True,True,True,True,True,True,True,True
terminalblock::terminalblock_0225_OK,terminalblock,train,terminalblock_0225_OK,0225,OK,OK,OK,True,5,5,"C1,C2,C3,C4,C5",,,True,True,True,True,True,True,True,True,True,True,True,True,True,True,True
terminalblock::terminalblock_0226_OK,terminalblock,test,terminalblock_0226_OK,0226,OK,OK,OK,True,5,5,"C1,C2,C3,C4,C5",,,True,True,True,True,True,True,True,True,True,True,True,True,True,True,True
terminalblock::terminalblock_0227_OK,terminalblock,test,terminalblock_0227_OK,0227,OK,OK,OK,True,5,5,"C1,C2,C3,C4,C5",,,True,True,True,True,True,True,True,True,True,True,True,True,True,True,True
terminalblock::terminalblock_0228_OK,terminalblock,train,terminalblock_0228_OK,0228,OK,OK,OK,True,5,5,"C1,C2,C3,C4,C5",,,True,True,True,True,True,True,True,True,True,True,True,True,True,True,True
terminalblock::terminalblock_0229_OK,terminalblock,test,terminalblock_0229_OK,0229,OK,OK,OK,True,5,5,"C1,C2,C3,C4,C5",,,True,True,True,True,True,True,True,True,True,True,True,True,True,True,True
terminalblock::terminalblock_0230_OK,terminalblock,train,terminalblock_0230_OK,0230,OK,OK,OK,True,5,5,"C1,C2,C3,C4,C5",,,True,True,True,True,True,True,True,True,True,True,True,True,True,True,True
terminalblock::terminalblock_0231_OK,terminalblock,train,terminalblock_0231_OK,0231,OK,OK,OK,True,5,5,"C1,C2,C3,C4,C5",,,True,True,True,True,True,True,True,True,True,True,True,True,True,True,True
terminalblock::terminalblock_0232_OK,terminalblock,train,terminalblock_0232_OK,0232,OK,OK,OK,True,5,5,"C1,C2,C3,C4,C5",,,True,True,True,True,True,True,True,True,True,True,True,True,True,True,True
terminalblock::terminalblock_0233_OK,terminalblock,test,terminalblock_0233_OK,0233,OK,OK,OK,True,5,5,"C1,C2,C3,C4,C5",,,True,True,True,True,True,True,True,True,True,True,True,True,True,True,True
terminalblock::terminalblock_0234_OK,terminalblock,test,terminalblock_0234_OK,0234,OK,OK,OK,True,5,5,"C1,C2,C3,C4,C5",,,True,True,True,True,True,True,True,True,True,True,True,True,True,True,True
terminalblock::terminalblock_0235_OK,terminalblock,train,terminalblock_0235_OK,0235,OK,OK,OK,True,5,5,"C1,C2,C3,C4,C5",,,True,True,True,True,True,True,True,True,True,True,True,True,True,True,True
terminalblock::terminalblock_0236_OK,terminalblock,test,terminalblock_0236_OK,0236,OK,OK,OK,True,5,5,"C1,C2,C3,C4,C5",,,True,True,True,True,True,True,True,True,True,True,True,True,True,True,True
terminalblock::terminalblock_0237_OK,terminalblock,test,terminalblock_0237_OK,0237,OK,OK,OK,True,5,5,"C1,C2,C3,C4,C5",,,True,True,True,True,True,True,True,True,True,True,True,True,True,True,True
terminalblock::terminalblock_0238_OK,terminalblock,train,terminalblock_0238_OK,0238,OK,OK,OK,True,5,5,"C1,C2,C3,C4,C5",,,True,True,True,True,True,True,True,True,True,True,True,True,True,True,True
terminalblock::terminalblock_0239_OK,terminalblock,test,terminalblock_0239_OK,0239,OK,OK,OK,True,5,5,"C1,C2,C3,C4,C5",,,True,True,True,True,True,True,True,True,True,True,True,True,True,True,True
terminalblock::terminalblock_0240_OK,terminalblock,test,terminalblock_0240_OK,0240,OK,OK,OK,True,5,5,"C1,C2,C3,C4,C5",,,True,True,True,True,True,True,True,True,True,True,True,True,True,True,True
terminalblock::terminalblock_0241_OK,terminalblock,train,terminalblock_0241_OK,0241,OK,OK,OK,True,5,5,"C1,C2,C3,C4,C5",,,True,True,True,True,True,True,True,True,True,True,True,True,True,True,True
terminalblock::terminalblock_0242_OK,terminalblock,train,terminalblock_0242_OK,0242,OK,OK,OK,True,5,5,"C1,C2,C3,C4,C5",,,True,True,True,True,True,True,True,True,True,True,True,True,True,True,True
terminalblock::terminalblock_0243_OK,terminalblock,test,terminalblock_0243_OK,0243,OK,OK,OK,True,5,5,"C1,C2,C3,C4,C5",,,True,True,True,True,True,True,True,True,True,True,True,True,True,True,True
terminalblock::terminalblock_0244_OK,terminalblock,test,terminalblock_0244_OK,0244,OK,OK,OK,True,5,5,"C1,C2,C3,C4,C5",,,True,True,True,True,True,True,True,True,True,True,True,True,True,True,True
terminalblock::terminalblock_0245_OK,terminalblock,train,terminalblock_0245_OK,0245,OK,OK,OK,True,5,5,"C1,C2,C3,C4,C5",,,True,True,True,True,True,True,True,True,True,True,True,True,True,True,True
terminalblock::terminalblock_0246_OK,terminalblock,test,terminalblock_0246_OK,0246,OK,OK,OK,True,5,5,"C1,C2,C3,C4,C5",,,True,True,True,True,True,True,True,True,True,True,True,True,True,True,True
terminalblock::terminalblock_0247_OK,terminalblock,test,terminalblock_0247_OK,0247,OK,OK,OK,True,5,5,"C1,C2,C3,C4,C5",,,True,True,True,True,True,True,True,True,True,True,True,True,True,True,True
terminalblock::terminalblock_0248_OK,terminalblock,train,terminalblock_0248_OK,0248,OK,OK,OK,True,5,5,"C1,C2,C3,C4,C5",,,True,True,True,True,True,True,True,True,True,True,True,True,True,True,True
terminalblock::terminalblock_0249_OK,terminalblock,test,terminalblock_0249_OK,0249,OK,OK,OK,True,5,5,"C1,C2,C3,C4,C5",,,True,True,True,True,True,True,True,True,True,True,True,True,True,True,True
terminalblock::terminalblock_0250_OK,terminalblock,test,terminalblock_0250_OK,0250,OK,OK,OK,True,5,5,"C1,C2,C3,C4,C5",,,True,True,True,True,True,True,True,True,True,True,True,True,True,True,True
terminalblock::terminalblock_0251_OK,terminalblock,test,terminalblock_0251_OK,0251,OK,OK,OK,True,5,5,"C1,C2,C3,C4,C5",,,True,True,True,True,True,True,True,True,True,True,True,True,True,True,True
terminalblock::terminalblock_0252_OK,terminalblock,test,terminalblock_0252_OK,0252,OK,OK,OK,True,5,5,"C1,C2,C3,C4,C5",,,True,True,True,True,True,True,True,True,True,True,True,True,True,True,True
terminalblock::terminalblock_0253_OK,terminalblock,test,terminalblock_0253_OK,0253,OK,OK,OK,True,5,5,"C1,C2,C3,C4,C5",,,True,True,True,True,True,True,True,True,True,True,True,True,True,True,True
terminalblock::terminalblock_0254_OK,terminalblock,test,terminalblock_0254_OK,0254,OK,OK,OK,True,5,5,"C1,C2,C3,C4,C5",,,True,True,True,True,True,True,True,True,True,True,True,True,True,True,True
terminalblock::terminalblock_0255_OK,terminalblock,test,terminalblock_0255_OK,0255,OK,OK,OK,True,5,5,"C1,C2,C3,C4,C5",,,True,True,True,True,True,True,True,True,True,True,True,True,True,True,True
terminalblock::terminalblock_0256_OK,terminalblock,train,terminalblock_0256_OK,0256,OK,OK,OK,True,5,5,"C1,C2,C3,C4,C5",,,True,True,True,True,True,True,True,True,True,True,True,True,True,True,True
terminalblock::terminalblock_0257_OK,terminalblock,test,terminalblock_0257_OK,0257,OK,OK,OK,True,5,5,"C1,C2,C3,C4,C5",,,True,True,True,True,True,True,True,True,True,True,True,True,True,True,True
terminalblock::terminalblock_0258_OK,terminalblock,train,terminalblock_0258_OK,0258,OK,OK,OK,True,5,5,"C1,C2,C3,C4,C5",,,True,True,True,True,True,True,True,True,True,True,True,True,True,True,True
terminalblock::terminalblock_0259_OK,terminalblock,train,terminalblock_0259_OK,0259,OK,OK,OK,True,5,5,"C1,C2,C3,C4,C5",,,True,True,True,True,True,True,True,True,True,True,True,True,True,True,True
terminalblock::terminalblock_0260_OK,terminalblock,test,terminalblock_0260_OK,0260,OK,OK,OK,True,5,5,"C1,C2,C3,C4,C5",,,True,True,True,True,True,True,True,True,True,True,True,True,True,True,True
terminalblock::terminalblock_0261_OK,terminalblock,test,terminalblock_0261_OK,0261,OK,OK,OK,True,5,5,"C1,C2,C3,C4,C5",,,True,True,True,True,True,True,True,True,True,True,True,True,True,True,True
terminalblock::terminalblock_0262_OK,terminalblock,test,terminalblock_0262_OK,0262,OK,OK,OK,True,5,5,"C1,C2,C3,C4,C5",,,True,True,True,True,True,True,True,True,True,True,True,True,True,True,True
terminalblock::terminalblock_0263_OK,terminalblock,train,terminalblock_0263_OK,0263,OK,OK,OK,True,5,5,"C1,C2,C3,C4,C5",,,True,True,True,True,True,True,True,True,True,True,True,True,True,True,True
terminalblock::terminalblock_0264_OK,terminalblock,train,terminalblock_0264_OK,0264,OK,OK,OK,True,5,5,"C1,C2,C3,C4,C5",,,True,True,True,True,True,True,True,True,True,True,True,True,True,True,True
terminalblock::terminalblock_0265_OK,terminalblock,test,terminalblock_0265_OK,0265,OK,OK,OK,True,5,5,"C1,C2,C3,C4,C5",,,True,True,True,True,True,True,True,True,True,True,True,True,True,True,True
terminalblock::terminalblock_0266_OK,terminalblock,train,terminalblock_0266_OK,0266,OK,OK,OK,True,5,5,"C1,C2,C3,C4,C5",,,True,True,True,True,True,True,True,True,True,True,True,True,True,True,True
terminalblock::terminalblock_0267_OK,terminalblock,train,terminalblock_0267_OK,0267,OK,OK,OK,True,5,5,"C1,C2,C3,C4,C5",,,True,True,True,True,True,True,True,True,True,True,True,True,True,True,True
terminalblock::terminalblock_0268_OK,terminalblock,train,terminalblock_0268_OK,0268,OK,OK,OK,True,5,5,"C1,C2,C3,C4,C5",,,True,True,True,True,True,True,True,True,True,True,True,True,True,True,True
terminalblock::terminalblock_0269_OK,terminalblock,train,terminalblock_0269_OK,0269,OK,OK,OK,True,5,5,"C1,C2,C3,C4,C5",,,True,True,True,True,True,True,True,True,True,True,True,True,True,True,True
terminalblock::terminalblock_0270_OK,terminalblock,train,terminalblock_0270_OK,0270,OK,OK,OK,True,5,5,"C1,C2,C3,C4,C5",,,True,True,True,True,True,True,True,True,True,True,True,True,True,True,True
terminalblock::terminalblock_0271_OK,terminalblock,test,terminalblock_0271_OK,0271,OK,OK,OK,True,5,5,"C1,C2,C3,C4,C5",,,True,True,True,True,True,True,True,True,True,True,True,True,True,True,True
terminalblock::terminalblock_0272_OK,terminalblock,train,terminalblock_0272_OK,0272,OK,OK,OK,True,5,5,"C1,C2,C3,C4,C5",,,True,True,True,True,True,True,True,True,True,True,True,True,True,True,True
terminalblock::terminalblock_0273_OK,terminalblock,train,terminalblock_0273_OK,0273,OK,OK,OK,True,5,5,"C1,C2,C3,C4,C5",,,True,True,True,True,True,True,True,True,True,True,True,True,True,True,True
terminalblock::terminalblock_0274_OK,terminalblock,test,terminalblock_0274_OK,0274,OK,OK,OK,True,5,5,"C1,C2,C3,C4,C5",,,True,True,True,True,True,True,True,True,True,True,True,True,True,True,True
terminalblock::terminalblock_0275_OK,terminalblock,train,terminalblock_0275_OK,0275,OK,OK,OK,True,5,5,"C1,C2,C3,C4,C5",,,True,True,True,True,True,True,True,True,True,True,True,True,True,True,True
terminalblock::terminalblock_0276_OK,terminalblock,test,terminalblock_0276_OK,0276,OK,OK,OK,True,5,5,"C1,C2,C3,C4,C5",,,True,True,True,True,True,True,True,True,True,True,True,True,True,True,True
terminalblock::terminalblock_0277_OK,terminalblock,train,terminalblock_0277_OK,0277,OK,OK,OK,True,5,5,"C1,C2,C3,C4,C5",,,True,True,True,True,True,True,True,True,True,True,True,True,True,True,True
terminalblock::terminalblock_0278_OK,terminalblock,test,terminalblock_0278_OK,0278,OK,OK,OK,True,5,5,"C1,C2,C3,C4,C5",,,True,True,True,True,True,True,True,True,True,True,True,True,True,True,True
terminalblock::terminalblock_0279_OK,terminalblock,train,terminalblock_0279_OK,0279,OK,OK,OK,True,5,5,"C1,C2,C3,C4,C5",,,True,True,True,True,True,True,True,True,True,True,True,True,True,True,True
terminalblock::terminalblock_0280_OK,terminalblock,train,terminalblock_0280_OK,0280,OK,OK,OK,True,5,5,"C1,C2,C3,C4,C5",,,True,True,True,True,True,True,True,True,True,True,True,True,True,True,True
terminalblock::terminalblock_0281_OK,terminalblock,train,terminalblock_0281_OK,0281,OK,OK,OK,True,5,5,"C1,C2,C3,C4,C5",,,True,True,True,True,True,True,True,True,True,True,True,True,True,True,True
terminalblock::terminalblock_0282_OK,terminalblock,train,terminalblock_0282_OK,0282,OK,OK,OK,True,5,5,"C1,C2,C3,C4,C5",,,True,True,True,True,True,True,True,True,True,True,True,True,True,True,True
terminalblock::terminalblock_0283_OK,terminalblock,train,terminalblock_0283_OK,0283,OK,OK,OK,True,5,5,"C1,C2,C3,C4,C5",,,True,True,True,True,True,True,True,True,True,True,True,True,True,True,True
terminalblock::terminalblock_0284_OK,terminalblock,train,terminalblock_0284_OK,0284,OK,OK,OK,True,5,5,"C1,C2,C3,C4,C5",,,True,True,True,True,True,True,True,True,True,True,True,True,True,True,True
terminalblock::terminalblock_0285_OK,terminalblock,train,terminalblock_0285_OK,0285,OK,OK,OK,True,5,5,"C1,C2,C3,C4,C5",,,True,True,True,True,True,True,True,True,True,True,True,True,True,True,True
terminalblock::terminalblock_0286_OK,terminalblock,train,terminalblock_0286_OK,0286,OK,OK,OK,True,5,5,"C1,C2,C3,C4,C5",,,True,True,True,True,True,True,True,True,True,True,True,True,True,True,True
terminalblock::terminalblock_0287_OK,terminalblock,test,terminalblock_0287_OK,0287,OK,OK,OK,True,5,5,"C1,C2,C3,C4,C5",,,True,True,True,True,True,True,True,True,True,True,True,True,True,True,True
terminalblock::terminalblock_0288_OK,terminalblock,test,terminalblock_0288_OK,0288,OK,OK,OK,True,5,5,"C1,C2,C3,C4,C5",,,True,True,True,True,True,True,True,True,True,True,True,True,True,True,True
terminalblock::terminalblock_0289_OK,terminalblock,test,terminalblock_0289_OK,0289,OK,OK,OK,True,5,5,"C1,C2,C3,C4,C5",,,True,True,True,True,True,True,True,True,True,True,True,True,True,True,True
terminalblock::terminalblock_0290_OK,terminalblock,test,terminalblock_0290_OK,0290,OK,OK,OK,True,5,5,"C1,C2,C3,C4,C5",,,True,True,True,True,True,True,True,True,True,True,True,True,True,True,True
terminalblock::terminalblock_0291_OK,terminalblock,train,terminalblock_0291_OK,0291,OK,OK,OK,True,5,5,"C1,C2,C3,C4,C5",,,True,True,True,True,True,True,True,True,True,True,True,True,True,True,True
terminalblock::terminalblock_0292_OK,terminalblock,test,terminalblock_0292_OK,0292,OK,OK,OK,True,5,5,"C1,C2,C3,C4,C5",,,True,True,True,True,True,True,True,True,True,True,True,True,True,True,True
terminalblock::terminalblock_0293_OK,terminalblock,train,terminalblock_0293_OK,0293,OK,OK,OK,True,5,5,"C1,C2,C3,C4,C5",,,True,True,True,True,True,True,True,True,True,True,True,True,True,True,True
terminalblock::terminalblock_0294_OK,terminalblock,train,terminalblock_0294_OK,0294,OK,OK,OK,True,5,5,"C1,C2,C3,C4,C5",,,True,True,True,True,True,True,True,True,True,True,True,True,True,True,True
terminalblock::terminalblock_0295_OK,terminalblock,test,terminalblock_0295_OK,0295,OK,OK,OK,True,5,5,"C1,C2,C3,C4,C5",,,True,True,True,True,True,True,True,True,True,True,True,True,True,True,True
terminalblock::terminalblock_0296_OK,terminalblock,train,terminalblock_0296_OK,0296,OK,OK,OK,True,5,5,"C1,C2,C3,C4,C5",,,True,True,True,True,True,True,True,True,True,True,True,True,True,True,True
terminalblock::terminalblock_0297_OK,terminalblock,train,terminalblock_0297_OK,0297,OK,OK,OK,True,5,5,"C1,C2,C3,C4,C5",,,True,True,True,True,True,True,True,True,True,True,True,True,True,True,True
terminalblock::terminalblock_0298_OK,terminalblock,train,terminalblock_0298_OK,0298,OK,OK,OK,True,5,5,"C1,C2,C3,C4,C5",,,True,True,True,True,True,True,True,True,True,True,True,True,True,True,True
terminalblock::terminalblock_0299_OK,terminalblock,test,terminalblock_0299_OK,0299,OK,OK,OK,True,5,5,"C1,C2,C3,C4,C5",,,True,True,True,True,True,True,True,True,True,True,True,True,True,True,True
terminalblock::terminalblock_0300_OK,terminalblock,train,terminalblock_0300_OK,0300,OK,OK,OK,True,5,5,"C1,C2,C3,C4,C5",,,True,True,True,True,True,True,True,True,True,True,True,True,True,True,True
terminalblock::terminalblock_0301_OK,terminalblock,train,terminalblock_0301_OK,0301,OK,OK,OK,True,5,5,"C1,C2,C3,C4,C5",,,True,True,True,True,True,True,True,True,True,True,True,True,True,True,True
terminalblock::terminalblock_0302_OK,terminalblock,test,terminalblock_0302_OK,0302,OK,OK,OK,True,5,5,"C1,C2,C3,C4,C5",,,True,True,True,True,True,True,True,True,True,True,True,True,True,True,True
terminalblock::terminalblock_0303_OK,terminalblock,train,terminalblock_0303_OK,0303,OK,OK,OK,True,5,5,"C1,C2,C3,C4,C5",,,True,True,True,True,True,True,True,True,True,True,True,True,True,True,True
terminalblock::terminalblock_0304_OK,terminalblock,train,terminalblock_0304_OK,0304,OK,OK,OK,True,5,5,"C1,C2,C3,C4,C5",,,True,True,True,True,True,True,True,True,True,True,True,True,True,True,True
terminalblock::terminalblock_0305_OK,terminalblock,train,terminalblock_0305_OK,0305,OK,OK,OK,True,5,5,"C1,C2,C3,C4,C5",,,True,True,True,True,True,True,True,True,True,True,True,True,True,True,True
terminalblock::terminalblock_0306_OK,terminalblock,train,terminalblock_0306_OK,0306,OK,OK,OK,True,5,5,"C1,C2,C3,C4,C5",,,True,True,True,True,True,True,True,True,True,True,True,True,True,True,True
terminalblock::terminalblock_0307_OK,terminalblock,test,terminalblock_0307_OK,0307,OK,OK,OK,True,5,5,"C1,C2,C3,C4,C5",,,True,True,True,True,True,True,True,True,True,True,True,True,True,True,True
terminalblock::terminalblock_0308_OK,terminalblock,test,terminalblock_0308_OK,0308,OK,OK,OK,True,5,5,"C1,C2,C3,C4,C5",,,True,True,True,True,True,True,True,True,True,True,True,True,True,True,True
terminalblock::terminalblock_0309_OK,terminalblock,train,terminalblock_0309_OK,0309,OK,OK,OK,True,5,5,"C1,C2,C3,C4,C5",,,True,True,True,True,True,True,True,True,True,True,True,True,True,True,True
terminalblock::terminalblock_0310_OK,terminalblock,test,terminalblock_0310_OK,0310,OK,OK,OK,True,5,5,"C1,C2,C3,C4,C5",,,True,True,True,True,True,True,True,True,True,True,True,True,True,True,True
terminalblock::terminalblock_0311_OK,terminalblock,test,terminalblock_0311_OK,0311,OK,OK,OK,True,5,5,"C1,C2,C3,C4,C5",,,True,True,True,True,True,True,True,True,True,True,True,True,True,True,True
terminalblock::terminalblock_0312_OK,terminalblock,train,terminalblock_0312_OK,0312,OK,OK,OK,True,5,5,"C1,C2,C3,C4,C5",,,True,True,True,True,True,True,True,True,True,True,True,True,True,True,True
terminalblock::terminalblock_0313_OK,terminalblock,test,terminalblock_0313_OK,0313,OK,OK,OK,True,5,5,"C1,C2,C3,C4,C5",,,True,True,True,True,True,True,True,True,True,True,True,True,True,True,True
terminalblock::terminalblock_0314_OK,terminalblock,train,terminalblock_0314_OK,0314,OK,OK,OK,True,5,5,"C1,C2,C3,C4,C5",,,True,True,True,True,True,True,True,True,True,True,True,True,True,True,True
terminalblock::terminalblock_0315_OK,terminalblock,test,terminalblock_0315_OK,0315,OK,OK,OK,True,5,5,"C1,C2,C3,C4,C5",,,True,True,True,True,True,True,True,True,True,True,True,True,True,True,True
terminalblock::terminalblock_0316_OK,terminalblock,train,terminalblock_0316_OK,0316,OK,OK,OK,True,5,5,"C1,C2,C3,C4,C5",,,True,True,True,True,True,True,True,True,True,True,True,True,True,True,True
terminalblock::terminalblock_0317_OK,terminalblock,train,terminalblock_0317_OK,0317,OK,OK,OK,True,5,5,"C1,C2,C3,C4,C5",,,True,True,True,True,True,True,True,True,True,True,True,True,True,True,True
terminalblock::terminalblock_0318_OK,terminalblock,train,terminalblock_0318_OK,0318,OK,OK,OK,True,5,5,"C1,C2,C3,C4,C5",,,True,True,True,True,True,True,True,True,True,True,True,True,True,True,True
terminalblock::terminalblock_0319_OK,terminalblock,test,terminalblock_0319_OK,0319,OK,OK,OK,True,5,5,"C1,C2,C3,C4,C5",,,True,True,True,True,True,True,True,True,True,True,True,True,True,True,True
terminalblock::terminalblock_0320_OK,terminalblock,train,terminalblock_0320_OK,0320,OK,OK,OK,True,5,5,"C1,C2,C3,C4,C5",,,True,True,True,True,True,True,True,True,True,True,True,True,True,True,True
terminalblock::terminalblock_0321_OK,terminalblock,train,terminalblock_0321_OK,0321,OK,OK,OK,True,5,5,"C1,C2,C3,C4,C5",,,True,True,True,True,True,True,True,True,True,True,True,True,True,True,True
terminalblock::terminalblock_0322_OK,terminalblock,train,terminalblock_0322_OK,0322,OK,OK,OK,True,5,5,"C1,C2,C3,C4,C5",,,True,True,True,True,True,True,True,True,True,True,True,True,True,True,True
terminalblock::terminalblock_0323_OK,terminalblock,train,terminalblock_0323_OK,0323,OK,OK,OK,True,5,5,"C1,C2,C3,C4,C5",,,True,True,True,True,True,True,True,True,True,True,True,True,True,True,True
terminalblock::terminalblock_0324_OK,terminalblock,train,terminalblock_0324_OK,0324,OK,OK,OK,True,5,5,"C1,C2,C3,C4,C5",,,True,True,True,True,True,True,True,True,True,True,True,True,True,True,True
terminalblock::terminalblock_0325_OK,terminalblock,train,terminalblock_0325_OK,0325,OK,OK,OK,True,5,5,"C1,C2,C3,C4,C5",,,True,True,True,True,True,True,True,True,True,True,True,True,True,True,True
terminalblock::terminalblock_0326_OK,terminalblock,test,terminalblock_0326_OK,0326,OK,OK,OK,True,5,5,"C1,C2,C3,C4,C5",,,True,True,True,True,True,True,True,True,True,True,True,True,True,True,True
terminalblock::terminalblock_0327_OK,terminalblock,test,terminalblock_0327_OK,0327,OK,OK,OK,True,5,5,"C1,C2,C3,C4,C5",,,True,True,True,True,True,True,True,True,True,True,True,True,True,True,True
terminalblock::terminalblock_0328_OK,terminalblock,train,terminalblock_0328_OK,0328,OK,OK,OK,True,5,5,"C1,C2,C3,C4,C5",,,True,True,True,True,True,True,True,True,True,True,True,True,True,True,True
terminalblock::terminalblock_0329_OK,terminalblock,train,terminalblock_0329_OK,0329,OK,OK,OK,True,5,5,"C1,C2,C3,C4,C5",,,True,True,True,True,True,True,True,True,True,True,True,True,True,True,True
terminalblock::terminalblock_0330_OK,terminalblock,test,terminalblock_0330_OK,0330,OK,OK,OK,True,5,5,"C1,C2,C3,C4,C5",,,True,True,True,True,True,True,True,True,True,True,True,True,True,True,True
terminalblock::terminalblock_0331_OK,terminalblock,test,terminalblock_0331_OK,0331,OK,OK,OK,True,5,5,"C1,C2,C3,C4,C5",,,True,True,True,True,True,True,True,True,True,True,True,True,True,True,True
terminalblock::terminalblock_0332_OK,terminalblock,train,terminalblock_0332_OK,0332,OK,OK,OK,True,5,5,"C1,C2,C3,C4,C5",,,True,True,True,True,True,True,True,True,True,True,True,True,True,True,True
terminalblock::terminalblock_0333_OK,terminalblock,train,terminalblock_0333_OK,0333,OK,OK,OK,True,5,5,"C1,C2,C3,C4,C5",,,True,True,True,True,True,True,True,True,True,True,True,True,True,True,True
terminalblock::terminalblock_0334_OK,terminalblock,test,terminalblock_0334_OK,0334,OK,OK,OK,True,5,5,"C1,C2,C3,C4,C5",,,True,True,True,True,True,True,True,True,True,True,True,True,True,True,True
terminalblock::terminalblock_0335_OK,terminalblock,train,terminalblock_0335_OK,0335,OK,OK,OK,True,5,5,"C1,C2,C3,C4,C5",,,True,True,True,True,True,True,True,True,True,True,True,True,True,True,True
terminalblock::terminalblock_0336_OK,terminalblock,test,terminalblock_0336_OK,0336,OK,OK,OK,True,5,5,"C1,C2,C3,C4,C5",,,True,True,True,True,True,True,True,True,True,True,True,True,True,True,True
terminalblock::terminalblock_0337_OK,terminalblock,test,terminalblock_0337_OK,0337,OK,OK,OK,True,5,5,"C1,C2,C3,C4,C5",,,True,True,True,True,True,True,True,True,True,True,True,True,True,True,True
terminalblock::terminalblock_0338_OK,terminalblock,train,terminalblock_0338_OK,0338,OK,OK,OK,True,5,5,"C1,C2,C3,C4,C5",,,True,True,True,True,True,True,True,True,True,True,True,True,True,True,True
terminalblock::terminalblock_0339_OK,terminalblock,test,terminalblock_0339_OK,0339,OK,OK,OK,True,5,5,"C1,C2,C3,C4,C5",,,True,True,True,True,True,True,True,True,True,True,True,True,True,True,True
terminalblock::terminalblock_0340_OK,terminalblock,test,terminalblock_0340_OK,0340,OK,OK,OK,True,5,5,"C1,C2,C3,C4,C5",,,True,True,True,True,True,True,True,True,True,True,True,True,True,True,True
terminalblock::terminalblock_0341_OK,terminalblock,train,terminalblock_0341_OK,0341,OK,OK,OK,True,5,5,"C1,C2,C3,C4,C5",,,True,True,True,True,True,True,True,True,True,True,True,True,True,True,True
terminalblock::terminalblock_0342_OK,terminalblock,train,terminalblock_0342_OK,0342,OK,OK,OK,True,5,5,"C1,C2,C3,C4,C5",,,True,True,True,True,True,True,True,True,True,True,True,True,True,True,True
terminalblock::terminalblock_0343_OK,terminalblock,test,terminalblock_0343_OK,0343,OK,OK,OK,True,5,5,"C1,C2,C3,C4,C5",,,True,True,True,True,True,True,True,True,True,True,True,True,True,True,True
terminalblock::terminalblock_0344_OK,terminalblock,test,terminalblock_0344_OK,0344,OK,OK,OK,True,5,5,"C1,C2,C3,C4,C5",,,True,True,True,True,True,True,True,True,True,True,True,True,True,True,True
terminalblock::terminalblock_0345_OK,terminalblock,test,terminalblock_0345_OK,0345,OK,OK,OK,True,5,5,"C1,C2,C3,C4,C5",,,True,True,True,True,True,True,True,True,True,True,True,True,True,True,True
terminalblock::terminalblock_0346_OK,terminalblock,test,terminalblock_0346_OK,0346,OK,OK,OK,True,5,5,"C1,C2,C3,C4,C5",,,True,True,True,True,True,True,True,True,True,True,True,True,True,True,True
terminalblock::terminalblock_0347_OK,terminalblock,test,terminalblock_0347_OK,0347,OK,OK,OK,True,5,5,"C1,C2,C3,C4,C5",,,True,True,True,True,True,True,True,True,True,True,True,True,True,True,True
terminalblock::terminalblock_0348_OK,terminalblock,test,terminalblock_0348_OK,0348,OK,OK,OK,True,5,5,"C1,C2,C3,C4,C5",,,True,True,True,True,True,True,True,True,True,True,True,True,True,True,True
terminalblock::terminalblock_0349_OK,terminalblock,test,terminalblock_0349_OK,0349,OK,OK,OK,True,5,5,"C1,C2,C3,C4,C5",,,True,True,True,True,True,True,True,True,True,True,True,True,True,True,True
terminalblock::terminalblock_0350_OK,terminalblock,test,terminalblock_0350_OK,0350,OK,OK,OK,True,5,5,"C1,C2,C3,C4,C5",,,True,True,True,True,True,True,True,True,True,True,True,True,True,True,True
terminalblock::terminalblock_0351_OK,terminalblock,test,terminalblock_0351_OK,0351,OK,OK,OK,True,5,5,"C1,C2,C3,C4,C5",,,True,True,True,True,True,True,True,True,True,True,True,True,True,True,True
terminalblock::terminalblock_0352_OK,terminalblock,test,terminalblock_0352_OK,0352,OK,OK,OK,True,5,5,"C1,C2,C3,C4,C5",,,True,True,True,True,True,True,True,True,True,True,True,True,True,True,True
terminalblock::terminalblock_0353_OK,terminalblock,train,terminalblock_0353_OK,0353,OK,OK,OK,True,5,5,"C1,C2,C3,C4,C5",,,True,True,True,True,True,True,True,True,True,True,True,True,True,True,True
terminalblock::terminalblock_0354_OK,terminalblock,train,terminalblock_0354_OK,0354,OK,OK,OK,True,5,5,"C1,C2,C3,C4,C5",,,True,True,True,True,True,True,True,True,True,True,True,True,True,True,True
terminalblock::terminalblock_0355_OK,terminalblock,test,terminalblock_0355_OK,0355,OK,OK,OK,True,5,5,"C1,C2,C3,C4,C5",,,True,True,True,True,True,True,True,True,True,True,True,True,True,True,True
terminalblock::terminalblock_0356_OK,terminalblock,test,terminalblock_0356_OK,0356,OK,OK,OK,True,5,5,"C1,C2,C3,C4,C5",,,True,True,True,True,True,True,True,True,True,True,True,True,True,True,True
terminalblock::terminalblock_0357_OK,terminalblock,test,terminalblock_0357_OK,0357,OK,OK,OK,True,5,5,"C1,C2,C3,C4,C5",,,True,True,True,True,True,True,True,True,True,True,True,True,True,True,True
terminalblock::terminalblock_0358_OK,terminalblock,test,terminalblock_0358_OK,0358,OK,OK,OK,True,5,5,"C1,C2,C3,C4,C5",,,True,True,True,True,True,True,True,True,True,True,True,True,True,True,True
terminalblock::terminalblock_0359_OK,terminalblock,test,terminalblock_0359_OK,0359,OK,OK,OK,True,5,5,"C1,C2,C3,C4,C5",,,True,True,True,True,True,True,True,True,True,True,True,True,True,True,True
terminalblock::terminalblock_0360_OK,terminalblock,train,terminalblock_0360_OK,0360,OK,OK,OK,True,5,5,"C1,C2,C3,C4,C5",,,True,True,True,True,True,True,True,True,True,True,True,True,True,True,True
terminalblock::terminalblock_0361_OK,terminalblock,train,terminalblock_0361_OK,0361,OK,OK,OK,True,5,5,"C1,C2,C3,C4,C5",,,True,True,True,True,True,True,True,True,True,True,True,True,True,True,True
terminalblock::terminalblock_0362_OK,terminalblock,train,terminalblock_0362_OK,0362,OK,OK,OK,True,5,5,"C1,C2,C3,C4,C5",,,True,True,True,True,True,True,True,True,True,True,True,True,True,True,True
terminalblock::terminalblock_0363_OK,terminalblock,train,terminalblock_0363_OK,0363,OK,OK,OK,True,5,5,"C1,C2,C3,C4,C5",,,True,True,True,True,True,True,True,True,True,True,True,True,True,True,True
terminalblock::terminalblock_0364_OK,terminalblock,test,terminalblock_0364_OK,0364,OK,OK,OK,True,5,5,"C1,C2,C3,C4,C5",,,True,True,True,True,True,True,True,True,True,True,True,True,True,True,True
terminalblock::terminalblock_0365_OK,terminalblock,test,terminalblock_0365_OK,0365,OK,OK,OK,True,5,5,"C1,C2,C3,C4,C5",,,True,True,True,True,True,True,True,True,True,True,True,True,True,True,True
terminalblock::terminalblock_0366_OK,terminalblock,test,terminalblock_0366_OK,0366,OK,OK,OK,True,5,5,"C1,C2,C3,C4,C5",,,True,True,True,True,True,True,True,True,True,True,True,True,True,True,True
terminalblock::terminalblock_0367_OK,terminalblock,test,terminalblock_0367_OK,0367,OK,OK,OK,True,5,5,"C1,C2,C3,C4,C5",,,True,True,True,True,True,True,True,True,True,True,True,True,True,True,True
terminalblock::terminalblock_0368_OK,terminalblock,test,terminalblock_0368_OK,0368,OK,OK,OK,True,5,5,"C1,C2,C3,C4,C5",,,True,True,True,True,True,True,True,True,True,True,True,True,True,True,True
terminalblock::terminalblock_0369_OK,terminalblock,test,terminalblock_0369_OK,0369,OK,OK,OK,True,5,5,"C1,C2,C3,C4,C5",,,True,True,True,True,True,True,True,True,True,True,True,True,True,True,True
terminalblock::terminalblock_0370_OK,terminalblock,test,terminalblock_0370_OK,0370,OK,OK,OK,True,5,5,"C1,C2,C3,C4,C5",,,True,True,True,True,True,True,True,True,True,True,True,True,True,True,True
terminalblock::terminalblock_0371_OK,terminalblock,train,terminalblock_0371_OK,0371,OK,OK,OK,True,5,5,"C1,C2,C3,C4,C5",,,True,True,True,True,True,True,True,True,True,True,True,True,True,True,True
terminalblock::terminalblock_0372_OK,terminalblock,train,terminalblock_0372_OK,0372,OK,OK,OK,True,5,5,"C1,C2,C3,C4,C5",,,True,True,True,True,True,True,True,True,True,True,True,True,True,True,True
terminalblock::terminalblock_0373_OK,terminalblock,train,terminalblock_0373_OK,0373,OK,OK,OK,True,5,5,"C1,C2,C3,C4,C5",,,True,True,True,True,True,True,True,True,True,True,True,True,True,True,True
terminalblock::terminalblock_0374_OK,terminalblock,test,terminalblock_0374_OK,0374,OK,OK,OK,True,5,5,"C1,C2,C3,C4,C5",,,True,True,True,True,True,True,True,True,True,True,True,True,True,True,True
terminalblock::terminalblock_0375_OK,terminalblock,train,terminalblock_0375_OK,0375,OK,OK,OK,True,5,5,"C1,C2,C3,C4,C5",,,True,True,True,True,True,True,True,True,True,True,True,True,True,True,True
terminalblock::terminalblock_0376_OK,terminalblock,test,terminalblock_0376_OK,0376,OK,OK,OK,True,5,5,"C1,C2,C3,C4,C5",,,True,True,True,True,True,True,True,True,True,True,True,True,True,True,True
terminalblock::terminalblock_0377_OK,terminalblock,test,terminalblock_0377_OK,0377,OK,OK,OK,True,5,5,"C1,C2,C3,C4,C5",,,True,True,True,True,True,True,True,True,True,True,True,True,True,True,True
terminalblock::terminalblock_0378_OK,terminalblock,test,terminalblock_0378_OK,0378,OK,OK,OK,True,5,5,"C1,C2,C3,C4,C5",,,True,True,True,True,True,True,True,True,True,True,True,True,True,True,True
terminalblock::terminalblock_0379_OK,terminalblock,train,terminalblock_0379_OK,0379,OK,OK,OK,True,5,5,"C1,C2,C3,C4,C5",,,True,True,True,True,True,True,True,True,True,True,True,True,True,True,True
terminalblock::terminalblock_0380_OK,terminalblock,train,terminalblock_0380_OK,0380,OK,OK,OK,True,5,5,"C1,C2,C3,C4,C5",,,True,True,True,True,True,True,True,True,True,True,True,True,True,True,True
terminalblock::terminalblock_0381_OK,terminalblock,train,terminalblock_0381_OK,0381,OK,OK,OK,True,5,5,"C1,C2,C3,C4,C5",,,True,True,True,True,True,True,True,True,True,True,True,True,True,True,True
terminalblock::terminalblock_0382_OK,terminalblock,test,terminalblock_0382_OK,0382,OK,OK,OK,True,5,5,"C1,C2,C3,C4,C5",,,True,True,True,True,True,True,True,True,True,True,True,True,True,True,True
terminalblock::terminalblock_0383_OK,terminalblock,train,terminalblock_0383_OK,0383,OK,OK,OK,True,5,5,"C1,C2,C3,C4,C5",,,True,True,True,True,True,True,True,True,True,True,True,True,True,True,True
terminalblock::terminalblock_0384_OK,terminalblock,train,terminalblock_0384_OK,0384,OK,OK,OK,True,5,5,"C1,C2,C3,C4,C5",,,True,True,True,True,True,True,True,True,True,True,True,True,True,True,True
terminalblock::terminalblock_0385_OK,terminalblock,test,terminalblock_0385_OK,0385,OK,OK,OK,True,5,5,"C1,C2,C3,C4,C5",,,True,True,True,True,True,True,True,True,True,True,True,True,True,True,True
terminalblock::terminalblock_0386_OK,terminalblock,train,terminalblock_0386_OK,0386,OK,OK,OK,True,5,5,"C1,C2,C3,C4,C5",,,True,True,True,True,True,True,True,True,True,True,True,True,True,True,True
terminalblock::terminalblock_0387_OK,terminalblock,train,terminalblock_0387_OK,0387,OK,OK,OK,True,5,5,"C1,C2,C3,C4,C5",,,True,True,True,True,True,True,True,True,True,True,True,True,True,True,True
terminalblock::terminalblock_0388_OK,terminalblock,train,terminalblock_0388_OK,0388,OK,OK,OK,True,5,5,"C1,C2,C3,C4,C5",,,True,True,True,True,True,True,True,True,True,True,True,True,True,True,True
terminalblock::terminalblock_0389_OK,terminalblock,train,terminalblock_0389_OK,0389,OK,OK,OK,True,5,5,"C1,C2,C3,C4,C5",,,True,True,True,True,True,True,True,True,True,True,True,True,True,True,True
terminalblock::terminalblock_0390_OK,terminalblock,train,terminalblock_0390_OK,0390,OK,OK,OK,True,5,5,"C1,C2,C3,C4,C5",,,True,True,True,True,True,True,True,True,True,True,True,True,True,True,True
terminalblock::terminalblock_0391_OK,terminalblock,test,terminalblock_0391_OK,0391,OK,OK,OK,True,5,5,"C1,C2,C3,C4,C5",,,True,True,True,True,True,True,True,True,True,True,True,True,True,True,True
terminalblock::terminalblock_0392_OK,terminalblock,train,terminalblock_0392_OK,0392,OK,OK,OK,True,5,5,"C1,C2,C3,C4,C5",,,True,True,True,True,True,True,True,True,True,True,True,True,True,True,True
terminalblock::terminalblock_0393_OK,terminalblock,test,terminalblock_0393_OK,0393,OK,OK,OK,True,5,5,"C1,C2,C3,C4,C5",,,True,True,True,True,True,True,True,True,True,True,True,True,True,True,True
terminalblock::terminalblock_0394_OK,terminalblock,train,terminalblock_0394_OK,0394,OK,OK,OK,True,5,5,"C1,C2,C3,C4,C5",,,True,True,True,True,True,True,True,True,True,True,True,True,True,True,True
terminalblock::terminalblock_0395_OK,terminalblock,train,terminalblock_0395_OK,0395,OK,OK,OK,True,5,5,"C1,C2,C3,C4,C5",,,True,True,True,True,True,True,True,True,True,True,True,True,True,True,True
terminalblock::terminalblock_0396_OK,terminalblock,test,terminalblock_0396_OK,0396,OK,OK,OK,True,5,5,"C1,C2,C3,C4,C5",,,True,True,True,True,True,True,True,True,True,True,True,True,True,True,True
terminalblock::terminalblock_0397_OK,terminalblock,test,terminalblock_0397_OK,0397,OK,OK,OK,True,5,5,"C1,C2,C3,C4,C5",,,True,True,True,True,True,True,True,True,True,True,True,True,True,True,True
terminalblock::terminalblock_0398_OK,terminalblock,test,terminalblock_0398_OK,0398,OK,OK,OK,True,5,5,"C1,C2,C3,C4,C5",,,True,True,True,True,True,True,True,True,True,True,True,True,True,True,True
terminalblock::terminalblock_0399_OK,terminalblock,train,terminalblock_0399_OK,0399,OK,OK,OK,True,5,5,"C1,C2,C3,C4,C5",,,True,True,True,True,True,True,True,True,True,True,True,True,True,True,True
terminalblock::terminalblock_0400_OK,terminalblock,test,terminalblock_0400_OK,0400,OK,OK,OK,True,5,5,"C1,C2,C3,C4,C5",,,True,True,True,True,True,True,True,True,True,True,True,True,True,True,True
terminalblock::terminalblock_0401_OK,terminalblock,test,terminalblock_0401_OK,0401,OK,OK,OK,True,5,5,"C1,C2,C3,C4,C5",,,True,True,True,True,True,True,True,True,True,True,True,True,True,True,True
terminalblock::terminalblock_0402_OK,terminalblock,train,terminalblock_0402_OK,0402,OK,OK,OK,True,5,5,"C1,C2,C3,C4,C5",,,True,True,True,True,True,True,True,True,True,True,True,True,True,True,True
terminalblock::terminalblock_0403_OK,terminalblock,train,terminalblock_0403_OK,0403,OK,OK,OK,True,5,5,"C1,C2,C3,C4,C5",,,True,True,True,True,True,True,True,True,True,True,True,True,True,True,True
terminalblock::terminalblock_0404_OK,terminalblock,test,terminalblock_0404_OK,0404,OK,OK,OK,True,5,5,"C1,C2,C3,C4,C5",,,True,True,True,True,True,True,True,True,True,True,True,True,True,True,True
terminalblock::terminalblock_0405_OK,terminalblock,test,terminalblock_0405_OK,0405,OK,OK,OK,True,5,5,"C1,C2,C3,C4,C5",,,True,True,True,True,True,True,True,True,True,True,True,True,True,True,True
terminalblock::terminalblock_0406_OK,terminalblock,train,terminalblock_0406_OK,0406,OK,OK,OK,True,5,5,"C1,C2,C3,C4,C5",,,True,True,True,True,True,True,True,True,True,True,True,True,True,True,True
terminalblock::terminalblock_0407_OK,terminalblock,test,terminalblock_0407_OK,0407,OK,OK,OK,True,5,5,"C1,C2,C3,C4,C5",,,True,True,True,True,True,True,True,True,True,True,True,True,True,True,True
terminalblock::terminalblock_0408_OK,terminalblock,test,terminalblock_0408_OK,0408,OK,OK,OK,True,5,5,"C1,C2,C3,C4,C5",,,True,True,True,True,True,True,True,True,True,True,True,True,True,True,True
terminalblock::terminalblock_0409_OK,terminalblock,test,terminalblock_0409_OK,0409,OK,OK,OK,True,5,5,"C1,C2,C3,C4,C5",,,True,True,True,True,True,True,True,True,True,True,True,True,True,True,True
terminalblock::terminalblock_0410_OK,terminalblock,test,terminalblock_0410_OK,0410,OK,OK,OK,True,5,5,"C1,C2,C3,C4,C5",,,True,True,True,True,True,True,True,True,True,True,True,True,True,True,True
terminalblock::terminalblock_0411_OK,terminalblock,test,terminalblock_0411_OK,0411,OK,OK,OK,True,5,5,"C1,C2,C3,C4,C5",,,True,True,True,True,True,True,True,True,True,True,True,True,True,True,True
terminalblock::terminalblock_0412_OK,terminalblock,train,terminalblock_0412_OK,0412,OK,OK,OK,True,5,5,"C1,C2,C3,C4,C5",,,True,True,True,True,True,True,True,True,True,True,True,True,True,True,True
terminalblock::terminalblock_0413_OK,terminalblock,train,terminalblock_0413_OK,0413,OK,OK,OK,True,5,5,"C1,C2,C3,C4,C5",,,True,True,True,True,True,True,True,True,True,True,True,True,True,True,True
terminalblock::terminalblock_0414_OK,terminalblock,train,terminalblock_0414_OK,0414,OK,OK,OK,True,5,5,"C1,C2,C3,C4,C5",,,True,True,True,True,True,True,True,True,True,True,True,True,True,True,True
terminalblock::terminalblock_0415_OK,terminalblock,train,terminalblock_0415_OK,0415,OK,OK,OK,True,5,5,"C1,C2,C3,C4,C5",,,True,True,True,True,True,True,True,True,True,True,True,True,True,True,True
terminalblock::terminalblock_0416_OK,terminalblock,train,terminalblock_0416_OK,0416,OK,OK,OK,True,5,5,"C1,C2,C3,C4,C5",,,True,True,True,True,True,True,True,True,True,True,True,True,True,True,True
terminalblock::terminalblock_0417_OK,terminalblock,train,terminalblock_0417_OK,0417,OK,OK,OK,True,5,5,"C1,C2,C3,C4,C5",,,True,True,True,True,True,True,True,True,True,True,True,True,True,True,True
terminalblock::terminalblock_0418_OK,terminalblock,test,terminalblock_0418_OK,0418,OK,OK,OK,True,5,5,"C1,C2,C3,C4,C5",,,True,True,True,True,True,True,True,True,True,True,True,True,True,True,True
terminalblock::terminalblock_0419_OK,terminalblock,test,terminalblock_0419_OK,0419,OK,OK,OK,True,5,5,"C1,C2,C3,C4,C5",,,True,True,True,True,True,True,True,True,True,True,True,True,True,True,True
terminalblock::terminalblock_0420_OK,terminalblock,train,terminalblock_0420_OK,0420,OK,OK,OK,True,5,5,"C1,C2,C3,C4,C5",,,True,True,True,True,True,True,True,True,True,True,True,True,True,True,True
terminalblock::terminalblock_0421_OK,terminalblock,test,terminalblock_0421_OK,0421,OK,OK,OK,True,5,5,"C1,C2,C3,C4,C5",,,True,True,True,True,True,True,True,True,True,True,True,True,True,True,True
terminalblock::terminalblock_0422_OK,terminalblock,train,terminalblock_0422_OK,0422,OK,OK,OK,True,5,5,"C1,C2,C3,C4,C5",,,True,True,True,True,True,True,True,True,True,True,True,True,True,True,True
terminalblock::terminalblock_0423_OK,terminalblock,train,terminalblock_0423_OK,0423,OK,OK,OK,True,5,5,"C1,C2,C3,C4,C5",,,True,True,True,True,True,True,True,True,True,True,True,True,True,True,True
terminalblock::terminalblock_0424_OK,terminalblock,train,terminalblock_0424_OK,0424,OK,OK,OK,True,5,5,"C1,C2,C3,C4,C5",,,True,True,True,True,True,True,True,True,True,True,True,True,True,True,True
terminalblock::terminalblock_0425_OK,terminalblock,test,terminalblock_0425_OK,0425,OK,OK,OK,True,5,5,"C1,C2,C3,C4,C5",,,True,True,True,True,True,True,True,True,True,True,True,True,True,True,True
terminalblock::terminalblock_0426_OK,terminalblock,test,terminalblock_0426_OK,0426,OK,OK,OK,True,5,5,"C1,C2,C3,C4,C5",,,True,True,True,True,True,True,True,True,True,True,True,True,True,True,True
terminalblock::terminalblock_0427_OK,terminalblock,train,terminalblock_0427_OK,0427,OK,OK,OK,True,5,5,"C1,C2,C3,C4,C5",,,True,True,True,True,True,True,True,True,True,True,True,True,True,True,True
terminalblock::terminalblock_0428_OK,terminalblock,test,terminalblock_0428_OK,0428,OK,OK,OK,True,5,5,"C1,C2,C3,C4,C5",,,True,True,True,True,True,True,True,True,True,True,True,True,True,True,True
terminalblock::terminalblock_0429_OK,terminalblock,train,terminalblock_0429_OK,0429,OK,OK,OK,True,5,5,"C1,C2,C3,C4,C5",,,True,True,True,True,True,True,True,True,True,True,True,True,True,True,True
terminalblock::terminalblock_0430_OK,terminalblock,train,terminalblock_0430_OK,0430,OK,OK,OK,True,5,5,"C1,C2,C3,C4,C5",,,True,True,True,True,True,True,True,True,True,True,True,True,True,True,True
terminalblock::terminalblock_0431_OK,terminalblock,train,terminalblock_0431_OK,0431,OK,OK,OK,True,5,5,"C1,C2,C3,C4,C5",,,True,True,True,True,True,True,True,True,True,True,True,True,True,True,True
terminalblock::terminalblock_0432_OK,terminalblock,train,terminalblock_0432_OK,0432,OK,OK,OK,True,5,5,"C1,C2,C3,C4,C5",,,True,True,True,True,True,True,True,True,True,True,True,True,True,True,True
terminalblock::terminalblock_0433_OK,terminalblock,test,terminalblock_0433_OK,0433,OK,OK,OK,True,5,5,"C1,C2,C3,C4,C5",,,True,True,True,True,True,True,True,True,True,True,True,True,True,True,True
terminalblock::terminalblock_0434_OK,terminalblock,test,terminalblock_0434_OK,0434,OK,OK,OK,True,5,5,"C1,C2,C3,C4,C5",,,True,True,True,True,True,True,True,True,True,True,True,True,True,True,True
terminalblock::terminalblock_0435_OK,terminalblock,test,terminalblock_0435_OK,0435,OK,OK,OK,True,5,5,"C1,C2,C3,C4,C5",,,True,True,True,True,True,True,True,True,True,True,True,True,True,True,True
terminalblock::terminalblock_0436_OK,terminalblock,test,terminalblock_0436_OK,0436,OK,OK,OK,True,5,5,"C1,C2,C3,C4,C5",,,True,True,True,True,True,True,True,True,True,True,True,True,True,True,True
terminalblock::terminalblock_0437_OK,terminalblock,train,terminalblock_0437_OK,0437,OK,OK,OK,True,5,5,"C1,C2,C3,C4,C5",,,True,True,True,True,True,True,True,True,True,True,True,True,True,True,True
terminalblock::terminalblock_0438_OK,terminalblock,train,terminalblock_0438_OK,0438,OK,OK,OK,True,5,5,"C1,C2,C3,C4,C5",,,True,True,True,True,True,True,True,True,True,True,True,True,True,True,True
terminalblock::terminalblock_0439_OK,terminalblock,test,terminalblock_0439_OK,0439,OK,OK,OK,True,5,5,"C1,C2,C3,C4,C5",,,True,True,True,True,True,True,True,True,True,True,True,True,True,True,True
terminalblock::terminalblock_0440_OK,terminalblock,test,terminalblock_0440_OK,0440,OK,OK,OK,True,5,5,"C1,C2,C3,C4,C5",,,True,True,True,True,True,True,True,True,True,True,True,True,True,True,True
terminalblock::terminalblock_0442_OK,terminalblock,train,terminalblock_0442_OK,0442,OK,OK,OK,True,5,5,"C1,C2,C3,C4,C5",,,True,True,True,True,True,True,True,True,True,True,True,True,True,True,True
terminalblock::terminalblock_0443_OK,terminalblock,train,terminalblock_0443_OK,0443,OK,OK,OK,True,5,5,"C1,C2,C3,C4,C5",,,True,True,True,True,True,True,True,True,True,True,True,True,True,True,True
terminalblock::terminalblock_0444_OK,terminalblock,test,terminalblock_0444_OK,0444,OK,OK,OK,True,5,5,"C1,C2,C3,C4,C5",,,True,True,True,True,True,True,True,True,True,True,True,True,True,True,True
terminalblock::terminalblock_0445_OK,terminalblock,train,terminalblock_0445_OK,0445,OK,OK,OK,True,5,5,"C1,C2,C3,C4,C5",,,True,True,True,True,True,True,True,True,True,True,True,True,True,True,True
terminalblock::terminalblock_0446_OK,terminalblock,train,terminalblock_0446_OK,0446,OK,OK,OK,True,5,5,"C1,C2,C3,C4,C5",,,True,True,True,True,True,True,True,True,True,True,True,True,True,True,True
terminalblock::terminalblock_0447_OK,terminalblock,test,terminalblock_0447_OK,0447,OK,OK,OK,True,5,5,"C1,C2,C3,C4,C5",,,True,True,True,True,True,True,True,True,True,True,True,True,True,True,True
terminalblock::terminalblock_0448_OK,terminalblock,test,terminalblock_0448_OK,0448,OK,OK,OK,True,5,5,"C1,C2,C3,C4,C5",,,True,True,True,True,True,True,True,True,True,True,True,True,True,True,True
terminalblock::terminalblock_0449_OK,terminalblock,train,terminalblock_0449_OK,0449,OK,OK,OK,True,5,5,"C1,C2,C3,C4,C5",,,True,True,True,True,True,True,True,True,True,True,True,True,True,True,True
terminalblock::terminalblock_0450_OK,terminalblock,test,terminalblock_0450_OK,0450,OK,OK,OK,True,5,5,"C1,C2,C3,C4,C5",,,True,True,True,True,True,True,True,True,True,True,True,True,True,True,True
terminalblock::terminalblock_0451_OK,terminalblock,train,terminalblock_0451_OK,0451,OK,OK,OK,True,5,5,"C1,C2,C3,C4,C5",,,True,True,True,True,True,True,True,True,True,True,True,True,True,True,True
terminalblock::terminalblock_0452_OK,terminalblock,test,terminalblock_0452_OK,0452,OK,OK,OK,True,5,5,"C1,C2,C3,C4,C5",,,True,True,True,True,True,True,True,True,True,True,True,True,True,True,True
terminalblock::terminalblock_0453_OK,terminalblock,test,terminalblock_0453_OK,0453,OK,OK,OK,True,5,5,"C1,C2,C3,C4,C5",,,True,True,True,True,True,True,True,True,True,True,True,True,True,True,True
terminalblock::terminalblock_0454_OK,terminalblock,test,terminalblock_0454_OK,0454,OK,OK,OK,True,5,5,"C1,C2,C3,C4,C5",,,True,True,True,True,True,True,True,True,True,True,True,True,True,True,True
terminalblock::terminalblock_0455_OK,terminalblock,train,terminalblock_0455_OK,0455,OK,OK,OK,True,5,5,"C1,C2,C3,C4,C5",,,True,True,True,True,True,True,True,True,True,True,True,True,True,True,True
terminalblock::terminalblock_0456_OK,terminalblock,train,terminalblock_0456_OK,0456,OK,OK,OK,True,5,5,"C1,C2,C3,C4,C5",,,True,True,True,True,True,True,True,True,True,True,True,True,True,True,True
terminalblock::terminalblock_0457_OK,terminalblock,train,terminalblock_0457_OK,0457,OK,OK,OK,True,5,5,"C1,C2,C3,C4,C5",,,True,True,True,True,True,True,True,True,True,True,True,True,True,True,True
terminalblock::terminalblock_0458_OK,terminalblock,test,terminalblock_0458_OK,0458,OK,OK,OK,True,5,5,"C1,C2,C3,C4,C5",,,True,True,True,True,True,True,True,True,True,True,True,True,True,True,True
terminalblock::terminalblock_0459_OK,terminalblock,train,terminalblock_0459_OK,0459,OK,OK,OK,True,5,5,"C1,C2,C3,C4,C5",,,True,True,True,True,True,True,True,True,True,True,True,True,True,True,True
terminalblock::terminalblock_0460_OK,terminalblock,test,terminalblock_0460_OK,0460,OK,OK,OK,True,5,5,"C1,C2,C3,C4,C5",,,True,True,True,True,True,True,True,True,True,True,True,True,True,True,True
terminalblock::terminalblock_0461_OK,terminalblock,test,terminalblock_0461_OK,0461,OK,OK,OK,True,5,5,"C1,C2,C3,C4,C5",,,True,True,True,True,True,True,True,True,True,True,True,True,True,True,True
terminalblock::terminalblock_0462_OK,terminalblock,train,terminalblock_0462_OK,0462,OK,OK,OK,True,5,5,"C1,C2,C3,C4,C5",,,True,True,True,True,True,True,True,True,True,True,True,True,True,True,True
terminalblock::terminalblock_0463_OK,terminalblock,train,terminalblock_0463_OK,0463,OK,OK,OK,True,5,5,"C1,C2,C3,C4,C5",,,True,True,True,True,True,True,True,True,True,True,True,True,True,True,True
terminalblock::terminalblock_0464_OK,terminalblock,test,terminalblock_0464_OK,0464,OK,OK,OK,True,5,5,"C1,C2,C3,C4,C5",,,True,True,True,True,True,True,True,True,True,True,True,True,True,True,True
terminalblock::terminalblock_0465_OK,terminalblock,train,terminalblock_0465_OK,0465,OK,OK,OK,True,5,5,"C1,C2,C3,C4,C5",,,True,True,True,True,True,True,True,True,True,True,True,True,True,True,True
terminalblock::terminalblock_0466_OK,terminalblock,test,terminalblock_0466_OK,0466,OK,OK,OK,True,5,5,"C1,C2,C3,C4,C5",,,True,True,True,True,True,True,True,True,True,True,True,True,True,True,True
terminalblock::terminalblock_0467_OK,terminalblock,test,terminalblock_0467_OK,0467,OK,OK,OK,True,5,5,"C1,C2,C3,C4,C5",,,True,True,True,True,True,True,True,True,True,True,True,True,True,True,True
terminalblock::terminalblock_0468_OK,terminalblock,test,terminalblock_0468_OK,0468,OK,OK,OK,True,5,5,"C1,C2,C3,C4,C5",,,True,True,True,True,True,True,True,True,True,True,True,True,True,True,True
terminalblock::terminalblock_0469_OK,terminalblock,test,terminalblock_0469_OK,0469,OK,OK,OK,True,5,5,"C1,C2,C3,C4,C5",,,True,True,True,True,True,True,True,True,True,True,True,True,True,True,True
terminalblock::terminalblock_0470_OK,terminalblock,test,terminalblock_0470_OK,0470,OK,OK,OK,True,5,5,"C1,C2,C3,C4,C5",,,True,True,True,True,True,True,True,True,True,True,True,True,True,True,True
terminalblock::terminalblock_0471_OK,terminalblock,test,terminalblock_0471_OK,0471,OK,OK,OK,True,5,5,"C1,C2,C3,C4,C5",,,True,True,True,True,True,True,True,True,True,True,True,True,True,True,True
terminalblock::terminalblock_0472_OK,terminalblock,train,terminalblock_0472_OK,0472,OK,OK,OK,True,5,5,"C1,C2,C3,C4,C5",,,True,True,True,True,True,True,True,True,True,True,True,True,True,True,True
terminalblock::terminalblock_0473_OK,terminalblock,test,terminalblock_0473_OK,0473,OK,OK,OK,True,5,5,"C1,C2,C3,C4,C5",,,True,True,True,True,True,True,True,True,True,True,True,True,True,True,True
terminalblock::terminalblock_0474_OK,terminalblock,train,terminalblock_0474_OK,0474,OK,OK,OK,True,5,5,"C1,C2,C3,C4,C5",,,True,True,True,True,True,True,True,True,True,True,True,True,True,True,True
terminalblock::terminalblock_0475_OK,terminalblock,test,terminalblock_0475_OK,0475,OK,OK,OK,True,5,5,"C1,C2,C3,C4,C5",,,True,True,True,True,True,True,True,True,True,True,True,True,True,True,True
terminalblock::terminalblock_0476_OK,terminalblock,test,terminalblock_0476_OK,0476,OK,OK,OK,True,5,5,"C1,C2,C3,C4,C5",,,True,True,True,True,True,True,True,True,True,True,True,True,True,True,True
terminalblock::terminalblock_0477_OK,terminalblock,train,terminalblock_0477_OK,0477,OK,OK,OK,True,5,5,"C1,C2,C3,C4,C5",,,True,True,True,True,True,True,True,True,True,True,True,True,True,True,True
terminalblock::terminalblock_0478_OK,terminalblock,train,terminalblock_0478_OK,0478,OK,OK,OK,True,5,5,"C1,C2,C3,C4,C5",,,True,True,True,True,True,True,True,True,True,True,True,True,True,True,True
terminalblock::terminalblock_0479_OK,terminalblock,train,terminalblock_0479_OK,0479,OK,OK,OK,True,5,5,"C1,C2,C3,C4,C5",,,True,True,True,True,True,True,True,True,True,True,True,True,True,True,True
terminalblock::terminalblock_0480_OK,terminalblock,train,terminalblock_0480_OK,0480,OK,OK,OK,True,5,5,"C1,C2,C3,C4,C5",,,True,True,True,True,True,True,True,True,True,True,True,True,True,True,True
terminalblock::terminalblock_0481_OK,terminalblock,train,terminalblock_0481_OK,0481,OK,OK,OK,True,5,5,"C1,C2,C3,C4,C5",,,True,True,True,True,True,True,True,True,True,True,True,True,True,True,True
terminalblock::terminalblock_0482_OK,terminalblock,test,terminalblock_0482_OK,0482,OK,OK,OK,True,5,5,"C1,C2,C3,C4,C5",,,True,True,True,True,True,True,True,True,True,True,True,True,True,True,True
terminalblock::terminalblock_0483_OK,terminalblock,train,terminalblock_0483_OK,0483,OK,OK,OK,True,5,5,"C1,C2,C3,C4,C5",,,True,True,True,True,True,True,True,True,True,True,True,True,True,True,True
terminalblock::terminalblock_0484_OK,terminalblock,test,terminalblock_0484_OK,0484,OK,OK,OK,True,5,5,"C1,C2,C3,C4,C5",,,True,True,True,True,True,True,True,True,True,True,True,True,True,True,True
terminalblock::terminalblock_0485_OK,terminalblock,test,terminalblock_0485_OK,0485,OK,OK,OK,True,5,5,"C1,C2,C3,C4,C5",,,True,True,True,True,True,True,True,True,True,True,True,True,True,True,True
terminalblock::terminalblock_0486_OK,terminalblock,train,terminalblock_0486_OK,0486,OK,OK,OK,True,5,5,"C1,C2,C3,C4,C5",,,True,True,True,True,True,True,True,True,True,True,True,True,True,True,True
terminalblock::terminalblock_0487_OK,terminalblock,test,terminalblock_0487_OK,0487,OK,OK,OK,True,5,5,"C1,C2,C3,C4,C5",,,True,True,True,True,True,True,True,True,True,True,True,True,True,True,True
terminalblock::terminalblock_0488_OK,terminalblock,test,terminalblock_0488_OK,0488,OK,OK,OK,True,5,5,"C1,C2,C3,C4,C5",,,True,True,True,True,True,True,True,True,True,True,True,True,True,True,True
terminalblock::terminalblock_0489_OK,terminalblock,test,terminalblock_0489_OK,0489,OK,OK,OK,True,5,5,"C1,C2,C3,C4,C5",,,True,True,True,True,True,True,True,True,True,True,True,True,True,True,True
terminalblock::terminalblock_0490_OK,terminalblock,test,terminalblock_0490_OK,0490,OK,OK,OK,True,5,5,"C1,C2,C3,C4,C5",,,True,True,True,True,True,True,True,True,True,True,True,True,True,True,True
terminalblock::terminalblock_0491_OK,terminalblock,train,terminalblock_0491_OK,0491,OK,OK,OK,True,5,5,"C1,C2,C3,C4,C5",,,True,True,True,True,True,True,True,True,True,True,True,True,True,True,True
terminalblock::terminalblock_0492_OK,terminalblock,test,terminalblock_0492_OK,0492,OK,OK,OK,True,5,5,"C1,C2,C3,C4,C5",,,True,True,True,True,True,True,True,True,True,True,True,True,True,True,True
terminalblock::terminalblock_0493_OK,terminalblock,train,terminalblock_0493_OK,0493,OK,OK,OK,True,5,5,"C1,C2,C3,C4,C5",,,True,True,True,True,True,True,True,True,True,True,True,True,True,True,True
terminalblock::terminalblock_0494_OK,terminalblock,test,terminalblock_0494_OK,0494,OK,OK,OK,True,5,5,"C1,C2,C3,C4,C5",,,True,True,True,True,True,True,True,True,True,True,True,True,True,True,True
terminalblock::terminalblock_0495_OK,terminalblock,train,terminalblock_0495_OK,0495,OK,OK,OK,True,5,5,"C1,C2,C3,C4,C5",,,True,True,True,True,True,True,True,True,True,True,True,True,True,True,True
terminalblock::terminalblock_0496_OK,terminalblock,test,terminalblock_0496_OK,0496,OK,OK,OK,True,5,5,"C1,C2,C3,C4,C5",,,True,True,True,True,True,True,True,True,True,True,True,True,True,True,True
terminalblock::terminalblock_0497_OK,terminalblock,train,terminalblock_0497_OK,0497,OK,OK,OK,True,5,5,"C1,C2,C3,C4,C5",,,True,True,True,True,True,True,True,True,True,True,True,True,True,True,True
terminalblock::terminalblock_0498_OK,terminalblock,test,terminalblock_0498_OK,0498,OK,OK,OK,True,5,5,"C1,C2,C3,C4,C5",,,True,True,True,True,True,True,True,True,True,True,True,True,True,True,True
terminalblock::terminalblock_0499_OK,terminalblock,test,terminalblock_0499_OK,0499,OK,OK,OK,True,5,5,"C1,C2,C3,C4,C5",,,True,True,True,True,True,True,True,True,True,True,True,True,True,True,True
terminalblock::terminalblock_0500_OK,terminalblock,train,terminalblock_0500_OK,0500,OK,OK,OK,True,5,5,"C1,C2,C3,C4,C5",,,True,True,True,True,True,True,True,True,True,True,True,True,True,True,True
terminalblock::terminalblock_1038_NG_ZW,terminalblock,test,terminalblock_1038_NG_ZW,1038,OK,NG_ZW,OK,False,5,5,"C1,C2,C3,C4,C5",,,True,True,True,True,True,True,True,True,True,True,True,True,True,True,True
terminalblock::terminalblock_1056_NG_ZW,terminalblock,test,terminalblock_1056_NG_ZW,1056,OK,NG_ZW,OK,False,5,5,"C1,C2,C3,C4,C5",,,True,True,True,True,True,True,True,True,True,True,True,True,True,True,True
terminalblock::terminalblock_1087_NG_ZW,terminalblock,test,terminalblock_1087_NG_ZW,1087,OK,NG_ZW,ZW,False,5,5,"C1,C2,C3,C4,C5",,,True,True,True,True,True,True,True,True,True,True,True,True,True,True,True
terminalblock::terminalblock_1116_NG_ZW,terminalblock,test,terminalblock_1116_NG_ZW,1116,OK,NG_ZW,OK,False,5,5,"C1,C2,C3,C4,C5",,,True,True,True,True,True,True,True,True,True,True,True,True,True,True,True
terminalblock::terminalblock_1151_NG_ZW,terminalblock,test,terminalblock_1151_NG_ZW,1151,OK,NG_ZW,OK,False,5,5,"C1,C2,C3,C4,C5",,,True,True,True,True,True,True,True,True,True,True,True,True,True,True,True
terminalblock::terminalblock_1155_NG_ZW,terminalblock,test,terminalblock_1155_NG_ZW,1155,OK,NG_ZW,OK,False,5,5,"C1,C2,C3,C4,C5",,,True,True,True,True,True,True,True,True,True,True,True,True,True,True,True
terminalblock::terminalblock_1167_NG_ZW,terminalblock,test,terminalblock_1167_NG_ZW,1167,OK,NG_ZW,OK,False,5,5,"C1,C2,C3,C4,C5",,,True,True,True,True,True,True,True,True,True,True,True,True,True,True,True
terminalblock::terminalblock_1169_NG_ZW,terminalblock,test,terminalblock_1169_NG_ZW,1169,OK,NG_ZW,OK,False,5,5,"C1,C2,C3,C4,C5",,,True,True,True,True,True,True,True,True,True,True,True,True,True,True,True
terminalblock::terminalblock_1174_NG_ZW,terminalblock,test,terminalblock_1174_NG_ZW,1174,OK,NG_ZW,OK,False,5,5,"C1,C2,C3,C4,C5",,,True,True,True,True,True,True,True,True,True,True,True,True,True,True,True
terminalblock::terminalblock_1179_NG_ZW,terminalblock,test,terminalblock_1179_NG_ZW,1179,OK,NG_ZW,OK,False,5,5,"C1,C2,C3,C4,C5",,,True,True,True,True,True,True,True,True,True,True,True,True,True,True,True
terminalblock::terminalblock_1192_NG_ZW,terminalblock,test,terminalblock_1192_NG_ZW,1192,OK,NG_ZW,ZW,False,5,5,"C1,C2,C3,C4,C5",,,True,True,True,True,True,True,True,True,True,True,True,True,True,True,True
terminalblock::terminalblock_1207_NG_ZW,terminalblock,test,terminalblock_1207_NG_ZW,1207,OK,NG_ZW,ZW,False,5,5,"C1,C2,C3,C4,C5",,,True,True,True,True,True,True,True,True,True,True,True,True,True,True,True
terminalblock::terminalblock_1441_NG_ZW,terminalblock,test,terminalblock_1441_NG_ZW,1441,OK,NG_ZW,OK,False,5,5,"C1,C2,C3,C4,C5",,,True,True,True,True,True,True,True,True,True,True,True,True,True,True,True
transistor1::transistor1_0001_NG_BX,transistor1,test,transistor1_0001_NG_BX,0001,OK,NG_BX,BX,True,5,5,"C1,C2,C3,C4,C5",,,True,True,True,True,True,True,True,True,True,True,True,True,True,True,True
transistor1::transistor1_0001_NG_QS,transistor1,test,transistor1_0001_NG_QS,0001,OK,NG_QS,QS,False,5,5,"C1,C2,C3,C4,C5",,,True,True,True,True,True,True,True,True,True,True,True,True,True,True,True
transistor1::transistor1_0001_NG_ZW,transistor1,test,transistor1_0001_NG_ZW,0001,OK,NG_ZW,OK,False,5,5,"C1,C2,C3,C4,C5",,,True,True,True,True,True,True,True,True,True,True,True,True,True,True,True
transistor1::transistor1_0001_OK,transistor1,train,transistor1_0001_OK,0001,OK,OK,OK,True,5,5,"C1,C2,C3,C4,C5",,,True,True,True,True,True,True,True,True,True,True,True,True,True,True,True
transistor1::transistor1_0002_NG_BX,transistor1,test,transistor1_0002_NG_BX,0002,OK,NG_BX,BX,True,5,5,"C1,C2,C3,C4,C5",,,True,True,True,True,True,True,True,True,True,True,True,True,True,True,True
transistor1::transistor1_0002_NG_QS,transistor1,test,transistor1_0002_NG_QS,0002,OK,NG_QS,QS,False,5,5,"C1,C2,C3,C4,C5",,,True,True,True,True,True,True,True,True,True,True,True,True,True,True,True
transistor1::transistor1_0002_NG_ZW,transistor1,test,transistor1_0002_NG_ZW,0002,OK,NG_ZW,ZW,True,5,5,"C1,C2,C3,C4,C5",,,True,True,True,True,True,True,True,True,True,True,True,True,True,True,True
transistor1::transistor1_0002_OK,transistor1,test,transistor1_0002_OK,0002,OK,OK,OK,True,5,5,"C1,C2,C3,C4,C5",,,True,True,True,True,True,True,True,True,True,True,True,True,True,True,True
transistor1::transistor1_0003_NG_BX,transistor1,test,transistor1_0003_NG_BX,0003,OK,NG_BX,BX,True,5,5,"C1,C2,C3,C4,C5",,,True,True,True,True,True,True,True,True,True,True,True,True,True,True,True
transistor1::transistor1_0003_NG_QS,transistor1,test,transistor1_0003_NG_QS,0003,OK,NG_QS,QS,False,5,5,"C1,C2,C3,C4,C5",,,True,True,True,True,True,True,True,True,True,True,True,True,True,True,True
transistor1::transistor1_0003_NG_ZW,transistor1,test,transistor1_0003_NG_ZW,0003,OK,NG_ZW,ZW,False,5,5,"C1,C2,C3,C4,C5",,,True,True,True,True,True,True,True,True,True,True,True,True,True,True,True
transistor1::transistor1_0003_OK,transistor1,train,transistor1_0003_OK,0003,OK,OK,OK,True,5,5,"C1,C2,C3,C4,C5",,,True,True,True,True,True,True,True,True,True,True,True,True,True,True,True
transistor1::transistor1_0004_NG_BX,transistor1,test,transistor1_0004_NG_BX,0004,OK,NG_BX,BX,True,5,5,"C1,C2,C3,C4,C5",,,True,True,True,True,True,True,True,True,True,True,True,True,True,True,True
transistor1::transistor1_0004_NG_QS,transistor1,test,transistor1_0004_NG_QS,0004,OK,NG_QS,QS,False,5,5,"C1,C2,C3,C4,C5",,,True,True,True,True,True,True,True,True,True,True,True,True,True,True,True
transistor1::transistor1_0004_NG_ZW,transistor1,test,transistor1_0004_NG_ZW,0004,OK,NG_ZW,ZW,True,5,5,"C1,C2,C3,C4,C5",,,True,True,True,True,True,True,True,True,True,True,True,True,True,True,True
transistor1::transistor1_0004_OK,transistor1,train,transistor1_0004_OK,0004,OK,OK,OK,True,5,5,"C1,C2,C3,C4,C5",,,True,True,True,True,True,True,True,True,True,True,True,True,True,True,True
transistor1::transistor1_0005_NG_BX,transistor1,test,transistor1_0005_NG_BX,0005,OK,NG_BX,BX,True,5,5,"C1,C2,C3,C4,C5",,,True,True,True,True,True,True,True,True,True,True,True,True,True,True,True
transistor1::transistor1_0005_NG_QS,transistor1,test,transistor1_0005_NG_QS,0005,OK,NG_QS,QS,False,5,5,"C1,C2,C3,C4,C5",,,True,True,True,True,True,True,True,True,True,True,True,True,True,True,True
transistor1::transistor1_0005_NG_ZW,transistor1,test,transistor1_0005_NG_ZW,0005,OK,NG_ZW,ZW,True,5,5,"C1,C2,C3,C4,C5",,,True,True,True,True,True,True,True,True,True,True,True,True,True,True,True
transistor1::transistor1_0005_OK,transistor1,train,transistor1_0005_OK,0005,OK,OK,OK,True,5,5,"C1,C2,C3,C4,C5",,,True,True,True,True,True,True,True,True,True,True,True,True,True,True,True
transistor1::transistor1_0006_NG_BX,transistor1,test,transistor1_0006_NG_BX,0006,OK,NG_BX,BX,True,5,5,"C1,C2,C3,C4,C5",,,True,True,True,True,True,True,True,True,True,True,True,True,True,True,True
transistor1::transistor1_0006_NG_QS,transistor1,test,transistor1_0006_NG_QS,0006,OK,NG_QS,QS,False,5,5,"C1,C2,C3,C4,C5",,,True,True,True,True,True,True,True,True,True,True,True,True,True,True,True
transistor1::transistor1_0006_NG_ZW,transistor1,test,transistor1_0006_NG_ZW,0006,OK,NG_ZW,ZW,True,5,5,"C1,C2,C3,C4,C5",,,True,True,True,True,True,True,True,True,True,True,True,True,True,True,True
transistor1::transistor1_0006_OK,transistor1,test,transistor1_0006_OK,0006,OK,OK,OK,True,5,5,"C1,C2,C3,C4,C5",,,True,True,True,True,True,True,True,True,True,True,True,True,True,True,True
transistor1::transistor1_0007_NG_BX,transistor1,test,transistor1_0007_NG_BX,0007,OK,NG_BX,BX,True,5,5,"C1,C2,C3,C4,C5",,,True,True,True,True,True,True,True,True,True,True,True,True,True,True,True
transistor1::transistor1_0007_NG_QS,transistor1,test,transistor1_0007_NG_QS,0007,OK,NG_QS,QS,False,5,5,"C1,C2,C3,C4,C5",,,True,True,True,True,True,True,True,True,True,True,True,True,True,True,True
transistor1::transistor1_0007_NG_ZW,transistor1,test,transistor1_0007_NG_ZW,0007,OK,NG_ZW,OK,False,5,5,"C1,C2,C3,C4,C5",,,True,True,True,True,True,True,True,True,True,True,True,True,True,True,True
transistor1::transistor1_0007_OK,transistor1,test,transistor1_0007_OK,0007,OK,OK,OK,True,5,5,"C1,C2,C3,C4,C5",,,True,True,True,True,True,True,True,True,True,True,True,True,True,True,True
transistor1::transistor1_0008_NG_BX,transistor1,test,transistor1_0008_NG_BX,0008,OK,NG_BX,BX,True,5,5,"C1,C2,C3,C4,C5",,,True,True,True,True,True,True,True,True,True,True,True,True,True,True,True
transistor1::transistor1_0008_NG_QS,transistor1,test,transistor1_0008_NG_QS,0008,OK,NG_QS,QS,False,5,5,"C1,C2,C3,C4,C5",,,True,True,True,True,True,True,True,True,True,True,True,True,True,True,True
transistor1::transistor1_0008_NG_ZW,transistor1,test,transistor1_0008_NG_ZW,0008,OK,NG_ZW,ZW,True,5,5,"C1,C2,C3,C4,C5",,,True,True,True,True,True,True,True,True,True,True,True,True,True,True,True
transistor1::transistor1_0008_OK,transistor1,train,transistor1_0008_OK,0008,OK,OK,OK,True,5,5,"C1,C2,C3,C4,C5",,,True,True,True,True,True,True,True,True,True,True,True,True,True,True,True
transistor1::transistor1_0009_NG_BX,transistor1,test,transistor1_0009_NG_BX,0009,OK,NG_BX,BX,True,5,5,"C1,C2,C3,C4,C5",,,True,True,True,True,True,True,True,True,True,True,True,True,True,True,True
transistor1::transistor1_0009_NG_QS,transistor1,test,transistor1_0009_NG_QS,0009,OK,NG_QS,QS,False,5,5,"C1,C2,C3,C4,C5",,,True,True,True,True,True,True,True,True,True,True,True,True,True,True,True
transistor1::transistor1_0009_NG_ZW,transistor1,test,transistor1_0009_NG_ZW,0009,OK,NG_ZW,OK,False,5,5,"C1,C2,C3,C4,C5",,,True,True,True,True,True,True,True,True,True,True,True,True,True,True,True
transistor1::transistor1_0009_OK,transistor1,train,transistor1_0009_OK,0009,OK,OK,OK,True,5,5,"C1,C2,C3,C4,C5",,,True,True,True,True,True,True,True,True,True,True,True,True,True,True,True
transistor1::transistor1_0010_NG_BX,transistor1,test,transistor1_0010_NG_BX,0010,OK,NG_BX,BX,True,5,5,"C1,C2,C3,C4,C5",,,True,True,True,True,True,True,True,True,True,True,True,True,True,True,True
transistor1::transistor1_0010_NG_QS,transistor1,test,transistor1_0010_NG_QS,0010,OK,NG_QS,QS,False,5,5,"C1,C2,C3,C4,C5",,,True,True,True,True,True,True,True,True,True,True,True,True,True,True,True
transistor1::transistor1_0010_NG_ZW,transistor1,test,transistor1_0010_NG_ZW,0010,OK,NG_ZW,ZW,False,5,5,"C1,C2,C3,C4,C5",,,True,True,True,True,True,True,True,True,True,True,True,True,True,True,True
transistor1::transistor1_0010_OK,transistor1,test,transistor1_0010_OK,0010,OK,OK,OK,True,5,5,"C1,C2,C3,C4,C5",,,True,True,True,True,True,True,True,True,True,True,True,True,True,True,True
transistor1::transistor1_0011_NG_BX,transistor1,test,transistor1_0011_NG_BX,0011,OK,NG_BX,BX,True,5,5,"C1,C2,C3,C4,C5",,,True,True,True,True,True,True,True,True,True,True,True,True,True,True,True
transistor1::transistor1_0011_NG_QS,transistor1,test,transistor1_0011_NG_QS,0011,OK,NG_QS,QS,False,5,5,"C1,C2,C3,C4,C5",,,True,True,True,True,True,True,True,True,True,True,True,True,True,True,True
transistor1::transistor1_0011_NG_ZW,transistor1,test,transistor1_0011_NG_ZW,0011,OK,NG_ZW,ZW,False,5,5,"C1,C2,C3,C4,C5",,,True,True,True,True,True,True,True,True,True,True,True,True,True,True,True
transistor1::transistor1_0011_OK,transistor1,test,transistor1_0011_OK,0011,OK,OK,OK,True,5,5,"C1,C2,C3,C4,C5",,,True,True,True,True,True,True,True,True,True,True,True,True,True,True,True
transistor1::transistor1_0012_NG_BX,transistor1,test,transistor1_0012_NG_BX,0012,OK,NG_BX,BX,True,5,5,"C1,C2,C3,C4,C5",,,True,True,True,True,True,True,True,True,True,True,True,True,True,True,True
transistor1::transistor1_0012_NG_QS,transistor1,test,transistor1_0012_NG_QS,0012,OK,NG_QS,QS,False,5,5,"C1,C2,C3,C4,C5",,,True,True,True,True,True,True,True,True,True,True,True,True,True,True,True
transistor1::transistor1_0012_NG_ZW,transistor1,test,transistor1_0012_NG_ZW,0012,OK,NG_ZW,ZW,True,5,5,"C1,C2,C3,C4,C5",,,True,True,True,True,True,True,True,True,True,True,True,True,True,True,True
transistor1::transistor1_0012_OK,transistor1,test,transistor1_0012_OK,0012,OK,OK,OK,True,5,5,"C1,C2,C3,C4,C5",,,True,True,True,True,True,True,True,True,True,True,True,True,True,True,True
transistor1::transistor1_0013_NG_BX,transistor1,test,transistor1_0013_NG_BX,0013,OK,NG_BX,BX,True,5,5,"C1,C2,C3,C4,C5",,,True,True,True,True,True,True,True,True,True,True,True,True,True,True,True
transistor1::transistor1_0013_NG_QS,transistor1,test,transistor1_0013_NG_QS,0013,OK,NG_QS,QS,False,5,5,"C1,C2,C3,C4,C5",,,True,True,True,True,True,True,True,True,True,True,True,True,True,True,True
transistor1::transistor1_0013_NG_ZW,transistor1,test,transistor1_0013_NG_ZW,0013,OK,NG_ZW,ZW,False,5,5,"C1,C2,C3,C4,C5",,,True,True,True,True,True,True,True,True,True,True,True,True,True,True,True
transistor1::transistor1_0013_OK,transistor1,train,transistor1_0013_OK,0013,OK,OK,OK,True,5,5,"C1,C2,C3,C4,C5",,,True,True,True,True,True,True,True,True,True,True,True,True,True,True,True
transistor1::transistor1_0014_NG_BX,transistor1,test,transistor1_0014_NG_BX,0014,OK,NG_BX,BX,True,5,5,"C1,C2,C3,C4,C5",,,True,True,True,True,True,True,True,True,True,True,True,True,True,True,True
transistor1::transistor1_0014_NG_QS,transistor1,test,transistor1_0014_NG_QS,0014,OK,NG_QS,QS,False,5,5,"C1,C2,C3,C4,C5",,,True,True,True,True,True,True,True,True,True,True,True,True,True,True,True
transistor1::transistor1_0014_NG_ZW,transistor1,test,transistor1_0014_NG_ZW,0014,OK,NG_ZW,ZW,False,5,5,"C1,C2,C3,C4,C5",,,True,True,True,True,True,True,True,True,True,True,True,True,True,True,True
transistor1::transistor1_0014_OK,transistor1,train,transistor1_0014_OK,0014,OK,OK,OK,True,5,5,"C1,C2,C3,C4,C5",,,True,True,True,True,True,True,True,True,True,True,True,True,True,True,True
transistor1::transistor1_0015_NG_BX,transistor1,test,transistor1_0015_NG_BX,0015,OK,NG_BX,BX,True,5,5,"C1,C2,C3,C4,C5",,,True,True,True,True,True,True,True,True,True,True,True,True,True,True,True
transistor1::transistor1_0015_NG_QS,transistor1,test,transistor1_0015_NG_QS,0015,OK,NG_QS,QS,False,5,5,"C1,C2,C3,C4,C5",,,True,True,True,True,True,True,True,True,True,True,True,True,True,True,True
transistor1::transistor1_0015_NG_ZW,transistor1,test,transistor1_0015_NG_ZW,0015,OK,NG_ZW,ZW,False,5,5,"C1,C2,C3,C4,C5",,,True,True,True,True,True,True,True,True,True,True,True,True,True,True,True
transistor1::transistor1_0015_OK,transistor1,test,transistor1_0015_OK,0015,OK,OK,OK,True,5,5,"C1,C2,C3,C4,C5",,,True,True,True,True,True,True,True,True,True,True,True,True,True,True,True
transistor1::transistor1_0016_NG_BX,transistor1,test,transistor1_0016_NG_BX,0016,OK,NG_BX,BX,True,5,5,"C1,C2,C3,C4,C5",,,True,True,True,True,True,True,True,True,True,True,True,True,True,True,True
transistor1::transistor1_0016_NG_QS,transistor1,test,transistor1_0016_NG_QS,0016,OK,NG_QS,QS,False,5,5,"C1,C2,C3,C4,C5",,,True,True,True,True,True,True,True,True,True,True,True,True,True,True,True
transistor1::transistor1_0016_NG_ZW,transistor1,test,transistor1_0016_NG_ZW,0016,OK,NG_ZW,OK,False,5,5,"C1,C2,C3,C4,C5",,,True,True,True,True,True,True,True,True,True,True,True,True,True,True,True
transistor1::transistor1_0016_OK,transistor1,test,transistor1_0016_OK,0016,OK,OK,OK,True,5,5,"C1,C2,C3,C4,C5",,,True,True,True,True,True,True,True,True,True,True,True,True,True,True,True
transistor1::transistor1_0017_NG_BX,transistor1,test,transistor1_0017_NG_BX,0017,OK,NG_BX,BX,True,5,5,"C1,C2,C3,C4,C5",,,True,True,True,True,True,True,True,True,True,True,True,True,True,True,True
transistor1::transistor1_0017_NG_QS,transistor1,test,transistor1_0017_NG_QS,0017,OK,NG_QS,QS,False,5,5,"C1,C2,C3,C4,C5",,,True,True,True,True,True,True,True,True,True,True,True,True,True,True,True
transistor1::transistor1_0017_NG_ZW,transistor1,test,transistor1_0017_NG_ZW,0017,OK,NG_ZW,ZW,False,5,5,"C1,C2,C3,C4,C5",,,True,True,True,True,True,True,True,True,True,True,True,True,True,True,True
transistor1::transistor1_0017_OK,transistor1,train,transistor1_0017_OK,0017,OK,OK,OK,True,5,5,"C1,C2,C3,C4,C5",,,True,True,True,True,True,True,True,True,True,True,True,True,True,True,True
transistor1::transistor1_0018_NG_BX,transistor1,test,transistor1_0018_NG_BX,0018,OK,NG_BX,BX,True,5,5,"C1,C2,C3,C4,C5",,,True,True,True,True,True,True,True,True,True,True,True,True,True,True,True
transistor1::transistor1_0018_NG_QS,transistor1,test,transistor1_0018_NG_QS,0018,OK,NG_QS,QS,False,5,5,"C1,C2,C3,C4,C5",,,True,True,True,True,True,True,True,True,True,True,True,True,True,True,True
transistor1::transistor1_0018_NG_ZW,transistor1,test,transistor1_0018_NG_ZW,0018,OK,NG_ZW,ZW,False,5,5,"C1,C2,C3,C4,C5",,,True,True,True,True,True,True,True,True,True,True,True,True,True,True,True
transistor1::transistor1_0018_OK,transistor1,train,transistor1_0018_OK,0018,OK,OK,OK,True,5,5,"C1,C2,C3,C4,C5",,,True,True,True,True,True,True,True,True,True,True,True,True,True,True,True
transistor1::transistor1_0019_NG_BX,transistor1,test,transistor1_0019_NG_BX,0019,OK,NG_BX,BX,True,5,5,"C1,C2,C3,C4,C5",,,True,True,True,True,True,True,True,True,True,True,True,True,True,True,True
transistor1::transistor1_0019_NG_QS,transistor1,test,transistor1_0019_NG_QS,0019,OK,NG_QS,QS,False,5,5,"C1,C2,C3,C4,C5",,,True,True,True,True,True,True,True,True,True,True,True,True,True,True,True
transistor1::transistor1_0019_NG_ZW,transistor1,test,transistor1_0019_NG_ZW,0019,OK,NG_ZW,ZW,True,5,5,"C1,C2,C3,C4,C5",,,True,True,True,True,True,True,True,True,True,True,True,True,True,True,True
transistor1::transistor1_0019_OK,transistor1,train,transistor1_0019_OK,0019,OK,OK,OK,True,5,5,"C1,C2,C3,C4,C5",,,True,True,True,True,True,True,True,True,True,True,True,True,True,True,True
transistor1::transistor1_0020_NG_BX,transistor1,test,transistor1_0020_NG_BX,0020,OK,NG_BX,BX,True,5,5,"C1,C2,C3,C4,C5",,,True,True,True,True,True,True,True,True,True,True,True,True,True,True,True
transistor1::transistor1_0020_NG_QS,transistor1,test,transistor1_0020_NG_QS,0020,OK,NG_QS,QS,False,5,5,"C1,C2,C3,C4,C5",,,True,True,True,True,True,True,True,True,True,True,True,True,True,True,True
transistor1::transistor1_0020_NG_ZW,transistor1,test,transistor1_0020_NG_ZW,0020,OK,NG_ZW,ZW,True,5,5,"C1,C2,C3,C4,C5",,,True,True,True,True,True,True,True,True,True,True,True,True,True,True,True
transistor1::transistor1_0020_OK,transistor1,train,transistor1_0020_OK,0020,OK,OK,OK,True,5,5,"C1,C2,C3,C4,C5",,,True,True,True,True,True,True,True,True,True,True,True,True,True,True,True
transistor1::transistor1_0021_NG_BX,transistor1,test,transistor1_0021_NG_BX,0021,OK,NG_BX,BX,True,5,5,"C1,C2,C3,C4,C5",,,True,True,True,True,True,True,True,True,True,True,True,True,True,True,True
transistor1::transistor1_0021_NG_QS,transistor1,test,transistor1_0021_NG_QS,0021,OK,NG_QS,QS,False,5,5,"C1,C2,C3,C4,C5",,,True,True,True,True,True,True,True,True,True,True,True,True,True,True,True
transistor1::transistor1_0021_NG_ZW,transistor1,test,transistor1_0021_NG_ZW,0021,OK,NG_ZW,ZW,True,5,5,"C1,C2,C3,C4,C5",,,True,True,True,True,True,True,True,True,True,True,True,True,True,True,True
transistor1::transistor1_0021_OK,transistor1,train,transistor1_0021_OK,0021,OK,OK,OK,True,5,5,"C1,C2,C3,C4,C5",,,True,True,True,True,True,True,True,True,True,True,True,True,True,True,True
transistor1::transistor1_0022_NG_BX,transistor1,test,transistor1_0022_NG_BX,0022,OK,NG_BX,BX,True,5,5,"C1,C2,C3,C4,C5",,,True,True,True,True,True,True,True,True,True,True,True,True,True,True,True
transistor1::transistor1_0022_NG_QS,transistor1,test,transistor1_0022_NG_QS,0022,OK,NG_QS,QS,False,5,5,"C1,C2,C3,C4,C5",,,True,True,True,True,True,True,True,True,True,True,True,True,True,True,True
transistor1::transistor1_0022_NG_ZW,transistor1,test,transistor1_0022_NG_ZW,0022,OK,NG_ZW,ZW,False,5,5,"C1,C2,C3,C4,C5",,,True,True,True,True,True,True,True,True,True,True,True,True,True,True,True
transistor1::transistor1_0022_OK,transistor1,train,transistor1_0022_OK,0022,OK,OK,OK,True,5,5,"C1,C2,C3,C4,C5",,,True,True,True,True,True,True,True,True,True,True,True,True,True,True,True
transistor1::transistor1_0023_NG_BX,transistor1,test,transistor1_0023_NG_BX,0023,OK,NG_BX,BX,True,5,5,"C1,C2,C3,C4,C5",,,True,True,True,True,True,True,True,True,True,True,True,True,True,True,True
transistor1::transistor1_0023_NG_QS,transistor1,test,transistor1_0023_NG_QS,0023,OK,NG_QS,QS,False,5,5,"C1,C2,C3,C4,C5",,,True,True,True,True,True,True,True,True,True,True,True,True,True,True,True
transistor1::transistor1_0023_NG_ZW,transistor1,test,transistor1_0023_NG_ZW,0023,OK,NG_ZW,ZW,True,5,5,"C1,C2,C3,C4,C5",,,True,True,True,True,True,True,True,True,True,True,True,True,True,True,True
transistor1::transistor1_0023_OK,transistor1,test,transistor1_0023_OK,0023,OK,OK,OK,True,5,5,"C1,C2,C3,C4,C5",,,True,True,True,True,True,True,True,True,True,True,True,True,True,True,True
transistor1::transistor1_0024_NG_BX,transistor1,test,transistor1_0024_NG_BX,0024,OK,NG_BX,BX,False,5,5,"C1,C2,C3,C4,C5",,,True,True,True,True,True,True,True,True,True,True,True,True,True,True,True
transistor1::transistor1_0024_NG_QS,transistor1,test,transistor1_0024_NG_QS,0024,OK,NG_QS,QS,False,5,5,"C1,C2,C3,C4,C5",,,True,True,True,True,True,True,True,True,True,True,True,True,True,True,True
transistor1::transistor1_0024_NG_ZW,transistor1,test,transistor1_0024_NG_ZW,0024,OK,NG_ZW,OK,False,5,5,"C1,C2,C3,C4,C5",,,True,True,True,True,True,True,True,True,True,True,True,True,True,True,True
transistor1::transistor1_0024_OK,transistor1,test,transistor1_0024_OK,0024,OK,OK,OK,True,5,5,"C1,C2,C3,C4,C5",,,True,True,True,True,True,True,True,True,True,True,True,True,True,True,True
transistor1::transistor1_0025_NG_BX,transistor1,test,transistor1_0025_NG_BX,0025,OK,NG_BX,BX,True,5,5,"C1,C2,C3,C4,C5",,,True,True,True,True,True,True,True,True,True,True,True,True,True,True,True
transistor1::transistor1_0025_NG_QS,transistor1,test,transistor1_0025_NG_QS,0025,OK,NG_QS,QS,False,5,5,"C1,C2,C3,C4,C5",,,True,True,True,True,True,True,True,True,True,True,True,True,True,True,True
transistor1::transistor1_0025_NG_ZW,transistor1,test,transistor1_0025_NG_ZW,0025,OK,NG_ZW,ZW,False,5,5,"C1,C2,C3,C4,C5",,,True,True,True,True,True,True,True,True,True,True,True,True,True,True,True
transistor1::transistor1_0025_OK,transistor1,test,transistor1_0025_OK,0025,OK,OK,OK,True,5,5,"C1,C2,C3,C4,C5",,,True,True,True,True,True,True,True,True,True,True,True,True,True,True,True
transistor1::transistor1_0026_NG_BX,transistor1,test,transistor1_0026_NG_BX,0026,OK,NG_BX,BX,True,5,5,"C1,C2,C3,C4,C5",,,True,True,True,True,True,True,True,True,True,True,True,True,True,True,True
transistor1::transistor1_0026_NG_QS,transistor1,test,transistor1_0026_NG_QS,0026,OK,NG_QS,QS,False,5,5,"C1,C2,C3,C4,C5",,,True,True,True,True,True,True,True,True,True,True,True,True,True,True,True
transistor1::transistor1_0026_NG_ZW,transistor1,test,transistor1_0026_NG_ZW,0026,OK,NG_ZW,ZW,True,5,5,"C1,C2,C3,C4,C5",,,True,True,True,True,True,True,True,True,True,True,True,True,True,True,True
transistor1::transistor1_0026_OK,transistor1,test,transistor1_0026_OK,0026,OK,OK,OK,True,5,5,"C1,C2,C3,C4,C5",,,True,True,True,True,True,True,True,True,True,True,True,True,True,True,True
transistor1::transistor1_0027_NG_BX,transistor1,test,transistor1_0027_NG_BX,0027,OK,NG_BX,BX,True,5,5,"C1,C2,C3,C4,C5",,,True,True,True,True,True,True,True,True,True,True,True,True,True,True,True
transistor1::transistor1_0027_NG_QS,transistor1,test,transistor1_0027_NG_QS,0027,OK,NG_QS,QS,False,5,5,"C1,C2,C3,C4,C5",,,True,True,True,True,True,True,True,True,True,True,True,True,True,True,True
transistor1::transistor1_0027_NG_ZW,transistor1,test,transistor1_0027_NG_ZW,0027,OK,NG_ZW,OK,False,5,5,"C1,C2,C3,C4,C5",,,True,True,True,True,True,True,True,True,True,True,True,True,True,True,True
transistor1::transistor1_0027_OK,transistor1,train,transistor1_0027_OK,0027,OK,OK,OK,True,5,5,"C1,C2,C3,C4,C5",,,True,True,True,True,True,True,True,True,True,True,True,True,True,True,True
transistor1::transistor1_0028_NG_BX,transistor1,test,transistor1_0028_NG_BX,0028,OK,NG_BX,BX,True,5,5,"C1,C2,C3,C4,C5",,,True,True,True,True,True,True,True,True,True,True,True,True,True,True,True
transistor1::transistor1_0028_NG_QS,transistor1,test,transistor1_0028_NG_QS,0028,OK,NG_QS,QS,False,5,5,"C1,C2,C3,C4,C5",,,True,True,True,True,True,True,True,True,True,True,True,True,True,True,True
transistor1::transistor1_0028_NG_ZW,transistor1,test,transistor1_0028_NG_ZW,0028,OK,NG_ZW,ZW,False,5,5,"C1,C2,C3,C4,C5",,,True,True,True,True,True,True,True,True,True,True,True,True,True,True,True
transistor1::transistor1_0028_OK,transistor1,train,transistor1_0028_OK,0028,OK,OK,OK,True,5,5,"C1,C2,C3,C4,C5",,,True,True,True,True,True,True,True,True,True,True,True,True,True,True,True
transistor1::transistor1_0029_NG_BX,transistor1,test,transistor1_0029_NG_BX,0029,OK,NG_BX,BX,True,5,5,"C1,C2,C3,C4,C5",,,True,True,True,True,True,True,True,True,True,True,True,True,True,True,True
transistor1::transistor1_0029_NG_QS,transistor1,test,transistor1_0029_NG_QS,0029,OK,NG_QS,QS,False,5,5,"C1,C2,C3,C4,C5",,,True,True,True,True,True,True,True,True,True,True,True,True,True,True,True
transistor1::transistor1_0029_NG_ZW,transistor1,test,transistor1_0029_NG_ZW,0029,OK,NG_ZW,OK,False,5,5,"C1,C2,C3,C4,C5",,,True,True,True,True,True,True,True,True,True,True,True,True,True,True,True
transistor1::transistor1_0029_OK,transistor1,train,transistor1_0029_OK,0029,OK,OK,OK,True,5,5,"C1,C2,C3,C4,C5",,,True,True,True,True,True,True,True,True,True,True,True,True,True,True,True
transistor1::transistor1_0030_NG_BX,transistor1,test,transistor1_0030_NG_BX,0030,OK,NG_BX,BX,True,5,5,"C1,C2,C3,C4,C5",,,True,True,True,True,True,True,True,True,True,True,True,True,True,True,True
transistor1::transistor1_0030_NG_QS,transistor1,test,transistor1_0030_NG_QS,0030,OK,NG_QS,QS,False,5,5,"C1,C2,C3,C4,C5",,,True,True,True,True,True,True,True,True,True,True,True,True,True,True,True
transistor1::transistor1_0030_NG_ZW,transistor1,test,transistor1_0030_NG_ZW,0030,OK,NG_ZW,ZW,False,5,5,"C1,C2,C3,C4,C5",,,True,True,True,True,True,True,True,True,True,True,True,True,True,True,True
transistor1::transistor1_0030_OK,transistor1,train,transistor1_0030_OK,0030,OK,OK,OK,True,5,5,"C1,C2,C3,C4,C5",,,True,True,True,True,True,True,True,True,True,True,True,True,True,True,True
transistor1::transistor1_0031_NG_BX,transistor1,test,transistor1_0031_NG_BX,0031,OK,NG_BX,BX,True,5,5,"C1,C2,C3,C4,C5",,,True,True,True,True,True,True,True,True,True,True,True,True,True,True,True
transistor1::transistor1_0031_NG_QS,transistor1,test,transistor1_0031_NG_QS,0031,OK,NG_QS,QS,False,5,5,"C1,C2,C3,C4,C5",,,True,True,True,True,True,True,True,True,True,True,True,True,True,True,True
transistor1::transistor1_0031_NG_ZW,transistor1,test,transistor1_0031_NG_ZW,0031,OK,NG_ZW,OK,False,5,5,"C1,C2,C3,C4,C5",,,True,True,True,True,True,True,True,True,True,True,True,True,True,True,True
transistor1::transistor1_0031_OK,transistor1,test,transistor1_0031_OK,0031,OK,OK,OK,True,5,5,"C1,C2,C3,C4,C5",,,True,True,True,True,True,True,True,True,True,True,True,True,True,True,True
transistor1::transistor1_0032_NG_BX,transistor1,test,transistor1_0032_NG_BX,0032,OK,NG_BX,BX,True,5,5,"C1,C2,C3,C4,C5",,,True,True,True,True,True,True,True,True,True,True,True,True,True,True,True
transistor1::transistor1_0032_NG_QS,transistor1,test,transistor1_0032_NG_QS,0032,OK,NG_QS,QS,False,5,5,"C1,C2,C3,C4,C5",,,True,True,True,True,True,True,True,True,True,True,True,True,True,True,True
transistor1::transistor1_0032_NG_ZW,transistor1,test,transistor1_0032_NG_ZW,0032,OK,NG_ZW,ZW,True,5,5,"C1,C2,C3,C4,C5",,,True,True,True,True,True,True,True,True,True,True,True,True,True,True,True
transistor1::transistor1_0032_OK,transistor1,test,transistor1_0032_OK,0032,OK,OK,OK,True,5,5,"C1,C2,C3,C4,C5",,,True,True,True,True,True,True,True,True,True,True,True,True,True,True,True
transistor1::transistor1_0033_NG_BX,transistor1,test,transistor1_0033_NG_BX,0033,OK,NG_BX,BX,True,5,5,"C1,C2,C3,C4,C5",,,True,True,True,True,True,True,True,True,True,True,True,True,True,True,True
transistor1::transistor1_0033_NG_QS,transistor1,test,transistor1_0033_NG_QS,0033,OK,NG_QS,QS,False,5,5,"C1,C2,C3,C4,C5",,,True,True,True,True,True,True,True,True,True,True,True,True,True,True,True
transistor1::transistor1_0033_NG_ZW,transistor1,test,transistor1_0033_NG_ZW,0033,OK,NG_ZW,ZW,False,5,5,"C1,C2,C3,C4,C5",,,True,True,True,True,True,True,True,True,True,True,True,True,True,True,True
transistor1::transistor1_0033_OK,transistor1,test,transistor1_0033_OK,0033,OK,OK,OK,True,5,5,"C1,C2,C3,C4,C5",,,True,True,True,True,True,True,True,True,True,True,True,True,True,True,True
transistor1::transistor1_0034_NG_BX,transistor1,test,transistor1_0034_NG_BX,0034,OK,NG_BX,BX,True,5,5,"C1,C2,C3,C4,C5",,,True,True,True,True,True,True,True,True,True,True,True,True,True,True,True
transistor1::transistor1_0034_NG_QS,transistor1,test,transistor1_0034_NG_QS,0034,OK,NG_QS,QS,False,5,5,"C1,C2,C3,C4,C5",,,True,True,True,True,True,True,True,True,True,True,True,True,True,True,True
transistor1::transistor1_0034_NG_ZW,transistor1,test,transistor1_0034_NG_ZW,0034,OK,NG_ZW,OK,False,5,5,"C1,C2,C3,C4,C5",,,True,True,True,True,True,True,True,True,True,True,True,True,True,True,True
transistor1::transistor1_0034_OK,transistor1,train,transistor1_0034_OK,0034,OK,OK,OK,True,5,5,"C1,C2,C3,C4,C5",,,True,True,True,True,True,True,True,True,True,True,True,True,True,True,True
transistor1::transistor1_0035_NG_BX,transistor1,test,transistor1_0035_NG_BX,0035,OK,NG_BX,BX,True,5,5,"C1,C2,C3,C4,C5",,,True,True,True,True,True,True,True,True,True,True,True,True,True,True,True
transistor1::transistor1_0035_NG_QS,transistor1,test,transistor1_0035_NG_QS,0035,OK,NG_QS,QS,False,5,5,"C1,C2,C3,C4,C5",,,True,True,True,True,True,True,True,True,True,True,True,True,True,True,True
transistor1::transistor1_0035_NG_ZW,transistor1,test,transistor1_0035_NG_ZW,0035,OK,NG_ZW,ZW,True,5,5,"C1,C2,C3,C4,C5",,,True,True,True,True,True,True,True,True,True,True,True,True,True,True,True
transistor1::transistor1_0035_OK,transistor1,test,transistor1_0035_OK,0035,OK,OK,OK,True,5,5,"C1,C2,C3,C4,C5",,,True,True,True,True,True,True,True,True,True,True,True,True,True,True,True
transistor1::transistor1_0036_NG_BX,transistor1,test,transistor1_0036_NG_BX,0036,OK,NG_BX,BX,True,5,5,"C1,C2,C3,C4,C5",,,True,True,True,True,True,True,True,True,True,True,True,True,True,True,True
transistor1::transistor1_0036_NG_QS,transistor1,test,transistor1_0036_NG_QS,0036,OK,NG_QS,QS,False,5,5,"C1,C2,C3,C4,C5",,,True,True,True,True,True,True,True,True,True,True,True,True,True,True,True
transistor1::transistor1_0036_NG_ZW,transistor1,test,transistor1_0036_NG_ZW,0036,OK,NG_ZW,ZW,False,5,5,"C1,C2,C3,C4,C5",,,True,True,True,True,True,True,True,True,True,True,True,True,True,True,True
transistor1::transistor1_0036_OK,transistor1,test,transistor1_0036_OK,0036,OK,OK,OK,True,5,5,"C1,C2,C3,C4,C5",,,True,True,True,True,True,True,True,True,True,True,True,True,True,True,True
transistor1::transistor1_0037_NG_BX,transistor1,test,transistor1_0037_NG_BX,0037,OK,NG_BX,BX,True,5,5,"C1,C2,C3,C4,C5",,,True,True,True,True,True,True,True,True,True,True,True,True,True,True,True
transistor1::transistor1_0037_NG_QS,transistor1,test,transistor1_0037_NG_QS,0037,OK,NG_QS,QS,False,5,5,"C1,C2,C3,C4,C5",,,True,True,True,True,True,True,True,True,True,True,True,True,True,True,True
transistor1::transistor1_0037_NG_ZW,transistor1,test,transistor1_0037_NG_ZW,0037,OK,NG_ZW,ZW,True,5,5,"C1,C2,C3,C4,C5",,,True,True,True,True,True,True,True,True,True,True,True,True,True,True,True
transistor1::transistor1_0037_OK,transistor1,train,transistor1_0037_OK,0037,OK,OK,OK,True,5,5,"C1,C2,C3,C4,C5",,,True,True,True,True,True,True,True,True,True,True,True,True,True,True,True
transistor1::transistor1_0038_NG_BX,transistor1,test,transistor1_0038_NG_BX,0038,OK,NG_BX,BX,True,5,5,"C1,C2,C3,C4,C5",,,True,True,True,True,True,True,True,True,True,True,True,True,True,True,True
transistor1::transistor1_0038_NG_QS,transistor1,test,transistor1_0038_NG_QS,0038,OK,NG_QS,QS,False,5,5,"C1,C2,C3,C4,C5",,,True,True,True,True,True,True,True,True,True,True,True,True,True,True,True
transistor1::transistor1_0038_NG_ZW,transistor1,test,transistor1_0038_NG_ZW,0038,OK,NG_ZW,ZW,True,5,5,"C1,C2,C3,C4,C5",,,True,True,True,True,True,True,True,True,True,True,True,True,True,True,True
transistor1::transistor1_0038_OK,transistor1,test,transistor1_0038_OK,0038,OK,OK,OK,True,5,5,"C1,C2,C3,C4,C5",,,True,True,True,True,True,True,True,True,True,True,True,True,True,True,True
transistor1::transistor1_0039_NG_BX,transistor1,test,transistor1_0039_NG_BX,0039,OK,NG_BX,BX,False,5,5,"C1,C2,C3,C4,C5",,,True,True,True,True,True,True,True,True,True,True,True,True,True,True,True
transistor1::transistor1_0039_NG_QS,transistor1,test,transistor1_0039_NG_QS,0039,OK,NG_QS,QS,False,5,5,"C1,C2,C3,C4,C5",,,True,True,True,True,True,True,True,True,True,True,True,True,True,True,True
transistor1::transistor1_0039_NG_ZW,transistor1,test,transistor1_0039_NG_ZW,0039,OK,NG_ZW,ZW,False,5,5,"C1,C2,C3,C4,C5",,,True,True,True,True,True,True,True,True,True,True,True,True,True,True,True
transistor1::transistor1_0039_OK,transistor1,train,transistor1_0039_OK,0039,OK,OK,OK,True,5,5,"C1,C2,C3,C4,C5",,,True,True,True,True,True,True,True,True,True,True,True,True,True,True,True
transistor1::transistor1_0040_NG_BX,transistor1,test,transistor1_0040_NG_BX,0040,OK,NG_BX,BX,True,5,5,"C1,C2,C3,C4,C5",,,True,True,True,True,True,True,True,True,True,True,True,True,True,True,True
transistor1::transistor1_0040_NG_QS,transistor1,test,transistor1_0040_NG_QS,0040,OK,NG_QS,QS,False,5,5,"C1,C2,C3,C4,C5",,,True,True,True,True,True,True,True,True,True,True,True,True,True,True,True
transistor1::transistor1_0040_NG_ZW,transistor1,test,transistor1_0040_NG_ZW,0040,OK,NG_ZW,ZW,False,5,5,"C1,C2,C3,C4,C5",,,True,True,True,True,True,True,True,True,True,True,True,True,True,True,True
transistor1::transistor1_0040_OK,transistor1,test,transistor1_0040_OK,0040,OK,OK,OK,True,5,5,"C1,C2,C3,C4,C5",,,True,True,True,True,True,True,True,True,True,True,True,True,True,True,True
transistor1::transistor1_0041_NG_BX,transistor1,test,transistor1_0041_NG_BX,0041,OK,NG_BX,BX,True,5,5,"C1,C2,C3,C4,C5",,,True,True,True,True,True,True,True,True,True,True,True,True,True,True,True
transistor1::transistor1_0041_NG_QS,transistor1,test,transistor1_0041_NG_QS,0041,OK,NG_QS,QS,False,5,5,"C1,C2,C3,C4,C5",,,True,True,True,True,True,True,True,True,True,True,True,True,True,True,True
transistor1::transistor1_0041_NG_ZW,transistor1,test,transistor1_0041_NG_ZW,0041,OK,NG_ZW,ZW,True,5,5,"C1,C2,C3,C4,C5",,,True,True,True,True,True,True,True,True,True,True,True,True,True,True,True
transistor1::transistor1_0041_OK,transistor1,test,transistor1_0041_OK,0041,OK,OK,OK,True,5,5,"C1,C2,C3,C4,C5",,,True,True,True,True,True,True,True,True,True,True,True,True,True,True,True
transistor1::transistor1_0042_NG_BX,transistor1,test,transistor1_0042_NG_BX,0042,OK,NG_BX,BX,True,5,5,"C1,C2,C3,C4,C5",,,True,True,True,True,True,True,True,True,True,True,True,True,True,True,True
transistor1::transistor1_0042_NG_QS,transistor1,test,transistor1_0042_NG_QS,0042,OK,NG_QS,QS,False,5,5,"C1,C2,C3,C4,C5",,,True,True,True,True,True,True,True,True,True,True,True,True,True,True,True
transistor1::transistor1_0042_NG_ZW,transistor1,test,transistor1_0042_NG_ZW,0042,OK,NG_ZW,ZW,False,5,5,"C1,C2,C3,C4,C5",,,True,True,True,True,True,True,True,True,True,True,True,True,True,True,True
transistor1::transistor1_0043_NG_BX,transistor1,test,transistor1_0043_NG_BX,0043,OK,NG_BX,BX,True,5,5,"C1,C2,C3,C4,C5",,,True,True,True,True,True,True,True,True,True,True,True,True,True,True,True
transistor1::transistor1_0043_NG_QS,transistor1,test,transistor1_0043_NG_QS,0043,OK,NG_QS,QS,False,5,5,"C1,C2,C3,C4,C5",,,True,True,True,True,True,True,True,True,True,True,True,True,True,True,True
transistor1::transistor1_0043_NG_ZW,transistor1,test,transistor1_0043_NG_ZW,0043,OK,NG_ZW,ZW,False,5,5,"C1,C2,C3,C4,C5",,,True,True,True,True,True,True,True,True,True,True,True,True,True,True,True
transistor1::transistor1_0043_OK,transistor1,train,transistor1_0043_OK,0043,OK,OK,OK,True,5,5,"C1,C2,C3,C4,C5",,,True,True,True,True,True,True,True,True,True,True,True,True,True,True,True
transistor1::transistor1_0044_NG_BX,transistor1,test,transistor1_0044_NG_BX,0044,OK,NG_BX,BX,True,5,5,"C1,C2,C3,C4,C5",,,True,True,True,True,True,True,True,True,True,True,True,True,True,True,True
transistor1::transistor1_0044_NG_QS,transistor1,test,transistor1_0044_NG_QS,0044,OK,NG_QS,QS,False,5,5,"C1,C2,C3,C4,C5",,,True,True,True,True,True,True,True,True,True,True,True,True,True,True,True
transistor1::transistor1_0044_NG_ZW,transistor1,test,transistor1_0044_NG_ZW,0044,OK,NG_ZW,ZW,False,5,5,"C1,C2,C3,C4,C5",,,True,True,True,True,True,True,True,True,True,True,True,True,True,True,True
transistor1::transistor1_0044_OK,transistor1,test,transistor1_0044_OK,0044,OK,OK,OK,True,5,5,"C1,C2,C3,C4,C5",,,True,True,True,True,True,True,True,True,True,True,True,True,True,True,True
transistor1::transistor1_0045_NG_BX,transistor1,test,transistor1_0045_NG_BX,0045,OK,NG_BX,BX,True,5,5,"C1,C2,C3,C4,C5",,,True,True,True,True,True,True,True,True,True,True,True,True,True,True,True
transistor1::transistor1_0045_NG_QS,transistor1,test,transistor1_0045_NG_QS,0045,OK,NG_QS,QS,False,5,5,"C1,C2,C3,C4,C5",,,True,True,True,True,True,True,True,True,True,True,True,True,True,True,True
transistor1::transistor1_0045_NG_ZW,transistor1,test,transistor1_0045_NG_ZW,0045,OK,NG_ZW,OK,False,5,5,"C1,C2,C3,C4,C5",,,True,True,True,True,True,True,True,True,True,True,True,True,True,True,True
transistor1::transistor1_0045_OK,transistor1,test,transistor1_0045_OK,0045,OK,OK,OK,True,5,5,"C1,C2,C3,C4,C5",,,True,True,True,True,True,True,True,True,True,True,True,True,True,True,True
transistor1::transistor1_0046_NG_BX,transistor1,test,transistor1_0046_NG_BX,0046,OK,NG_BX,BX,True,5,5,"C1,C2,C3,C4,C5",,,True,True,True,True,True,True,True,True,True,True,True,True,True,True,True
transistor1::transistor1_0046_NG_QS,transistor1,test,transistor1_0046_NG_QS,0046,OK,NG_QS,QS,False,5,5,"C1,C2,C3,C4,C5",,,True,True,True,True,True,True,True,True,True,True,True,True,True,True,True
transistor1::transistor1_0046_NG_ZW,transistor1,test,transistor1_0046_NG_ZW,0046,OK,NG_ZW,ZW,False,5,5,"C1,C2,C3,C4,C5",,,True,True,True,True,True,True,True,True,True,True,True,True,True,True,True
transistor1::transistor1_0046_OK,transistor1,test,transistor1_0046_OK,0046,OK,OK,OK,True,5,5,"C1,C2,C3,C4,C5",,,True,True,True,True,True,True,True,True,True,True,True,True,True,True,True
transistor1::transistor1_0047_NG_BX,transistor1,test,transistor1_0047_NG_BX,0047,OK,NG_BX,BX,True,5,5,"C1,C2,C3,C4,C5",,,True,True,True,True,True,True,True,True,True,True,True,True,True,True,True
transistor1::transistor1_0047_NG_QS,transistor1,test,transistor1_0047_NG_QS,0047,OK,NG_QS,QS,False,5,5,"C1,C2,C3,C4,C5",,,True,True,True,True,True,True,True,True,True,True,True,True,True,True,True
transistor1::transistor1_0047_NG_ZW,transistor1,test,transistor1_0047_NG_ZW,0047,OK,NG_ZW,OK,False,5,5,"C1,C2,C3,C4,C5",,,True,True,True,True,True,True,True,True,True,True,True,True,True,True,True
transistor1::transistor1_0047_OK,transistor1,train,transistor1_0047_OK,0047,OK,OK,OK,True,5,5,"C1,C2,C3,C4,C5",,,True,True,True,True,True,True,True,True,True,True,True,True,True,True,True
transistor1::transistor1_0048_NG_BX,transistor1,test,transistor1_0048_NG_BX,0048,OK,NG_BX,BX,True,5,5,"C1,C2,C3,C4,C5",,,True,True,True,True,True,True,True,True,True,True,True,True,True,True,True
transistor1::transistor1_0048_NG_QS,transistor1,test,transistor1_0048_NG_QS,0048,OK,NG_QS,QS,False,5,5,"C1,C2,C3,C4,C5",,,True,True,True,True,True,True,True,True,True,True,True,True,True,True,True
transistor1::transistor1_0048_NG_ZW,transistor1,test,transistor1_0048_NG_ZW,0048,OK,NG_ZW,ZW,False,5,5,"C1,C2,C3,C4,C5",,,True,True,True,True,True,True,True,True,True,True,True,True,True,True,True
transistor1::transistor1_0048_OK,transistor1,test,transistor1_0048_OK,0048,OK,OK,OK,True,5,5,"C1,C2,C3,C4,C5",,,True,True,True,True,True,True,True,True,True,True,True,True,True,True,True
transistor1::transistor1_0049_NG_BX,transistor1,test,transistor1_0049_NG_BX,0049,OK,NG_BX,BX,True,5,5,"C1,C2,C3,C4,C5",,,True,True,True,True,True,True,True,True,True,True,True,True,True,True,True
transistor1::transistor1_0049_NG_QS,transistor1,test,transistor1_0049_NG_QS,0049,OK,NG_QS,QS,False,5,5,"C1,C2,C3,C4,C5",,,True,True,True,True,True,True,True,True,True,True,True,True,True,True,True
transistor1::transistor1_0049_NG_ZW,transistor1,test,transistor1_0049_NG_ZW,0049,OK,NG_ZW,ZW,False,5,5,"C1,C2,C3,C4,C5",,,True,True,True,True,True,True,True,True,True,True,True,True,True,True,True
transistor1::transistor1_0049_OK,transistor1,test,transistor1_0049_OK,0049,OK,OK,OK,True,5,5,"C1,C2,C3,C4,C5",,,True,True,True,True,True,True,True,True,True,True,True,True,True,True,True
transistor1::transistor1_0050_NG_BX,transistor1,test,transistor1_0050_NG_BX,0050,OK,NG_BX,BX,True,5,5,"C1,C2,C3,C4,C5",,,True,True,True,True,True,True,True,True,True,True,True,True,True,True,True
transistor1::transistor1_0050_NG_QS,transistor1,test,transistor1_0050_NG_QS,0050,OK,NG_QS,QS,False,5,5,"C1,C2,C3,C4,C5",,,True,True,True,True,True,True,True,True,True,True,True,True,True,True,True
transistor1::transistor1_0050_NG_ZW,transistor1,test,transistor1_0050_NG_ZW,0050,OK,NG_ZW,ZW,False,5,5,"C1,C2,C3,C4,C5",,,True,True,True,True,True,True,True,True,True,True,True,True,True,True,True
transistor1::transistor1_0050_OK,transistor1,test,transistor1_0050_OK,0050,OK,OK,OK,True,5,5,"C1,C2,C3,C4,C5",,,True,True,True,True,True,True,True,True,True,True,True,True,True,True,True
transistor1::transistor1_0051_NG_BX,transistor1,test,transistor1_0051_NG_BX,0051,OK,NG_BX,BX,True,5,5,"C1,C2,C3,C4,C5",,,True,True,True,True,True,True,True,True,True,True,True,True,True,True,True
transistor1::transistor1_0051_NG_QS,transistor1,test,transistor1_0051_NG_QS,0051,OK,NG_QS,QS,False,5,5,"C1,C2,C3,C4,C5",,,True,True,True,True,True,True,True,True,True,True,True,True,True,True,True
transistor1::transistor1_0051_NG_ZW,transistor1,test,transistor1_0051_NG_ZW,0051,OK,NG_ZW,ZW,True,5,5,"C1,C2,C3,C4,C5",,,True,True,True,True,True,True,True,True,True,True,True,True,True,True,True
transistor1::transistor1_0051_OK,transistor1,test,transistor1_0051_OK,0051,OK,OK,OK,True,5,5,"C1,C2,C3,C4,C5",,,True,True,True,True,True,True,True,True,True,True,True,True,True,True,True
transistor1::transistor1_0052_NG_BX,transistor1,test,transistor1_0052_NG_BX,0052,OK,NG_BX,BX,True,5,5,"C1,C2,C3,C4,C5",,,True,True,True,True,True,True,True,True,True,True,True,True,True,True,True
transistor1::transistor1_0052_NG_QS,transistor1,test,transistor1_0052_NG_QS,0052,OK,NG_QS,QS,False,5,5,"C1,C2,C3,C4,C5",,,True,True,True,True,True,True,True,True,True,True,True,True,True,True,True
transistor1::transistor1_0052_NG_ZW,transistor1,test,transistor1_0052_NG_ZW,0052,OK,NG_ZW,ZW,True,5,5,"C1,C2,C3,C4,C5",,,True,True,True,True,True,True,True,True,True,True,True,True,True,True,True
transistor1::transistor1_0052_OK,transistor1,test,transistor1_0052_OK,0052,OK,OK,OK,True,5,5,"C1,C2,C3,C4,C5",,,True,True,True,True,True,True,True,True,True,True,True,True,True,True,True
transistor1::transistor1_0053_NG_BX,transistor1,test,transistor1_0053_NG_BX,0053,OK,NG_BX,BX,True,5,5,"C1,C2,C3,C4,C5",,,True,True,True,True,True,True,True,True,True,True,True,True,True,True,True
transistor1::transistor1_0053_NG_QS,transistor1,test,transistor1_0053_NG_QS,0053,OK,NG_QS,QS,False,5,5,"C1,C2,C3,C4,C5",,,True,True,True,True,True,True,True,True,True,True,True,True,True,True,True
transistor1::transistor1_0053_NG_ZW,transistor1,test,transistor1_0053_NG_ZW,0053,OK,NG_ZW,OK,False,5,5,"C1,C2,C3,C4,C5",,,True,True,True,True,True,True,True,True,True,True,True,True,True,True,True
transistor1::transistor1_0053_OK,transistor1,test,transistor1_0053_OK,0053,OK,OK,OK,True,5,5,"C1,C2,C3,C4,C5",,,True,True,True,True,True,True,True,True,True,True,True,True,True,True,True
transistor1::transistor1_0054_NG_BX,transistor1,test,transistor1_0054_NG_BX,0054,OK,NG_BX,BX,True,5,5,"C1,C2,C3,C4,C5",,,True,True,True,True,True,True,True,True,True,True,True,True,True,True,True
transistor1::transistor1_0054_NG_QS,transistor1,test,transistor1_0054_NG_QS,0054,OK,NG_QS,QS,False,5,5,"C1,C2,C3,C4,C5",,,True,True,True,True,True,True,True,True,True,True,True,True,True,True,True
transistor1::transistor1_0054_NG_ZW,transistor1,test,transistor1_0054_NG_ZW,0054,OK,NG_ZW,OK,False,5,5,"C1,C2,C3,C4,C5",,,True,True,True,True,True,True,True,True,True,True,True,True,True,True,True
transistor1::transistor1_0054_OK,transistor1,test,transistor1_0054_OK,0054,OK,OK,OK,True,5,5,"C1,C2,C3,C4,C5",,,True,True,True,True,True,True,True,True,True,True,True,True,True,True,True
transistor1::transistor1_0055_NG_BX,transistor1,test,transistor1_0055_NG_BX,0055,OK,NG_BX,BX,True,5,5,"C1,C2,C3,C4,C5",,,True,True,True,True,True,True,True,True,True,True,True,True,True,True,True
transistor1::transistor1_0055_NG_QS,transistor1,test,transistor1_0055_NG_QS,0055,OK,NG_QS,QS,False,5,5,"C1,C2,C3,C4,C5",,,True,True,True,True,True,True,True,True,True,True,True,True,True,True,True
transistor1::transistor1_0055_NG_ZW,transistor1,test,transistor1_0055_NG_ZW,0055,OK,NG_ZW,ZW,False,5,5,"C1,C2,C3,C4,C5",,,True,True,True,True,True,True,True,True,True,True,True,True,True,True,True
transistor1::transistor1_0055_OK,transistor1,test,transistor1_0055_OK,0055,OK,OK,OK,True,5,5,"C1,C2,C3,C4,C5",,,True,True,True,True,True,True,True,True,True,True,True,True,True,True,True
transistor1::transistor1_0056_NG_BX,transistor1,test,transistor1_0056_NG_BX,0056,OK,NG_BX,BX,True,5,5,"C1,C2,C3,C4,C5",,,True,True,True,True,True,True,True,True,True,True,True,True,True,True,True
transistor1::transistor1_0056_NG_QS,transistor1,test,transistor1_0056_NG_QS,0056,OK,NG_QS,QS,False,5,5,"C1,C2,C3,C4,C5",,,True,True,True,True,True,True,True,True,True,True,True,True,True,True,True
transistor1::transistor1_0056_NG_ZW,transistor1,test,transistor1_0056_NG_ZW,0056,OK,NG_ZW,ZW,True,5,5,"C1,C2,C3,C4,C5",,,True,True,True,True,True,True,True,True,True,True,True,True,True,True,True
transistor1::transistor1_0056_OK,transistor1,test,transistor1_0056_OK,0056,OK,OK,OK,True,5,5,"C1,C2,C3,C4,C5",,,True,True,True,True,True,True,True,True,True,True,True,True,True,True,True
transistor1::transistor1_0057_NG_BX,transistor1,test,transistor1_0057_NG_BX,0057,OK,NG_BX,BX,True,5,5,"C1,C2,C3,C4,C5",,,True,True,True,True,True,True,True,True,True,True,True,True,True,True,True
transistor1::transistor1_0057_NG_QS,transistor1,test,transistor1_0057_NG_QS,0057,OK,NG_QS,QS,False,5,5,"C1,C2,C3,C4,C5",,,True,True,True,True,True,True,True,True,True,True,True,True,True,True,True
transistor1::transistor1_0057_NG_ZW,transistor1,test,transistor1_0057_NG_ZW,0057,OK,NG_ZW,ZW,True,5,5,"C1,C2,C3,C4,C5",,,True,True,True,True,True,True,True,True,True,True,True,True,True,True,True
transistor1::transistor1_0057_OK,transistor1,test,transistor1_0057_OK,0057,OK,OK,OK,True,5,5,"C1,C2,C3,C4,C5",,,True,True,True,True,True,True,True,True,True,True,True,True,True,True,True
transistor1::transistor1_0058_NG_BX,transistor1,test,transistor1_0058_NG_BX,0058,OK,NG_BX,BX,True,5,5,"C1,C2,C3,C4,C5",,,True,True,True,True,True,True,True,True,True,True,True,True,True,True,True
transistor1::transistor1_0058_NG_QS,transistor1,test,transistor1_0058_NG_QS,0058,OK,NG_QS,QS,False,5,5,"C1,C2,C3,C4,C5",,,True,True,True,True,True,True,True,True,True,True,True,True,True,True,True
transistor1::transistor1_0058_NG_ZW,transistor1,test,transistor1_0058_NG_ZW,0058,OK,NG_ZW,ZW,True,5,5,"C1,C2,C3,C4,C5",,,True,True,True,True,True,True,True,True,True,True,True,True,True,True,True
transistor1::transistor1_0058_OK,transistor1,train,transistor1_0058_OK,0058,OK,OK,OK,True,5,5,"C1,C2,C3,C4,C5",,,True,True,True,True,True,True,True,True,True,True,True,True,True,True,True
transistor1::transistor1_0059_NG_BX,transistor1,test,transistor1_0059_NG_BX,0059,OK,NG_BX,BX,True,5,5,"C1,C2,C3,C4,C5",,,True,True,True,True,True,True,True,True,True,True,True,True,True,True,True
transistor1::transistor1_0059_NG_QS,transistor1,test,transistor1_0059_NG_QS,0059,OK,NG_QS,QS,False,5,5,"C1,C2,C3,C4,C5",,,True,True,True,True,True,True,True,True,True,True,True,True,True,True,True
transistor1::transistor1_0059_NG_ZW,transistor1,test,transistor1_0059_NG_ZW,0059,OK,NG_ZW,ZW,True,5,5,"C1,C2,C3,C4,C5",,,True,True,True,True,True,True,True,True,True,True,True,True,True,True,True
transistor1::transistor1_0059_OK,transistor1,train,transistor1_0059_OK,0059,OK,OK,OK,True,5,5,"C1,C2,C3,C4,C5",,,True,True,True,True,True,True,True,True,True,True,True,True,True,True,True
transistor1::transistor1_0060_NG_BX,transistor1,test,transistor1_0060_NG_BX,0060,OK,NG_BX,BX,True,5,5,"C1,C2,C3,C4,C5",,,True,True,True,True,True,True,True,True,True,True,True,True,True,True,True
transistor1::transistor1_0060_NG_QS,transistor1,test,transistor1_0060_NG_QS,0060,OK,NG_QS,QS,False,5,5,"C1,C2,C3,C4,C5",,,True,True,True,True,True,True,True,True,True,True,True,True,True,True,True
transistor1::transistor1_0060_NG_ZW,transistor1,test,transistor1_0060_NG_ZW,0060,OK,NG_ZW,ZW,False,5,5,"C1,C2,C3,C4,C5",,,True,True,True,True,True,True,True,True,True,True,True,True,True,True,True
transistor1::transistor1_0060_OK,transistor1,train,transistor1_0060_OK,0060,OK,OK,OK,True,5,5,"C1,C2,C3,C4,C5",,,True,True,True,True,True,True,True,True,True,True,True,True,True,True,True
transistor1::transistor1_0061_NG_BX,transistor1,test,transistor1_0061_NG_BX,0061,OK,NG_BX,BX,False,5,5,"C1,C2,C3,C4,C5",,,True,True,True,True,True,True,True,True,True,True,True,True,True,True,True
transistor1::transistor1_0061_NG_QS,transistor1,test,transistor1_0061_NG_QS,0061,OK,NG_QS,QS,False,5,5,"C1,C2,C3,C4,C5",,,True,True,True,True,True,True,True,True,True,True,True,True,True,True,True
transistor1::transistor1_0061_NG_ZW,transistor1,test,transistor1_0061_NG_ZW,0061,OK,NG_ZW,ZW,True,5,5,"C1,C2,C3,C4,C5",,,True,True,True,True,True,True,True,True,True,True,True,True,True,True,True
transistor1::transistor1_0061_OK,transistor1,train,transistor1_0061_OK,0061,OK,OK,OK,True,5,5,"C1,C2,C3,C4,C5",,,True,True,True,True,True,True,True,True,True,True,True,True,True,True,True
transistor1::transistor1_0062_NG_BX,transistor1,test,transistor1_0062_NG_BX,0062,OK,NG_BX,BX,True,5,5,"C1,C2,C3,C4,C5",,,True,True,True,True,True,True,True,True,True,True,True,True,True,True,True
transistor1::transistor1_0062_NG_QS,transistor1,test,transistor1_0062_NG_QS,0062,OK,NG_QS,QS,False,5,5,"C1,C2,C3,C4,C5",,,True,True,True,True,True,True,True,True,True,True,True,True,True,True,True
transistor1::transistor1_0062_NG_ZW,transistor1,test,transistor1_0062_NG_ZW,0062,OK,NG_ZW,ZW,False,5,5,"C1,C2,C3,C4,C5",,,True,True,True,True,True,True,True,True,True,True,True,True,True,True,True
transistor1::transistor1_0062_OK,transistor1,test,transistor1_0062_OK,0062,OK,OK,OK,True,5,5,"C1,C2,C3,C4,C5",,,True,True,True,True,True,True,True,True,True,True,True,True,True,True,True
transistor1::transistor1_0063_NG_BX,transistor1,test,transistor1_0063_NG_BX,0063,OK,NG_BX,BX,True,5,5,"C1,C2,C3,C4,C5",,,True,True,True,True,True,True,True,True,True,True,True,True,True,True,True
transistor1::transistor1_0063_NG_QS,transistor1,test,transistor1_0063_NG_QS,0063,OK,NG_QS,QS,False,5,5,"C1,C2,C3,C4,C5",,,True,True,True,True,True,True,True,True,True,True,True,True,True,True,True
transistor1::transistor1_0063_NG_ZW,transistor1,test,transistor1_0063_NG_ZW,0063,OK,NG_ZW,OK,False,5,5,"C1,C2,C3,C4,C5",,,True,True,True,True,True,True,True,True,True,True,True,True,True,True,True
transistor1::transistor1_0063_OK,transistor1,test,transistor1_0063_OK,0063,OK,OK,OK,True,5,5,"C1,C2,C3,C4,C5",,,True,True,True,True,True,True,True,True,True,True,True,True,True,True,True
transistor1::transistor1_0064_NG_BX,transistor1,test,transistor1_0064_NG_BX,0064,OK,NG_BX,BX,True,5,5,"C1,C2,C3,C4,C5",,,True,True,True,True,True,True,True,True,True,True,True,True,True,True,True
transistor1::transistor1_0064_NG_QS,transistor1,test,transistor1_0064_NG_QS,0064,OK,NG_QS,QS,True,5,5,"C1,C2,C3,C4,C5",,,True,True,True,True,True,True,True,True,True,True,True,True,True,True,True
transistor1::transistor1_0064_NG_ZW,transistor1,test,transistor1_0064_NG_ZW,0064,OK,NG_ZW,ZW,True,5,5,"C1,C2,C3,C4,C5",,,True,True,True,True,True,True,True,True,True,True,True,True,True,True,True
transistor1::transistor1_0064_OK,transistor1,train,transistor1_0064_OK,0064,OK,OK,OK,True,5,5,"C1,C2,C3,C4,C5",,,True,True,True,True,True,True,True,True,True,True,True,True,True,True,True
transistor1::transistor1_0065_NG_BX,transistor1,test,transistor1_0065_NG_BX,0065,OK,NG_BX,BX,True,5,5,"C1,C2,C3,C4,C5",,,True,True,True,True,True,True,True,True,True,True,True,True,True,True,True
transistor1::transistor1_0065_NG_QS,transistor1,test,transistor1_0065_NG_QS,0065,OK,NG_QS,QS,False,5,5,"C1,C2,C3,C4,C5",,,True,True,True,True,True,True,True,True,True,True,True,True,True,True,True
transistor1::transistor1_0065_NG_ZW,transistor1,test,transistor1_0065_NG_ZW,0065,OK,NG_ZW,ZW,False,5,5,"C1,C2,C3,C4,C5",,,True,True,True,True,True,True,True,True,True,True,True,True,True,True,True
transistor1::transistor1_0065_OK,transistor1,test,transistor1_0065_OK,0065,OK,OK,OK,True,5,5,"C1,C2,C3,C4,C5",,,True,True,True,True,True,True,True,True,True,True,True,True,True,True,True
transistor1::transistor1_0066_NG_BX,transistor1,test,transistor1_0066_NG_BX,0066,OK,NG_BX,BX,False,5,5,"C1,C2,C3,C4,C5",,,True,True,True,True,True,True,True,True,True,True,True,True,True,True,True
transistor1::transistor1_0066_NG_QS,transistor1,test,transistor1_0066_NG_QS,0066,OK,NG_QS,QS,False,5,5,"C1,C2,C3,C4,C5",,,True,True,True,True,True,True,True,True,True,True,True,True,True,True,True
transistor1::transistor1_0066_NG_ZW,transistor1,test,transistor1_0066_NG_ZW,0066,OK,NG_ZW,ZW,False,5,5,"C1,C2,C3,C4,C5",,,True,True,True,True,True,True,True,True,True,True,True,True,True,True,True
transistor1::transistor1_0066_OK,transistor1,test,transistor1_0066_OK,0066,OK,OK,OK,True,5,5,"C1,C2,C3,C4,C5",,,True,True,True,True,True,True,True,True,True,True,True,True,True,True,True
transistor1::transistor1_0067_NG_BX,transistor1,test,transistor1_0067_NG_BX,0067,OK,NG_BX,BX,True,5,5,"C1,C2,C3,C4,C5",,,True,True,True,True,True,True,True,True,True,True,True,True,True,True,True
transistor1::transistor1_0067_NG_QS,transistor1,test,transistor1_0067_NG_QS,0067,OK,NG_QS,QS,False,5,5,"C1,C2,C3,C4,C5",,,True,True,True,True,True,True,True,True,True,True,True,True,True,True,True
transistor1::transistor1_0067_NG_ZW,transistor1,test,transistor1_0067_NG_ZW,0067,OK,NG_ZW,ZW,False,5,5,"C1,C2,C3,C4,C5",,,True,True,True,True,True,True,True,True,True,True,True,True,True,True,True
transistor1::transistor1_0067_OK,transistor1,train,transistor1_0067_OK,0067,OK,OK,OK,True,5,5,"C1,C2,C3,C4,C5",,,True,True,True,True,True,True,True,True,True,True,True,True,True,True,True
transistor1::transistor1_0068_NG_BX,transistor1,test,transistor1_0068_NG_BX,0068,OK,NG_BX,BX,True,5,5,"C1,C2,C3,C4,C5",,,True,True,True,True,True,True,True,True,True,True,True,True,True,True,True
transistor1::transistor1_0068_NG_QS,transistor1,test,transistor1_0068_NG_QS,0068,OK,NG_QS,QS,False,5,5,"C1,C2,C3,C4,C5",,,True,True,True,True,True,True,True,True,True,True,True,True,True,True,True
transistor1::transistor1_0068_NG_ZW,transistor1,test,transistor1_0068_NG_ZW,0068,OK,NG_ZW,ZW,False,5,5,"C1,C2,C3,C4,C5",,,True,True,True,True,True,True,True,True,True,True,True,True,True,True,True
transistor1::transistor1_0068_OK,transistor1,test,transistor1_0068_OK,0068,OK,OK,OK,True,5,5,"C1,C2,C3,C4,C5",,,True,True,True,True,True,True,True,True,True,True,True,True,True,True,True
transistor1::transistor1_0069_NG_BX,transistor1,test,transistor1_0069_NG_BX,0069,OK,NG_BX,BX,True,5,5,"C1,C2,C3,C4,C5",,,True,True,True,True,True,True,True,True,True,True,True,True,True,True,True
transistor1::transistor1_0069_NG_QS,transistor1,test,transistor1_0069_NG_QS,0069,OK,NG_QS,QS,False,5,5,"C1,C2,C3,C4,C5",,,True,True,True,True,True,True,True,True,True,True,True,True,True,True,True
transistor1::transistor1_0069_NG_ZW,transistor1,test,transistor1_0069_NG_ZW,0069,OK,NG_ZW,OK,False,5,5,"C1,C2,C3,C4,C5",,,True,True,True,True,True,True,True,True,True,True,True,True,True,True,True
transistor1::transistor1_0069_OK,transistor1,train,transistor1_0069_OK,0069,OK,OK,OK,True,5,5,"C1,C2,C3,C4,C5",,,True,True,True,True,True,True,True,True,True,True,True,True,True,True,True
transistor1::transistor1_0070_NG_BX,transistor1,test,transistor1_0070_NG_BX,0070,OK,NG_BX,BX,True,5,5,"C1,C2,C3,C4,C5",,,True,True,True,True,True,True,True,True,True,True,True,True,True,True,True
transistor1::transistor1_0070_NG_QS,transistor1,test,transistor1_0070_NG_QS,0070,OK,NG_QS,QS,True,5,5,"C1,C2,C3,C4,C5",,,True,True,True,True,True,True,True,True,True,True,True,True,True,True,True
transistor1::transistor1_0070_NG_ZW,transistor1,test,transistor1_0070_NG_ZW,0070,OK,NG_ZW,OK,False,5,5,"C1,C2,C3,C4,C5",,,True,True,True,True,True,True,True,True,True,True,True,True,True,True,True
transistor1::transistor1_0070_OK,transistor1,train,transistor1_0070_OK,0070,OK,OK,OK,True,5,5,"C1,C2,C3,C4,C5",,,True,True,True,True,True,True,True,True,True,True,True,True,True,True,True
transistor1::transistor1_0071_NG_BX,transistor1,test,transistor1_0071_NG_BX,0071,OK,NG_BX,BX,True,5,5,"C1,C2,C3,C4,C5",,,True,True,True,True,True,True,True,True,True,True,True,True,True,True,True
transistor1::transistor1_0071_NG_QS,transistor1,test,transistor1_0071_NG_QS,0071,OK,NG_QS,QS,False,5,5,"C1,C2,C3,C4,C5",,,True,True,True,True,True,True,True,True,True,True,True,True,True,True,True
transistor1::transistor1_0071_NG_ZW,transistor1,test,transistor1_0071_NG_ZW,0071,OK,NG_ZW,ZW,False,5,5,"C1,C2,C3,C4,C5",,,True,True,True,True,True,True,True,True,True,True,True,True,True,True,True
transistor1::transistor1_0071_OK,transistor1,test,transistor1_0071_OK,0071,OK,OK,OK,True,5,5,"C1,C2,C3,C4,C5",,,True,True,True,True,True,True,True,True,True,True,True,True,True,True,True
transistor1::transistor1_0072_NG_BX,transistor1,test,transistor1_0072_NG_BX,0072,OK,NG_BX,BX,True,5,5,"C1,C2,C3,C4,C5",,,True,True,True,True,True,True,True,True,True,True,True,True,True,True,True
transistor1::transistor1_0072_NG_QS,transistor1,test,transistor1_0072_NG_QS,0072,OK,NG_QS,QS,False,5,5,"C1,C2,C3,C4,C5",,,True,True,True,True,True,True,True,True,True,True,True,True,True,True,True
transistor1::transistor1_0072_NG_ZW,transistor1,test,transistor1_0072_NG_ZW,0072,OK,NG_ZW,ZW,False,5,5,"C1,C2,C3,C4,C5",,,True,True,True,True,True,True,True,True,True,True,True,True,True,True,True
transistor1::transistor1_0072_OK,transistor1,train,transistor1_0072_OK,0072,OK,OK,OK,True,5,5,"C1,C2,C3,C4,C5",,,True,True,True,True,True,True,True,True,True,True,True,True,True,True,True
transistor1::transistor1_0073_NG_BX,transistor1,test,transistor1_0073_NG_BX,0073,OK,NG_BX,BX,False,5,5,"C1,C2,C3,C4,C5",,,True,True,True,True,True,True,True,True,True,True,True,True,True,True,True
transistor1::transistor1_0073_NG_QS,transistor1,test,transistor1_0073_NG_QS,0073,OK,NG_QS,QS,False,5,5,"C1,C2,C3,C4,C5",,,True,True,True,True,True,True,True,True,True,True,True,True,True,True,True
transistor1::transistor1_0073_NG_ZW,transistor1,test,transistor1_0073_NG_ZW,0073,OK,NG_ZW,ZW,False,5,5,"C1,C2,C3,C4,C5",,,True,True,True,True,True,True,True,True,True,True,True,True,True,True,True
transistor1::transistor1_0073_OK,transistor1,test,transistor1_0073_OK,0073,OK,OK,OK,True,5,5,"C1,C2,C3,C4,C5",,,True,True,True,True,True,True,True,True,True,True,True,True,True,True,True
transistor1::transistor1_0074_NG_BX,transistor1,test,transistor1_0074_NG_BX,0074,OK,NG_BX,OK,False,5,5,"C1,C2,C3,C4,C5",,,True,True,True,True,True,True,True,True,True,True,True,True,True,True,True
transistor1::transistor1_0074_NG_QS,transistor1,test,transistor1_0074_NG_QS,0074,OK,NG_QS,QS,False,5,5,"C1,C2,C3,C4,C5",,,True,True,True,True,True,True,True,True,True,True,True,True,True,True,True
transistor1::transistor1_0074_NG_ZW,transistor1,test,transistor1_0074_NG_ZW,0074,OK,NG_ZW,ZW,True,5,5,"C1,C2,C3,C4,C5",,,True,True,True,True,True,True,True,True,True,True,True,True,True,True,True
transistor1::transistor1_0074_OK,transistor1,train,transistor1_0074_OK,0074,OK,OK,OK,True,5,5,"C1,C2,C3,C4,C5",,,True,True,True,True,True,True,True,True,True,True,True,True,True,True,True
transistor1::transistor1_0075_NG_BX,transistor1,test,transistor1_0075_NG_BX,0075,OK,NG_BX,BX,True,5,5,"C1,C2,C3,C4,C5",,,True,True,True,True,True,True,True,True,True,True,True,True,True,True,True
transistor1::transistor1_0075_NG_QS,transistor1,test,transistor1_0075_NG_QS,0075,OK,NG_QS,QS,False,5,5,"C1,C2,C3,C4,C5",,,True,True,True,True,True,True,True,True,True,True,True,True,True,True,True
transistor1::transistor1_0075_NG_ZW,transistor1,test,transistor1_0075_NG_ZW,0075,OK,NG_ZW,ZW,True,5,5,"C1,C2,C3,C4,C5",,,True,True,True,True,True,True,True,True,True,True,True,True,True,True,True
transistor1::transistor1_0075_OK,transistor1,train,transistor1_0075_OK,0075,OK,OK,OK,True,5,5,"C1,C2,C3,C4,C5",,,True,True,True,True,True,True,True,True,True,True,True,True,True,True,True
transistor1::transistor1_0076_NG_BX,transistor1,test,transistor1_0076_NG_BX,0076,OK,NG_BX,BX,False,5,5,"C1,C2,C3,C4,C5",,,True,True,True,True,True,True,True,True,True,True,True,True,True,True,True
transistor1::transistor1_0076_NG_QS,transistor1,test,transistor1_0076_NG_QS,0076,OK,NG_QS,QS,False,5,5,"C1,C2,C3,C4,C5",,,True,True,True,True,True,True,True,True,True,True,True,True,True,True,True
transistor1::transistor1_0076_NG_ZW,transistor1,test,transistor1_0076_NG_ZW,0076,OK,NG_ZW,ZW,False,5,5,"C1,C2,C3,C4,C5",,,True,True,True,True,True,True,True,True,True,True,True,True,True,True,True
transistor1::transistor1_0076_OK,transistor1,train,transistor1_0076_OK,0076,OK,OK,OK,True,5,5,"C1,C2,C3,C4,C5",,,True,True,True,True,True,True,True,True,True,True,True,True,True,True,True
transistor1::transistor1_0077_NG_BX,transistor1,test,transistor1_0077_NG_BX,0077,OK,NG_BX,BX,True,5,5,"C1,C2,C3,C4,C5",,,True,True,True,True,True,True,True,True,True,True,True,True,True,True,True
transistor1::transistor1_0077_NG_QS,transistor1,test,transistor1_0077_NG_QS,0077,OK,NG_QS,QS,False,5,5,"C1,C2,C3,C4,C5",,,True,True,True,True,True,True,True,True,True,True,True,True,True,True,True
transistor1::transistor1_0077_NG_ZW,transistor1,test,transistor1_0077_NG_ZW,0077,OK,NG_ZW,ZW,False,5,5,"C1,C2,C3,C4,C5",,,True,True,True,True,True,True,True,True,True,True,True,True,True,True,True
transistor1::transistor1_0077_OK,transistor1,test,transistor1_0077_OK,0077,OK,OK,OK,True,5,5,"C1,C2,C3,C4,C5",,,True,True,True,True,True,True,True,True,True,True,True,True,True,True,True
transistor1::transistor1_0078_NG_BX,transistor1,test,transistor1_0078_NG_BX,0078,OK,NG_BX,BX,True,5,5,"C1,C2,C3,C4,C5",,,True,True,True,True,True,True,True,True,True,True,True,True,True,True,True
transistor1::transistor1_0078_NG_QS,transistor1,test,transistor1_0078_NG_QS,0078,OK,NG_QS,QS,False,5,5,"C1,C2,C3,C4,C5",,,True,True,True,True,True,True,True,True,True,True,True,True,True,True,True
transistor1::transistor1_0078_NG_ZW,transistor1,test,transistor1_0078_NG_ZW,0078,OK,NG_ZW,OK,False,5,5,"C1,C2,C3,C4,C5",,,True,True,True,True,True,True,True,True,True,True,True,True,True,True,True
transistor1::transistor1_0078_OK,transistor1,train,transistor1_0078_OK,0078,OK,OK,OK,True,5,5,"C1,C2,C3,C4,C5",,,True,True,True,True,True,True,True,True,True,True,True,True,True,True,True
transistor1::transistor1_0079_NG_BX,transistor1,test,transistor1_0079_NG_BX,0079,OK,NG_BX,BX,True,5,5,"C1,C2,C3,C4,C5",,,True,True,True,True,True,True,True,True,True,True,True,True,True,True,True
transistor1::transistor1_0079_NG_QS,transistor1,test,transistor1_0079_NG_QS,0079,OK,NG_QS,QS,False,5,5,"C1,C2,C3,C4,C5",,,True,True,True,True,True,True,True,True,True,True,True,True,True,True,True
transistor1::transistor1_0079_NG_ZW,transistor1,test,transistor1_0079_NG_ZW,0079,OK,NG_ZW,ZW,False,5,5,"C1,C2,C3,C4,C5",,,True,True,True,True,True,True,True,True,True,True,True,True,True,True,True
transistor1::transistor1_0079_OK,transistor1,test,transistor1_0079_OK,0079,OK,OK,OK,True,5,5,"C1,C2,C3,C4,C5",,,True,True,True,True,True,True,True,True,True,True,True,True,True,True,True
transistor1::transistor1_0080_NG_BX,transistor1,test,transistor1_0080_NG_BX,0080,OK,NG_BX,BX,True,5,5,"C1,C2,C3,C4,C5",,,True,True,True,True,True,True,True,True,True,True,True,True,True,True,True
transistor1::transistor1_0080_NG_QS,transistor1,test,transistor1_0080_NG_QS,0080,OK,NG_QS,QS,False,5,5,"C1,C2,C3,C4,C5",,,True,True,True,True,True,True,True,True,True,True,True,True,True,True,True
transistor1::transistor1_0080_NG_ZW,transistor1,test,transistor1_0080_NG_ZW,0080,OK,NG_ZW,OK,False,5,5,"C1,C2,C3,C4,C5",,,True,True,True,True,True,True,True,True,True,True,True,True,True,True,True
transistor1::transistor1_0080_OK,transistor1,test,transistor1_0080_OK,0080,OK,OK,OK,True,5,5,"C1,C2,C3,C4,C5",,,True,True,True,True,True,True,True,True,True,True,True,True,True,True,True
transistor1::transistor1_0081_NG_BX,transistor1,test,transistor1_0081_NG_BX,0081,OK,NG_BX,BX,True,5,5,"C1,C2,C3,C4,C5",,,True,True,True,True,True,True,True,True,True,True,True,True,True,True,True
transistor1::transistor1_0081_NG_QS,transistor1,test,transistor1_0081_NG_QS,0081,OK,NG_QS,QS,False,5,5,"C1,C2,C3,C4,C5",,,True,True,True,True,True,True,True,True,True,True,True,True,True,True,True
transistor1::transistor1_0081_NG_ZW,transistor1,test,transistor1_0081_NG_ZW,0081,OK,NG_ZW,ZW,False,5,5,"C1,C2,C3,C4,C5",,,True,True,True,True,True,True,True,True,True,True,True,True,True,True,True
transistor1::transistor1_0081_OK,transistor1,test,transistor1_0081_OK,0081,OK,OK,OK,True,5,5,"C1,C2,C3,C4,C5",,,True,True,True,True,True,True,True,True,True,True,True,True,True,True,True
transistor1::transistor1_0082_NG_BX,transistor1,test,transistor1_0082_NG_BX,0082,OK,NG_BX,BX,True,5,5,"C1,C2,C3,C4,C5",,,True,True,True,True,True,True,True,True,True,True,True,True,True,True,True
transistor1::transistor1_0082_NG_QS,transistor1,test,transistor1_0082_NG_QS,0082,OK,NG_QS,QS,False,5,5,"C1,C2,C3,C4,C5",,,True,True,True,True,True,True,True,True,True,True,True,True,True,True,True
transistor1::transistor1_0082_NG_ZW,transistor1,test,transistor1_0082_NG_ZW,0082,OK,NG_ZW,ZW,True,5,5,"C1,C2,C3,C4,C5",,,True,True,True,True,True,True,True,True,True,True,True,True,True,True,True
transistor1::transistor1_0082_OK,transistor1,train,transistor1_0082_OK,0082,OK,OK,OK,True,5,5,"C1,C2,C3,C4,C5",,,True,True,True,True,True,True,True,True,True,True,True,True,True,True,True
transistor1::transistor1_0083_NG_BX,transistor1,test,transistor1_0083_NG_BX,0083,OK,NG_BX,BX,True,5,5,"C1,C2,C3,C4,C5",,,True,True,True,True,True,True,True,True,True,True,True,True,True,True,True
transistor1::transistor1_0083_NG_QS,transistor1,test,transistor1_0083_NG_QS,0083,OK,NG_QS,QS,False,5,5,"C1,C2,C3,C4,C5",,,True,True,True,True,True,True,True,True,True,True,True,True,True,True,True
transistor1::transistor1_0083_NG_ZW,transistor1,test,transistor1_0083_NG_ZW,0083,OK,NG_ZW,ZW,True,5,5,"C1,C2,C3,C4,C5",,,True,True,True,True,True,True,True,True,True,True,True,True,True,True,True
transistor1::transistor1_0084_NG_BX,transistor1,test,transistor1_0084_NG_BX,0084,OK,NG_BX,BX,True,5,5,"C1,C2,C3,C4,C5",,,True,True,True,True,True,True,True,True,True,True,True,True,True,True,True
transistor1::transistor1_0084_NG_QS,transistor1,test,transistor1_0084_NG_QS,0084,OK,NG_QS,QS,False,5,5,"C1,C2,C3,C4,C5",,,True,True,True,True,True,True,True,True,True,True,True,True,True,True,True
transistor1::transistor1_0084_NG_ZW,transistor1,test,transistor1_0084_NG_ZW,0084,OK,NG_ZW,OK,False,5,5,"C1,C2,C3,C4,C5",,,True,True,True,True,True,True,True,True,True,True,True,True,True,True,True
transistor1::transistor1_0084_OK,transistor1,test,transistor1_0084_OK,0084,OK,OK,OK,True,5,5,"C1,C2,C3,C4,C5",,,True,True,True,True,True,True,True,True,True,True,True,True,True,True,True
transistor1::transistor1_0085_NG_BX,transistor1,test,transistor1_0085_NG_BX,0085,OK,NG_BX,BX,True,5,5,"C1,C2,C3,C4,C5",,,True,True,True,True,True,True,True,True,True,True,True,True,True,True,True
transistor1::transistor1_0085_NG_QS,transistor1,test,transistor1_0085_NG_QS,0085,OK,NG_QS,QS,False,5,5,"C1,C2,C3,C4,C5",,,True,True,True,True,True,True,True,True,True,True,True,True,True,True,True
transistor1::transistor1_0085_NG_ZW,transistor1,test,transistor1_0085_NG_ZW,0085,OK,NG_ZW,ZW,False,5,5,"C1,C2,C3,C4,C5",,,True,True,True,True,True,True,True,True,True,True,True,True,True,True,True
transistor1::transistor1_0085_OK,transistor1,test,transistor1_0085_OK,0085,OK,OK,OK,True,5,5,"C1,C2,C3,C4,C5",,,True,True,True,True,True,True,True,True,True,True,True,True,True,True,True
transistor1::transistor1_0086_NG_BX,transistor1,test,transistor1_0086_NG_BX,0086,OK,NG_BX,BX,True,5,5,"C1,C2,C3,C4,C5",,,True,True,True,True,True,True,True,True,True,True,True,True,True,True,True
transistor1::transistor1_0086_NG_QS,transistor1,test,transistor1_0086_NG_QS,0086,OK,NG_QS,QS,False,5,5,"C1,C2,C3,C4,C5",,,True,True,True,True,True,True,True,True,True,True,True,True,True,True,True
transistor1::transistor1_0086_NG_ZW,transistor1,test,transistor1_0086_NG_ZW,0086,OK,NG_ZW,ZW,False,5,5,"C1,C2,C3,C4,C5",,,True,True,True,True,True,True,True,True,True,True,True,True,True,True,True
transistor1::transistor1_0086_OK,transistor1,test,transistor1_0086_OK,0086,OK,OK,OK,True,5,5,"C1,C2,C3,C4,C5",,,True,True,True,True,True,True,True,True,True,True,True,True,True,True,True
transistor1::transistor1_0087_NG_BX,transistor1,test,transistor1_0087_NG_BX,0087,OK,NG_BX,BX,True,5,5,"C1,C2,C3,C4,C5",,,True,True,True,True,True,True,True,True,True,True,True,True,True,True,True
transistor1::transistor1_0087_NG_QS,transistor1,test,transistor1_0087_NG_QS,0087,OK,NG_QS,QS,False,5,5,"C1,C2,C3,C4,C5",,,True,True,True,True,True,True,True,True,True,True,True,True,True,True,True
transistor1::transistor1_0087_NG_ZW,transistor1,test,transistor1_0087_NG_ZW,0087,OK,NG_ZW,ZW,True,5,5,"C1,C2,C3,C4,C5",,,True,True,True,True,True,True,True,True,True,True,True,True,True,True,True
transistor1::transistor1_0087_OK,transistor1,train,transistor1_0087_OK,0087,OK,OK,OK,True,5,5,"C1,C2,C3,C4,C5",,,True,True,True,True,True,True,True,True,True,True,True,True,True,True,True
transistor1::transistor1_0088_NG_BX,transistor1,test,transistor1_0088_NG_BX,0088,OK,NG_BX,BX,True,5,5,"C1,C2,C3,C4,C5",,,True,True,True,True,True,True,True,True,True,True,True,True,True,True,True
transistor1::transistor1_0088_NG_QS,transistor1,test,transistor1_0088_NG_QS,0088,OK,NG_QS,QS,False,5,5,"C1,C2,C3,C4,C5",,,True,True,True,True,True,True,True,True,True,True,True,True,True,True,True
transistor1::transistor1_0088_NG_ZW,transistor1,test,transistor1_0088_NG_ZW,0088,OK,NG_ZW,ZW,False,5,5,"C1,C2,C3,C4,C5",,,True,True,True,True,True,True,True,True,True,True,True,True,True,True,True
transistor1::transistor1_0088_OK,transistor1,test,transistor1_0088_OK,0088,OK,OK,OK,True,5,5,"C1,C2,C3,C4,C5",,,True,True,True,True,True,True,True,True,True,True,True,True,True,True,True
transistor1::transistor1_0089_NG_BX,transistor1,test,transistor1_0089_NG_BX,0089,OK,NG_BX,BX,False,5,5,"C1,C2,C3,C4,C5",,,True,True,True,True,True,True,True,True,True,True,True,True,True,True,True
transistor1::transistor1_0089_NG_QS,transistor1,test,transistor1_0089_NG_QS,0089,OK,NG_QS,QS,False,5,5,"C1,C2,C3,C4,C5",,,True,True,True,True,True,True,True,True,True,True,True,True,True,True,True
transistor1::transistor1_0089_NG_ZW,transistor1,test,transistor1_0089_NG_ZW,0089,OK,NG_ZW,ZW,False,5,5,"C1,C2,C3,C4,C5",,,True,True,True,True,True,True,True,True,True,True,True,True,True,True,True
transistor1::transistor1_0089_OK,transistor1,test,transistor1_0089_OK,0089,OK,OK,OK,True,5,5,"C1,C2,C3,C4,C5",,,True,True,True,True,True,True,True,True,True,True,True,True,True,True,True
transistor1::transistor1_0090_NG_BX,transistor1,test,transistor1_0090_NG_BX,0090,OK,NG_BX,BX,False,5,5,"C1,C2,C3,C4,C5",,,True,True,True,True,True,True,True,True,True,True,True,True,True,True,True
transistor1::transistor1_0090_NG_QS,transistor1,test,transistor1_0090_NG_QS,0090,OK,NG_QS,QS,False,5,5,"C1,C2,C3,C4,C5",,,True,True,True,True,True,True,True,True,True,True,True,True,True,True,True
transistor1::transistor1_0090_NG_ZW,transistor1,test,transistor1_0090_NG_ZW,0090,OK,NG_ZW,ZW,True,5,5,"C1,C2,C3,C4,C5",,,True,True,True,True,True,True,True,True,True,True,True,True,True,True,True
transistor1::transistor1_0090_OK,transistor1,train,transistor1_0090_OK,0090,OK,OK,OK,True,5,5,"C1,C2,C3,C4,C5",,,True,True,True,True,True,True,True,True,True,True,True,True,True,True,True
transistor1::transistor1_0091_NG_BX,transistor1,test,transistor1_0091_NG_BX,0091,OK,NG_BX,BX,True,5,5,"C1,C2,C3,C4,C5",,,True,True,True,True,True,True,True,True,True,True,True,True,True,True,True
transistor1::transistor1_0091_NG_QS,transistor1,test,transistor1_0091_NG_QS,0091,OK,NG_QS,QS,False,5,5,"C1,C2,C3,C4,C5",,,True,True,True,True,True,True,True,True,True,True,True,True,True,True,True
transistor1::transistor1_0091_NG_ZW,transistor1,test,transistor1_0091_NG_ZW,0091,OK,NG_ZW,ZW,False,5,5,"C1,C2,C3,C4,C5",,,True,True,True,True,True,True,True,True,True,True,True,True,True,True,True
transistor1::transistor1_0091_OK,transistor1,test,transistor1_0091_OK,0091,OK,OK,OK,True,5,5,"C1,C2,C3,C4,C5",,,True,True,True,True,True,True,True,True,True,True,True,True,True,True,True
transistor1::transistor1_0092_NG_BX,transistor1,test,transistor1_0092_NG_BX,0092,OK,NG_BX,BX,True,5,5,"C1,C2,C3,C4,C5",,,True,True,True,True,True,True,True,True,True,True,True,True,True,True,True
transistor1::transistor1_0092_NG_QS,transistor1,test,transistor1_0092_NG_QS,0092,OK,NG_QS,QS,False,5,5,"C1,C2,C3,C4,C5",,,True,True,True,True,True,True,True,True,True,True,True,True,True,True,True
transistor1::transistor1_0092_NG_ZW,transistor1,test,transistor1_0092_NG_ZW,0092,OK,NG_ZW,OK,False,5,5,"C1,C2,C3,C4,C5",,,True,True,True,True,True,True,True,True,True,True,True,True,True,True,True
transistor1::transistor1_0092_OK,transistor1,test,transistor1_0092_OK,0092,OK,OK,OK,True,5,5,"C1,C2,C3,C4,C5",,,True,True,True,True,True,True,True,True,True,True,True,True,True,True,True
transistor1::transistor1_0093_NG_BX,transistor1,test,transistor1_0093_NG_BX,0093,OK,NG_BX,BX,True,5,5,"C1,C2,C3,C4,C5",,,True,True,True,True,True,True,True,True,True,True,True,True,True,True,True
transistor1::transistor1_0093_NG_QS,transistor1,test,transistor1_0093_NG_QS,0093,OK,NG_QS,QS,False,5,5,"C1,C2,C3,C4,C5",,,True,True,True,True,True,True,True,True,True,True,True,True,True,True,True
transistor1::transistor1_0093_NG_ZW,transistor1,test,transistor1_0093_NG_ZW,0093,OK,NG_ZW,ZW,True,5,5,"C1,C2,C3,C4,C5",,,True,True,True,True,True,True,True,True,True,True,True,True,True,True,True
transistor1::transistor1_0093_OK,transistor1,test,transistor1_0093_OK,0093,OK,OK,OK,True,5,5,"C1,C2,C3,C4,C5",,,True,True,True,True,True,True,True,True,True,True,True,True,True,True,True
transistor1::transistor1_0094_NG_BX,transistor1,test,transistor1_0094_NG_BX,0094,OK,NG_BX,BX,True,5,5,"C1,C2,C3,C4,C5",,,True,True,True,True,True,True,True,True,True,True,True,True,True,True,True
transistor1::transistor1_0094_NG_QS,transistor1,test,transistor1_0094_NG_QS,0094,OK,NG_QS,QS,False,5,5,"C1,C2,C3,C4,C5",,,True,True,True,True,True,True,True,True,True,True,True,True,True,True,True
transistor1::transistor1_0094_NG_ZW,transistor1,test,transistor1_0094_NG_ZW,0094,OK,NG_ZW,ZW,False,5,5,"C1,C2,C3,C4,C5",,,True,True,True,True,True,True,True,True,True,True,True,True,True,True,True
transistor1::transistor1_0094_OK,transistor1,test,transistor1_0094_OK,0094,OK,OK,OK,True,5,5,"C1,C2,C3,C4,C5",,,True,True,True,True,True,True,True,True,True,True,True,True,True,True,True
transistor1::transistor1_0095_NG_BX,transistor1,test,transistor1_0095_NG_BX,0095,OK,NG_BX,BX,True,5,5,"C1,C2,C3,C4,C5",,,True,True,True,True,True,True,True,True,True,True,True,True,True,True,True
transistor1::transistor1_0095_NG_QS,transistor1,test,transistor1_0095_NG_QS,0095,OK,NG_QS,QS,False,5,5,"C1,C2,C3,C4,C5",,,True,True,True,True,True,True,True,True,True,True,True,True,True,True,True
transistor1::transistor1_0095_NG_ZW,transistor1,test,transistor1_0095_NG_ZW,0095,OK,NG_ZW,ZW,True,5,5,"C1,C2,C3,C4,C5",,,True,True,True,True,True,True,True,True,True,True,True,True,True,True,True
transistor1::transistor1_0095_OK,transistor1,test,transistor1_0095_OK,0095,OK,OK,OK,True,5,5,"C1,C2,C3,C4,C5",,,True,True,True,True,True,True,True,True,True,True,True,True,True,True,True
transistor1::transistor1_0096_NG_BX,transistor1,test,transistor1_0096_NG_BX,0096,OK,NG_BX,BX,True,5,5,"C1,C2,C3,C4,C5",,,True,True,True,True,True,True,True,True,True,True,True,True,True,True,True
transistor1::transistor1_0096_NG_QS,transistor1,test,transistor1_0096_NG_QS,0096,OK,NG_QS,QS,False,5,5,"C1,C2,C3,C4,C5",,,True,True,True,True,True,True,True,True,True,True,True,True,True,True,True
transistor1::transistor1_0096_NG_ZW,transistor1,test,transistor1_0096_NG_ZW,0096,OK,NG_ZW,ZW,False,5,5,"C1,C2,C3,C4,C5",,,True,True,True,True,True,True,True,True,True,True,True,True,True,True,True
transistor1::transistor1_0096_OK,transistor1,test,transistor1_0096_OK,0096,OK,OK,OK,True,5,5,"C1,C2,C3,C4,C5",,,True,True,True,True,True,True,True,True,True,True,True,True,True,True,True
transistor1::transistor1_0097_NG_BX,transistor1,test,transistor1_0097_NG_BX,0097,OK,NG_BX,BX,True,5,5,"C1,C2,C3,C4,C5",,,True,True,True,True,True,True,True,True,True,True,True,True,True,True,True
transistor1::transistor1_0097_NG_QS,transistor1,test,transistor1_0097_NG_QS,0097,OK,NG_QS,QS,False,5,5,"C1,C2,C3,C4,C5",,,True,True,True,True,True,True,True,True,True,True,True,True,True,True,True
transistor1::transistor1_0097_NG_ZW,transistor1,test,transistor1_0097_NG_ZW,0097,OK,NG_ZW,ZW,False,5,5,"C1,C2,C3,C4,C5",,,True,True,True,True,True,True,True,True,True,True,True,True,True,True,True
transistor1::transistor1_0097_OK,transistor1,test,transistor1_0097_OK,0097,OK,OK,OK,True,5,5,"C1,C2,C3,C4,C5",,,True,True,True,True,True,True,True,True,True,True,True,True,True,True,True
transistor1::transistor1_0098_NG_BX,transistor1,test,transistor1_0098_NG_BX,0098,OK,NG_BX,BX,True,5,5,"C1,C2,C3,C4,C5",,,True,True,True,True,True,True,True,True,True,True,True,True,True,True,True
transistor1::transistor1_0098_NG_QS,transistor1,test,transistor1_0098_NG_QS,0098,OK,NG_QS,QS,False,5,5,"C1,C2,C3,C4,C5",,,True,True,True,True,True,True,True,True,True,True,True,True,True,True,True
transistor1::transistor1_0098_NG_ZW,transistor1,test,transistor1_0098_NG_ZW,0098,OK,NG_ZW,ZW,False,5,5,"C1,C2,C3,C4,C5",,,True,True,True,True,True,True,True,True,True,True,True,True,True,True,True
transistor1::transistor1_0098_OK,transistor1,test,transistor1_0098_OK,0098,OK,OK,OK,True,5,5,"C1,C2,C3,C4,C5",,,True,True,True,True,True,True,True,True,True,True,True,True,True,True,True
transistor1::transistor1_0099_NG_BX,transistor1,test,transistor1_0099_NG_BX,0099,OK,NG_BX,BX,True,5,5,"C1,C2,C3,C4,C5",,,True,True,True,True,True,True,True,True,True,True,True,True,True,True,True
transistor1::transistor1_0099_NG_QS,transistor1,test,transistor1_0099_NG_QS,0099,OK,NG_QS,QS,False,5,5,"C1,C2,C3,C4,C5",,,True,True,True,True,True,True,True,True,True,True,True,True,True,True,True
transistor1::transistor1_0099_NG_ZW,transistor1,test,transistor1_0099_NG_ZW,0099,OK,NG_ZW,OK,False,5,5,"C1,C2,C3,C4,C5",,,True,True,True,True,True,True,True,True,True,True,True,True,True,True,True
transistor1::transistor1_0099_OK,transistor1,train,transistor1_0099_OK,0099,OK,OK,OK,True,5,5,"C1,C2,C3,C4,C5",,,True,True,True,True,True,True,True,True,True,True,True,True,True,True,True
transistor1::transistor1_0100_NG_BX,transistor1,test,transistor1_0100_NG_BX,0100,OK,NG_BX,BX,False,5,5,"C1,C2,C3,C4,C5",,,True,True,True,True,True,True,True,True,True,True,True,True,True,True,True
transistor1::transistor1_0100_NG_QS,transistor1,test,transistor1_0100_NG_QS,0100,OK,NG_QS,QS,False,5,5,"C1,C2,C3,C4,C5",,,True,True,True,True,True,True,True,True,True,True,True,True,True,True,True
transistor1::transistor1_0100_NG_ZW,transistor1,test,transistor1_0100_NG_ZW,0100,OK,NG_ZW,ZW,False,5,5,"C1,C2,C3,C4,C5",,,True,True,True,True,True,True,True,True,True,True,True,True,True,True,True
transistor1::transistor1_0100_OK,transistor1,test,transistor1_0100_OK,0100,OK,OK,OK,True,5,5,"C1,C2,C3,C4,C5",,,True,True,True,True,True,True,True,True,True,True,True,True,True,True,True
transistor1::transistor1_0101_NG_BX,transistor1,test,transistor1_0101_NG_BX,0101,OK,NG_BX,BX,True,5,5,"C1,C2,C3,C4,C5",,,True,True,True,True,True,True,True,True,True,True,True,True,True,True,True
transistor1::transistor1_0101_NG_QS,transistor1,test,transistor1_0101_NG_QS,0101,OK,NG_QS,QS,False,5,5,"C1,C2,C3,C4,C5",,,True,True,True,True,True,True,True,True,True,True,True,True,True,True,True
transistor1::transistor1_0101_NG_ZW,transistor1,test,transistor1_0101_NG_ZW,0101,OK,NG_ZW,ZW,False,5,5,"C1,C2,C3,C4,C5",,,True,True,True,True,True,True,True,True,True,True,True,True,True,True,True
transistor1::transistor1_0101_OK,transistor1,test,transistor1_0101_OK,0101,OK,OK,OK,True,5,5,"C1,C2,C3,C4,C5",,,True,True,True,True,True,True,True,True,True,True,True,True,True,True,True
transistor1::transistor1_0102_NG_BX,transistor1,test,transistor1_0102_NG_BX,0102,OK,NG_BX,BX,True,5,5,"C1,C2,C3,C4,C5",,,True,True,True,True,True,True,True,True,True,True,True,True,True,True,True
transistor1::transistor1_0102_NG_QS,transistor1,test,transistor1_0102_NG_QS,0102,OK,NG_QS,QS,False,5,5,"C1,C2,C3,C4,C5",,,True,True,True,True,True,True,True,True,True,True,True,True,True,True,True
transistor1::transistor1_0102_NG_ZW,transistor1,test,transistor1_0102_NG_ZW,0102,OK,NG_ZW,ZW,True,5,5,"C1,C2,C3,C4,C5",,,True,True,True,True,True,True,True,True,True,True,True,True,True,True,True
transistor1::transistor1_0102_OK,transistor1,train,transistor1_0102_OK,0102,OK,OK,OK,True,5,5,"C1,C2,C3,C4,C5",,,True,True,True,True,True,True,True,True,True,True,True,True,True,True,True
transistor1::transistor1_0103_NG_BX,transistor1,test,transistor1_0103_NG_BX,0103,OK,NG_BX,BX,True,5,5,"C1,C2,C3,C4,C5",,,True,True,True,True,True,True,True,True,True,True,True,True,True,True,True
transistor1::transistor1_0103_NG_QS,transistor1,test,transistor1_0103_NG_QS,0103,OK,NG_QS,QS,False,5,5,"C1,C2,C3,C4,C5",,,True,True,True,True,True,True,True,True,True,True,True,True,True,True,True
transistor1::transistor1_0103_NG_ZW,transistor1,test,transistor1_0103_NG_ZW,0103,OK,NG_ZW,ZW,False,5,5,"C1,C2,C3,C4,C5",,,True,True,True,True,True,True,True,True,True,True,True,True,True,True,True
transistor1::transistor1_0103_OK,transistor1,train,transistor1_0103_OK,0103,OK,OK,OK,True,5,5,"C1,C2,C3,C4,C5",,,True,True,True,True,True,True,True,True,True,True,True,True,True,True,True
transistor1::transistor1_0104_NG_BX,transistor1,test,transistor1_0104_NG_BX,0104,OK,NG_BX,BX,False,5,5,"C1,C2,C3,C4,C5",,,True,True,True,True,True,True,True,True,True,True,True,True,True,True,True
transistor1::transistor1_0104_NG_QS,transistor1,test,transistor1_0104_NG_QS,0104,OK,NG_QS,QS,False,5,5,"C1,C2,C3,C4,C5",,,True,True,True,True,True,True,True,True,True,True,True,True,True,True,True
transistor1::transistor1_0104_NG_ZW,transistor1,test,transistor1_0104_NG_ZW,0104,OK,NG_ZW,ZW,True,5,5,"C1,C2,C3,C4,C5",,,True,True,True,True,True,True,True,True,True,True,True,True,True,True,True
transistor1::transistor1_0104_OK,transistor1,train,transistor1_0104_OK,0104,OK,OK,OK,True,5,5,"C1,C2,C3,C4,C5",,,True,True,True,True,True,True,True,True,True,True,True,True,True,True,True
transistor1::transistor1_0105_NG_BX,transistor1,test,transistor1_0105_NG_BX,0105,OK,NG_BX,BX,False,5,5,"C1,C2,C3,C4,C5",,,True,True,True,True,True,True,True,True,True,True,True,True,True,True,True
transistor1::transistor1_0105_NG_QS,transistor1,test,transistor1_0105_NG_QS,0105,OK,NG_QS,QS,False,5,5,"C1,C2,C3,C4,C5",,,True,True,True,True,True,True,True,True,True,True,True,True,True,True,True
transistor1::transistor1_0105_NG_ZW,transistor1,test,transistor1_0105_NG_ZW,0105,OK,NG_ZW,OK,False,5,5,"C1,C2,C3,C4,C5",,,True,True,True,True,True,True,True,True,True,True,True,True,True,True,True
transistor1::transistor1_0105_OK,transistor1,test,transistor1_0105_OK,0105,OK,OK,OK,True,5,5,"C1,C2,C3,C4,C5",,,True,True,True,True,True,True,True,True,True,True,True,True,True,True,True
transistor1::transistor1_0106_NG_BX,transistor1,test,transistor1_0106_NG_BX,0106,OK,NG_BX,BX,True,5,5,"C1,C2,C3,C4,C5",,,True,True,True,True,True,True,True,True,True,True,True,True,True,True,True
transistor1::transistor1_0106_NG_QS,transistor1,test,transistor1_0106_NG_QS,0106,OK,NG_QS,QS,False,5,5,"C1,C2,C3,C4,C5",,,True,True,True,True,True,True,True,True,True,True,True,True,True,True,True
transistor1::transistor1_0106_NG_ZW,transistor1,test,transistor1_0106_NG_ZW,0106,OK,NG_ZW,ZW,False,5,5,"C1,C2,C3,C4,C5",,,True,True,True,True,True,True,True,True,True,True,True,True,True,True,True
transistor1::transistor1_0106_OK,transistor1,test,transistor1_0106_OK,0106,OK,OK,OK,True,5,5,"C1,C2,C3,C4,C5",,,True,True,True,True,True,True,True,True,True,True,True,True,True,True,True
transistor1::transistor1_0107_NG_BX,transistor1,test,transistor1_0107_NG_BX,0107,OK,NG_BX,BX,True,5,5,"C1,C2,C3,C4,C5",,,True,True,True,True,True,True,True,True,True,True,True,True,True,True,True
transistor1::transistor1_0107_NG_QS,transistor1,test,transistor1_0107_NG_QS,0107,OK,NG_QS,QS,False,5,5,"C1,C2,C3,C4,C5",,,True,True,True,True,True,True,True,True,True,True,True,True,True,True,True
transistor1::transistor1_0107_NG_ZW,transistor1,test,transistor1_0107_NG_ZW,0107,OK,NG_ZW,OK,False,5,5,"C1,C2,C3,C4,C5",,,True,True,True,True,True,True,True,True,True,True,True,True,True,True,True
transistor1::transistor1_0107_OK,transistor1,train,transistor1_0107_OK,0107,OK,OK,OK,True,5,5,"C1,C2,C3,C4,C5",,,True,True,True,True,True,True,True,True,True,True,True,True,True,True,True
transistor1::transistor1_0108_NG_BX,transistor1,test,transistor1_0108_NG_BX,0108,OK,NG_BX,BX,False,5,5,"C1,C2,C3,C4,C5",,,True,True,True,True,True,True,True,True,True,True,True,True,True,True,True
transistor1::transistor1_0108_NG_QS,transistor1,test,transistor1_0108_NG_QS,0108,OK,NG_QS,QS,False,5,5,"C1,C2,C3,C4,C5",,,True,True,True,True,True,True,True,True,True,True,True,True,True,True,True
transistor1::transistor1_0108_NG_ZW,transistor1,test,transistor1_0108_NG_ZW,0108,OK,NG_ZW,ZW,False,5,5,"C1,C2,C3,C4,C5",,,True,True,True,True,True,True,True,True,True,True,True,True,True,True,True
transistor1::transistor1_0108_OK,transistor1,test,transistor1_0108_OK,0108,OK,OK,OK,True,5,5,"C1,C2,C3,C4,C5",,,True,True,True,True,True,True,True,True,True,True,True,True,True,True,True
transistor1::transistor1_0109_NG_BX,transistor1,test,transistor1_0109_NG_BX,0109,OK,NG_BX,BX,True,5,5,"C1,C2,C3,C4,C5",,,True,True,True,True,True,True,True,True,True,True,True,True,True,True,True
transistor1::transistor1_0109_NG_QS,transistor1,test,transistor1_0109_NG_QS,0109,OK,NG_QS,QS,False,5,5,"C1,C2,C3,C4,C5",,,True,True,True,True,True,True,True,True,True,True,True,True,True,True,True
transistor1::transistor1_0109_NG_ZW,transistor1,test,transistor1_0109_NG_ZW,0109,OK,NG_ZW,ZW,False,5,5,"C1,C2,C3,C4,C5",,,True,True,True,True,True,True,True,True,True,True,True,True,True,True,True
transistor1::transistor1_0109_OK,transistor1,train,transistor1_0109_OK,0109,OK,OK,OK,True,5,5,"C1,C2,C3,C4,C5",,,True,True,True,True,True,True,True,True,True,True,True,True,True,True,True
transistor1::transistor1_0110_NG_BX,transistor1,test,transistor1_0110_NG_BX,0110,OK,NG_BX,BX,True,5,5,"C1,C2,C3,C4,C5",,,True,True,True,True,True,True,True,True,True,True,True,True,True,True,True
transistor1::transistor1_0110_NG_QS,transistor1,test,transistor1_0110_NG_QS,0110,OK,NG_QS,QS,False,5,5,"C1,C2,C3,C4,C5",,,True,True,True,True,True,True,True,True,True,True,True,True,True,True,True
transistor1::transistor1_0110_NG_ZW,transistor1,test,transistor1_0110_NG_ZW,0110,OK,NG_ZW,ZW,False,5,5,"C1,C2,C3,C4,C5",,,True,True,True,True,True,True,True,True,True,True,True,True,True,True,True
transistor1::transistor1_0110_OK,transistor1,train,transistor1_0110_OK,0110,OK,OK,OK,True,5,5,"C1,C2,C3,C4,C5",,,True,True,True,True,True,True,True,True,True,True,True,True,True,True,True
transistor1::transistor1_0111_NG_BX,transistor1,test,transistor1_0111_NG_BX,0111,OK,NG_BX,BX,True,5,5,"C1,C2,C3,C4,C5",,,True,True,True,True,True,True,True,True,True,True,True,True,True,True,True
transistor1::transistor1_0111_NG_QS,transistor1,test,transistor1_0111_NG_QS,0111,OK,NG_QS,QS,False,5,5,"C1,C2,C3,C4,C5",,,True,True,True,True,True,True,True,True,True,True,True,True,True,True,True
transistor1::transistor1_0111_NG_ZW,transistor1,test,transistor1_0111_NG_ZW,0111,OK,NG_ZW,ZW,False,5,5,"C1,C2,C3,C4,C5",,,True,True,True,True,True,True,True,True,True,True,True,True,True,True,True
transistor1::transistor1_0111_OK,transistor1,train,transistor1_0111_OK,0111,OK,OK,OK,True,5,5,"C1,C2,C3,C4,C5",,,True,True,True,True,True,True,True,True,True,True,True,True,True,True,True
transistor1::transistor1_0112_NG_BX,transistor1,test,transistor1_0112_NG_BX,0112,OK,NG_BX,BX,True,5,5,"C1,C2,C3,C4,C5",,,True,True,True,True,True,True,True,True,True,True,True,True,True,True,True
transistor1::transistor1_0112_NG_QS,transistor1,test,transistor1_0112_NG_QS,0112,OK,NG_QS,QS,False,5,5,"C1,C2,C3,C4,C5",,,True,True,True,True,True,True,True,True,True,True,True,True,True,True,True
transistor1::transistor1_0112_NG_ZW,transistor1,test,transistor1_0112_NG_ZW,0112,OK,NG_ZW,ZW,False,5,5,"C1,C2,C3,C4,C5",,,True,True,True,True,True,True,True,True,True,True,True,True,True,True,True
transistor1::transistor1_0112_OK,transistor1,train,transistor1_0112_OK,0112,OK,OK,OK,True,5,5,"C1,C2,C3,C4,C5",,,True,True,True,True,True,True,True,True,True,True,True,True,True,True,True
transistor1::transistor1_0113_NG_BX,transistor1,test,transistor1_0113_NG_BX,0113,OK,NG_BX,BX,True,5,5,"C1,C2,C3,C4,C5",,,True,True,True,True,True,True,True,True,True,True,True,True,True,True,True
transistor1::transistor1_0113_NG_QS,transistor1,test,transistor1_0113_NG_QS,0113,OK,NG_QS,QS,False,5,5,"C1,C2,C3,C4,C5",,,True,True,True,True,True,True,True,True,True,True,True,True,True,True,True
transistor1::transistor1_0113_NG_ZW,transistor1,test,transistor1_0113_NG_ZW,0113,OK,NG_ZW,ZW,False,5,5,"C1,C2,C3,C4,C5",,,True,True,True,True,True,True,True,True,True,True,True,True,True,True,True
transistor1::transistor1_0113_OK,transistor1,train,transistor1_0113_OK,0113,OK,OK,OK,True,5,5,"C1,C2,C3,C4,C5",,,True,True,True,True,True,True,True,True,True,True,True,True,True,True,True
transistor1::transistor1_0114_NG_BX,transistor1,test,transistor1_0114_NG_BX,0114,OK,NG_BX,BX,True,5,5,"C1,C2,C3,C4,C5",,,True,True,True,True,True,True,True,True,True,True,True,True,True,True,True
transistor1::transistor1_0114_NG_QS,transistor1,test,transistor1_0114_NG_QS,0114,OK,NG_QS,QS,False,5,5,"C1,C2,C3,C4,C5",,,True,True,True,True,True,True,True,True,True,True,True,True,True,True,True
transistor1::transistor1_0114_NG_ZW,transistor1,test,transistor1_0114_NG_ZW,0114,OK,NG_ZW,ZW,False,5,5,"C1,C2,C3,C4,C5",,,True,True,True,True,True,True,True,True,True,True,True,True,True,True,True
transistor1::transistor1_0114_OK,transistor1,test,transistor1_0114_OK,0114,OK,OK,OK,True,5,5,"C1,C2,C3,C4,C5",,,True,True,True,True,True,True,True,True,True,True,True,True,True,True,True
transistor1::transistor1_0115_NG_BX,transistor1,test,transistor1_0115_NG_BX,0115,OK,NG_BX,BX,True,5,5,"C1,C2,C3,C4,C5",,,True,True,True,True,True,True,True,True,True,True,True,True,True,True,True
transistor1::transistor1_0115_NG_QS,transistor1,test,transistor1_0115_NG_QS,0115,OK,NG_QS,QS,False,5,5,"C1,C2,C3,C4,C5",,,True,True,True,True,True,True,True,True,True,True,True,True,True,True,True
transistor1::transistor1_0115_NG_ZW,transistor1,test,transistor1_0115_NG_ZW,0115,OK,NG_ZW,OK,False,5,5,"C1,C2,C3,C4,C5",,,True,True,True,True,True,True,True,True,True,True,True,True,True,True,True
transistor1::transistor1_0115_OK,transistor1,train,transistor1_0115_OK,0115,OK,OK,OK,True,5,5,"C1,C2,C3,C4,C5",,,True,True,True,True,True,True,True,True,True,True,True,True,True,True,True
transistor1::transistor1_0116_NG_BX,transistor1,test,transistor1_0116_NG_BX,0116,OK,NG_BX,BX,True,5,5,"C1,C2,C3,C4,C5",,,True,True,True,True,True,True,True,True,True,True,True,True,True,True,True
transistor1::transistor1_0116_NG_QS,transistor1,test,transistor1_0116_NG_QS,0116,OK,NG_QS,QS,False,5,5,"C1,C2,C3,C4,C5",,,True,True,True,True,True,True,True,True,True,True,True,True,True,True,True
transistor1::transistor1_0116_NG_ZW,transistor1,test,transistor1_0116_NG_ZW,0116,OK,NG_ZW,ZW,True,5,5,"C1,C2,C3,C4,C5",,,True,True,True,True,True,True,True,True,True,True,True,True,True,True,True
transistor1::transistor1_0116_OK,transistor1,test,transistor1_0116_OK,0116,OK,OK,OK,True,5,5,"C1,C2,C3,C4,C5",,,True,True,True,True,True,True,True,True,True,True,True,True,True,True,True
transistor1::transistor1_0117_NG_BX,transistor1,test,transistor1_0117_NG_BX,0117,OK,NG_BX,BX,True,5,5,"C1,C2,C3,C4,C5",,,True,True,True,True,True,True,True,True,True,True,True,True,True,True,True
transistor1::transistor1_0117_NG_QS,transistor1,test,transistor1_0117_NG_QS,0117,OK,NG_QS,QS,False,5,5,"C1,C2,C3,C4,C5",,,True,True,True,True,True,True,True,True,True,True,True,True,True,True,True
transistor1::transistor1_0117_NG_ZW,transistor1,test,transistor1_0117_NG_ZW,0117,OK,NG_ZW,ZW,False,5,5,"C1,C2,C3,C4,C5",,,True,True,True,True,True,True,True,True,True,True,True,True,True,True,True
transistor1::transistor1_0117_OK,transistor1,test,transistor1_0117_OK,0117,OK,OK,OK,True,5,5,"C1,C2,C3,C4,C5",,,True,True,True,True,True,True,True,True,True,True,True,True,True,True,True
transistor1::transistor1_0118_NG_BX,transistor1,test,transistor1_0118_NG_BX,0118,OK,NG_BX,BX,True,5,5,"C1,C2,C3,C4,C5",,,True,True,True,True,True,True,True,True,True,True,True,True,True,True,True
transistor1::transistor1_0118_NG_QS,transistor1,test,transistor1_0118_NG_QS,0118,OK,NG_QS,QS,False,5,5,"C1,C2,C3,C4,C5",,,True,True,True,True,True,True,True,True,True,True,True,True,True,True,True
transistor1::transistor1_0118_NG_ZW,transistor1,test,transistor1_0118_NG_ZW,0118,OK,NG_ZW,ZW,False,5,5,"C1,C2,C3,C4,C5",,,True,True,True,True,True,True,True,True,True,True,True,True,True,True,True
transistor1::transistor1_0118_OK,transistor1,train,transistor1_0118_OK,0118,OK,OK,OK,True,5,5,"C1,C2,C3,C4,C5",,,True,True,True,True,True,True,True,True,True,True,True,True,True,True,True
transistor1::transistor1_0119_NG_BX,transistor1,test,transistor1_0119_NG_BX,0119,OK,NG_BX,BX,True,5,5,"C1,C2,C3,C4,C5",,,True,True,True,True,True,True,True,True,True,True,True,True,True,True,True
transistor1::transistor1_0119_NG_QS,transistor1,test,transistor1_0119_NG_QS,0119,OK,NG_QS,QS,False,5,5,"C1,C2,C3,C4,C5",,,True,True,True,True,True,True,True,True,True,True,True,True,True,True,True
transistor1::transistor1_0119_NG_ZW,transistor1,test,transistor1_0119_NG_ZW,0119,OK,NG_ZW,ZW,False,5,5,"C1,C2,C3,C4,C5",,,True,True,True,True,True,True,True,True,True,True,True,True,True,True,True
transistor1::transistor1_0119_OK,transistor1,test,transistor1_0119_OK,0119,OK,OK,OK,True,5,5,"C1,C2,C3,C4,C5",,,True,True,True,True,True,True,True,True,True,True,True,True,True,True,True
transistor1::transistor1_0120_NG_BX,transistor1,test,transistor1_0120_NG_BX,0120,OK,NG_BX,BX,True,5,5,"C1,C2,C3,C4,C5",,,True,True,True,True,True,True,True,True,True,True,True,True,True,True,True
transistor1::transistor1_0120_NG_QS,transistor1,test,transistor1_0120_NG_QS,0120,OK,NG_QS,QS,False,5,5,"C1,C2,C3,C4,C5",,,True,True,True,True,True,True,True,True,True,True,True,True,True,True,True
transistor1::transistor1_0120_NG_ZW,transistor1,test,transistor1_0120_NG_ZW,0120,OK,NG_ZW,ZW,True,5,5,"C1,C2,C3,C4,C5",,,True,True,True,True,True,True,True,True,True,True,True,True,True,True,True
transistor1::transistor1_0120_OK,transistor1,train,transistor1_0120_OK,0120,OK,OK,OK,True,5,5,"C1,C2,C3,C4,C5",,,True,True,True,True,True,True,True,True,True,True,True,True,True,True,True
transistor1::transistor1_0121_NG_BX,transistor1,test,transistor1_0121_NG_BX,0121,OK,NG_BX,BX,True,5,5,"C1,C2,C3,C4,C5",,,True,True,True,True,True,True,True,True,True,True,True,True,True,True,True
transistor1::transistor1_0121_NG_QS,transistor1,test,transistor1_0121_NG_QS,0121,OK,NG_QS,QS,False,5,5,"C1,C2,C3,C4,C5",,,True,True,True,True,True,True,True,True,True,True,True,True,True,True,True
transistor1::transistor1_0121_NG_ZW,transistor1,test,transistor1_0121_NG_ZW,0121,OK,NG_ZW,OK,False,5,5,"C1,C2,C3,C4,C5",,,True,True,True,True,True,True,True,True,True,True,True,True,True,True,True
transistor1::transistor1_0121_OK,transistor1,train,transistor1_0121_OK,0121,OK,OK,OK,True,5,5,"C1,C2,C3,C4,C5",,,True,True,True,True,True,True,True,True,True,True,True,True,True,True,True
transistor1::transistor1_0122_NG_BX,transistor1,test,transistor1_0122_NG_BX,0122,OK,NG_BX,BX,True,5,5,"C1,C2,C3,C4,C5",,,True,True,True,True,True,True,True,True,True,True,True,True,True,True,True
transistor1::transistor1_0122_NG_QS,transistor1,test,transistor1_0122_NG_QS,0122,OK,NG_QS,QS,True,5,5,"C1,C2,C3,C4,C5",,,True,True,True,True,True,True,True,True,True,True,True,True,True,True,True
transistor1::transistor1_0122_NG_ZW,transistor1,test,transistor1_0122_NG_ZW,0122,OK,NG_ZW,ZW,True,5,5,"C1,C2,C3,C4,C5",,,True,True,True,True,True,True,True,True,True,True,True,True,True,True,True
transistor1::transistor1_0122_OK,transistor1,train,transistor1_0122_OK,0122,OK,OK,OK,True,5,5,"C1,C2,C3,C4,C5",,,True,True,True,True,True,True,True,True,True,True,True,True,True,True,True
transistor1::transistor1_0123_NG_BX,transistor1,test,transistor1_0123_NG_BX,0123,OK,NG_BX,BX,True,5,5,"C1,C2,C3,C4,C5",,,True,True,True,True,True,True,True,True,True,True,True,True,True,True,True
transistor1::transistor1_0123_NG_QS,transistor1,test,transistor1_0123_NG_QS,0123,OK,NG_QS,QS,False,5,5,"C1,C2,C3,C4,C5",,,True,True,True,True,True,True,True,True,True,True,True,True,True,True,True
transistor1::transistor1_0123_NG_ZW,transistor1,test,transistor1_0123_NG_ZW,0123,OK,NG_ZW,ZW,True,5,5,"C1,C2,C3,C4,C5",,,True,True,True,True,True,True,True,True,True,True,True,True,True,True,True
transistor1::transistor1_0123_OK,transistor1,train,transistor1_0123_OK,0123,OK,OK,OK,True,5,5,"C1,C2,C3,C4,C5",,,True,True,True,True,True,True,True,True,True,True,True,True,True,True,True
transistor1::transistor1_0124_NG_BX,transistor1,test,transistor1_0124_NG_BX,0124,OK,NG_BX,BX,True,5,5,"C1,C2,C3,C4,C5",,,True,True,True,True,True,True,True,True,True,True,True,True,True,True,True
transistor1::transistor1_0124_NG_QS,transistor1,test,transistor1_0124_NG_QS,0124,OK,NG_QS,QS,False,5,5,"C1,C2,C3,C4,C5",,,True,True,True,True,True,True,True,True,True,True,True,True,True,True,True
transistor1::transistor1_0124_NG_ZW,transistor1,test,transistor1_0124_NG_ZW,0124,OK,NG_ZW,ZW,True,5,5,"C1,C2,C3,C4,C5",,,True,True,True,True,True,True,True,True,True,True,True,True,True,True,True
transistor1::transistor1_0124_OK,transistor1,train,transistor1_0124_OK,0124,OK,OK,OK,True,5,5,"C1,C2,C3,C4,C5",,,True,True,True,True,True,True,True,True,True,True,True,True,True,True,True
transistor1::transistor1_0125_NG_BX,transistor1,test,transistor1_0125_NG_BX,0125,OK,NG_BX,BX,True,5,5,"C1,C2,C3,C4,C5",,,True,True,True,True,True,True,True,True,True,True,True,True,True,True,True
transistor1::transistor1_0125_NG_QS,transistor1,test,transistor1_0125_NG_QS,0125,OK,NG_QS,QS,False,5,5,"C1,C2,C3,C4,C5",,,True,True,True,True,True,True,True,True,True,True,True,True,True,True,True
transistor1::transistor1_0125_NG_ZW,transistor1,test,transistor1_0125_NG_ZW,0125,OK,NG_ZW,ZW,False,5,5,"C1,C2,C3,C4,C5",,,True,True,True,True,True,True,True,True,True,True,True,True,True,True,True
transistor1::transistor1_0125_OK,transistor1,train,transistor1_0125_OK,0125,OK,OK,OK,True,5,5,"C1,C2,C3,C4,C5",,,True,True,True,True,True,True,True,True,True,True,True,True,True,True,True
transistor1::transistor1_0126_NG_BX,transistor1,test,transistor1_0126_NG_BX,0126,OK,NG_BX,BX,False,5,5,"C1,C2,C3,C4,C5",,,True,True,True,True,True,True,True,True,True,True,True,True,True,True,True
transistor1::transistor1_0126_NG_QS,transistor1,test,transistor1_0126_NG_QS,0126,OK,NG_QS,QS,False,5,5,"C1,C2,C3,C4,C5",,,True,True,True,True,True,True,True,True,True,True,True,True,True,True,True
transistor1::transistor1_0126_NG_ZW,transistor1,test,transistor1_0126_NG_ZW,0126,OK,NG_ZW,ZW,True,5,5,"C1,C2,C3,C4,C5",,,True,True,True,True,True,True,True,True,True,True,True,True,True,True,True
transistor1::transistor1_0126_OK,transistor1,train,transistor1_0126_OK,0126,OK,OK,OK,True,5,5,"C1,C2,C3,C4,C5",,,True,True,True,True,True,True,True,True,True,True,True,True,True,True,True
transistor1::transistor1_0127_NG_BX,transistor1,test,transistor1_0127_NG_BX,0127,OK,NG_BX,BX,True,5,5,"C1,C2,C3,C4,C5",,,True,True,True,True,True,True,True,True,True,True,True,True,True,True,True
transistor1::transistor1_0127_NG_QS,transistor1,test,transistor1_0127_NG_QS,0127,OK,NG_QS,QS,False,5,5,"C1,C2,C3,C4,C5",,,True,True,True,True,True,True,True,True,True,True,True,True,True,True,True
transistor1::transistor1_0127_NG_ZW,transistor1,test,transistor1_0127_NG_ZW,0127,OK,NG_ZW,ZW,True,5,5,"C1,C2,C3,C4,C5",,,True,True,True,True,True,True,True,True,True,True,True,True,True,True,True
transistor1::transistor1_0127_OK,transistor1,test,transistor1_0127_OK,0127,OK,OK,OK,True,5,5,"C1,C2,C3,C4,C5",,,True,True,True,True,True,True,True,True,True,True,True,True,True,True,True
transistor1::transistor1_0128_NG_BX,transistor1,test,transistor1_0128_NG_BX,0128,OK,NG_BX,BX,False,5,5,"C1,C2,C3,C4,C5",,,True,True,True,True,True,True,True,True,True,True,True,True,True,True,True
transistor1::transistor1_0128_NG_QS,transistor1,test,transistor1_0128_NG_QS,0128,OK,NG_QS,QS,False,5,5,"C1,C2,C3,C4,C5",,,True,True,True,True,True,True,True,True,True,True,True,True,True,True,True
transistor1::transistor1_0128_NG_ZW,transistor1,test,transistor1_0128_NG_ZW,0128,OK,NG_ZW,ZW,False,5,5,"C1,C2,C3,C4,C5",,,True,True,True,True,True,True,True,True,True,True,True,True,True,True,True
transistor1::transistor1_0128_OK,transistor1,test,transistor1_0128_OK,0128,OK,OK,OK,True,5,5,"C1,C2,C3,C4,C5",,,True,True,True,True,True,True,True,True,True,True,True,True,True,True,True
transistor1::transistor1_0129_NG_BX,transistor1,test,transistor1_0129_NG_BX,0129,OK,NG_BX,BX,True,5,5,"C1,C2,C3,C4,C5",,,True,True,True,True,True,True,True,True,True,True,True,True,True,True,True
transistor1::transistor1_0129_NG_QS,transistor1,test,transistor1_0129_NG_QS,0129,OK,NG_QS,QS,False,5,5,"C1,C2,C3,C4,C5",,,True,True,True,True,True,True,True,True,True,True,True,True,True,True,True
transistor1::transistor1_0129_NG_ZW,transistor1,test,transistor1_0129_NG_ZW,0129,OK,NG_ZW,OK,False,5,5,"C1,C2,C3,C4,C5",,,True,True,True,True,True,True,True,True,True,True,True,True,True,True,True
transistor1::transistor1_0129_OK,transistor1,train,transistor1_0129_OK,0129,OK,OK,OK,True,5,5,"C1,C2,C3,C4,C5",,,True,True,True,True,True,True,True,True,True,True,True,True,True,True,True
transistor1::transistor1_0130_NG_BX,transistor1,test,transistor1_0130_NG_BX,0130,OK,NG_BX,BX,True,5,5,"C1,C2,C3,C4,C5",,,True,True,True,True,True,True,True,True,True,True,True,True,True,True,True
transistor1::transistor1_0130_NG_QS,transistor1,test,transistor1_0130_NG_QS,0130,OK,NG_QS,QS,False,5,5,"C1,C2,C3,C4,C5",,,True,True,True,True,True,True,True,True,True,True,True,True,True,True,True
transistor1::transistor1_0130_NG_ZW,transistor1,test,transistor1_0130_NG_ZW,0130,OK,NG_ZW,ZW,False,5,5,"C1,C2,C3,C4,C5",,,True,True,True,True,True,True,True,True,True,True,True,True,True,True,True
transistor1::transistor1_0130_OK,transistor1,test,transistor1_0130_OK,0130,OK,OK,OK,True,5,5,"C1,C2,C3,C4,C5",,,True,True,True,True,True,True,True,True,True,True,True,True,True,True,True
transistor1::transistor1_0131_NG_BX,transistor1,test,transistor1_0131_NG_BX,0131,OK,NG_BX,BX,False,5,5,"C1,C2,C3,C4,C5",,,True,True,True,True,True,True,True,True,True,True,True,True,True,True,True
transistor1::transistor1_0131_NG_QS,transistor1,test,transistor1_0131_NG_QS,0131,OK,NG_QS,QS,False,5,5,"C1,C2,C3,C4,C5",,,True,True,True,True,True,True,True,True,True,True,True,True,True,True,True
transistor1::transistor1_0131_NG_ZW,transistor1,test,transistor1_0131_NG_ZW,0131,OK,NG_ZW,ZW,True,5,5,"C1,C2,C3,C4,C5",,,True,True,True,True,True,True,True,True,True,True,True,True,True,True,True
transistor1::transistor1_0131_OK,transistor1,test,transistor1_0131_OK,0131,OK,OK,OK,True,5,5,"C1,C2,C3,C4,C5",,,True,True,True,True,True,True,True,True,True,True,True,True,True,True,True
transistor1::transistor1_0132_NG_BX,transistor1,test,transistor1_0132_NG_BX,0132,OK,NG_BX,BX,True,5,5,"C1,C2,C3,C4,C5",,,True,True,True,True,True,True,True,True,True,True,True,True,True,True,True
transistor1::transistor1_0132_NG_QS,transistor1,test,transistor1_0132_NG_QS,0132,OK,NG_QS,QS,False,5,5,"C1,C2,C3,C4,C5",,,True,True,True,True,True,True,True,True,True,True,True,True,True,True,True
transistor1::transistor1_0132_NG_ZW,transistor1,test,transistor1_0132_NG_ZW,0132,OK,NG_ZW,OK,False,5,5,"C1,C2,C3,C4,C5",,,True,True,True,True,True,True,True,True,True,True,True,True,True,True,True
transistor1::transistor1_0132_OK,transistor1,train,transistor1_0132_OK,0132,OK,OK,OK,True,5,5,"C1,C2,C3,C4,C5",,,True,True,True,True,True,True,True,True,True,True,True,True,True,True,True
transistor1::transistor1_0133_NG_BX,transistor1,test,transistor1_0133_NG_BX,0133,OK,NG_BX,BX,True,5,5,"C1,C2,C3,C4,C5",,,True,True,True,True,True,True,True,True,True,True,True,True,True,True,True
transistor1::transistor1_0133_NG_QS,transistor1,test,transistor1_0133_NG_QS,0133,OK,NG_QS,QS,False,5,5,"C1,C2,C3,C4,C5",,,True,True,True,True,True,True,True,True,True,True,True,True,True,True,True
transistor1::transistor1_0133_NG_ZW,transistor1,test,transistor1_0133_NG_ZW,0133,OK,NG_ZW,ZW,False,5,5,"C1,C2,C3,C4,C5",,,True,True,True,True,True,True,True,True,True,True,True,True,True,True,True
transistor1::transistor1_0133_OK,transistor1,test,transistor1_0133_OK,0133,OK,OK,OK,True,5,5,"C1,C2,C3,C4,C5",,,True,True,True,True,True,True,True,True,True,True,True,True,True,True,True
transistor1::transistor1_0134_NG_BX,transistor1,test,transistor1_0134_NG_BX,0134,OK,NG_BX,BX,True,5,5,"C1,C2,C3,C4,C5",,,True,True,True,True,True,True,True,True,True,True,True,True,True,True,True
transistor1::transistor1_0134_NG_QS,transistor1,test,transistor1_0134_NG_QS,0134,OK,NG_QS,QS,False,5,5,"C1,C2,C3,C4,C5",,,True,True,True,True,True,True,True,True,True,True,True,True,True,True,True
transistor1::transistor1_0134_NG_ZW,transistor1,test,transistor1_0134_NG_ZW,0134,OK,NG_ZW,ZW,True,5,5,"C1,C2,C3,C4,C5",,,True,True,True,True,True,True,True,True,True,True,True,True,True,True,True
transistor1::transistor1_0134_OK,transistor1,test,transistor1_0134_OK,0134,OK,OK,OK,True,5,5,"C1,C2,C3,C4,C5",,,True,True,True,True,True,True,True,True,True,True,True,True,True,True,True
transistor1::transistor1_0135_NG_BX,transistor1,test,transistor1_0135_NG_BX,0135,OK,NG_BX,BX,True,5,5,"C1,C2,C3,C4,C5",,,True,True,True,True,True,True,True,True,True,True,True,True,True,True,True
transistor1::transistor1_0135_NG_QS,transistor1,test,transistor1_0135_NG_QS,0135,OK,NG_QS,QS,False,5,5,"C1,C2,C3,C4,C5",,,True,True,True,True,True,True,True,True,True,True,True,True,True,True,True
transistor1::transistor1_0135_NG_ZW,transistor1,test,transistor1_0135_NG_ZW,0135,OK,NG_ZW,ZW,True,5,5,"C1,C2,C3,C4,C5",,,True,True,True,True,True,True,True,True,True,True,True,True,True,True,True
transistor1::transistor1_0135_OK,transistor1,test,transistor1_0135_OK,0135,OK,OK,OK,True,5,5,"C1,C2,C3,C4,C5",,,True,True,True,True,True,True,True,True,True,True,True,True,True,True,True
transistor1::transistor1_0136_NG_BX,transistor1,test,transistor1_0136_NG_BX,0136,OK,NG_BX,BX,True,5,5,"C1,C2,C3,C4,C5",,,True,True,True,True,True,True,True,True,True,True,True,True,True,True,True
transistor1::transistor1_0136_NG_QS,transistor1,test,transistor1_0136_NG_QS,0136,OK,NG_QS,QS,False,5,5,"C1,C2,C3,C4,C5",,,True,True,True,True,True,True,True,True,True,True,True,True,True,True,True
transistor1::transistor1_0136_NG_ZW,transistor1,test,transistor1_0136_NG_ZW,0136,OK,NG_ZW,OK,False,5,5,"C1,C2,C3,C4,C5",,,True,True,True,True,True,True,True,True,True,True,True,True,True,True,True
transistor1::transistor1_0136_OK,transistor1,test,transistor1_0136_OK,0136,OK,OK,OK,True,5,5,"C1,C2,C3,C4,C5",,,True,True,True,True,True,True,True,True,True,True,True,True,True,True,True
transistor1::transistor1_0137_NG_BX,transistor1,test,transistor1_0137_NG_BX,0137,OK,NG_BX,BX,True,5,5,"C1,C2,C3,C4,C5",,,True,True,True,True,True,True,True,True,True,True,True,True,True,True,True
transistor1::transistor1_0137_NG_QS,transistor1,test,transistor1_0137_NG_QS,0137,OK,NG_QS,QS,False,5,5,"C1,C2,C3,C4,C5",,,True,True,True,True,True,True,True,True,True,True,True,True,True,True,True
transistor1::transistor1_0137_NG_ZW,transistor1,test,transistor1_0137_NG_ZW,0137,OK,NG_ZW,ZW,False,5,5,"C1,C2,C3,C4,C5",,,True,True,True,True,True,True,True,True,True,True,True,True,True,True,True
transistor1::transistor1_0137_OK,transistor1,test,transistor1_0137_OK,0137,OK,OK,OK,True,5,5,"C1,C2,C3,C4,C5",,,True,True,True,True,True,True,True,True,True,True,True,True,True,True,True
transistor1::transistor1_0138_NG_BX,transistor1,test,transistor1_0138_NG_BX,0138,OK,NG_BX,BX,True,5,5,"C1,C2,C3,C4,C5",,,True,True,True,True,True,True,True,True,True,True,True,True,True,True,True
transistor1::transistor1_0138_NG_QS,transistor1,test,transistor1_0138_NG_QS,0138,OK,NG_QS,QS,False,5,5,"C1,C2,C3,C4,C5",,,True,True,True,True,True,True,True,True,True,True,True,True,True,True,True
transistor1::transistor1_0138_NG_ZW,transistor1,test,transistor1_0138_NG_ZW,0138,OK,NG_ZW,OK,False,5,5,"C1,C2,C3,C4,C5",,,True,True,True,True,True,True,True,True,True,True,True,True,True,True,True
transistor1::transistor1_0138_OK,transistor1,test,transistor1_0138_OK,0138,OK,OK,OK,True,5,5,"C1,C2,C3,C4,C5",,,True,True,True,True,True,True,True,True,True,True,True,True,True,True,True
transistor1::transistor1_0139_NG_BX,transistor1,test,transistor1_0139_NG_BX,0139,OK,NG_BX,BX,True,5,5,"C1,C2,C3,C4,C5",,,True,True,True,True,True,True,True,True,True,True,True,True,True,True,True
transistor1::transistor1_0139_NG_QS,transistor1,test,transistor1_0139_NG_QS,0139,OK,NG_QS,QS,False,5,5,"C1,C2,C3,C4,C5",,,True,True,True,True,True,True,True,True,True,True,True,True,True,True,True
transistor1::transistor1_0139_NG_ZW,transistor1,test,transistor1_0139_NG_ZW,0139,OK,NG_ZW,ZW,False,5,5,"C1,C2,C3,C4,C5",,,True,True,True,True,True,True,True,True,True,True,True,True,True,True,True
transistor1::transistor1_0139_OK,transistor1,test,transistor1_0139_OK,0139,OK,OK,OK,True,5,5,"C1,C2,C3,C4,C5",,,True,True,True,True,True,True,True,True,True,True,True,True,True,True,True
transistor1::transistor1_0140_NG_BX,transistor1,test,transistor1_0140_NG_BX,0140,OK,NG_BX,BX,False,5,5,"C1,C2,C3,C4,C5",,,True,True,True,True,True,True,True,True,True,True,True,True,True,True,True
transistor1::transistor1_0140_NG_QS,transistor1,test,transistor1_0140_NG_QS,0140,OK,NG_QS,QS,False,5,5,"C1,C2,C3,C4,C5",,,True,True,True,True,True,True,True,True,True,True,True,True,True,True,True
transistor1::transistor1_0140_NG_ZW,transistor1,test,transistor1_0140_NG_ZW,0140,OK,NG_ZW,ZW,False,5,5,"C1,C2,C3,C4,C5",,,True,True,True,True,True,True,True,True,True,True,True,True,True,True,True
transistor1::transistor1_0140_OK,transistor1,test,transistor1_0140_OK,0140,OK,OK,OK,True,5,5,"C1,C2,C3,C4,C5",,,True,True,True,True,True,True,True,True,True,True,True,True,True,True,True
transistor1::transistor1_0141_NG_BX,transistor1,test,transistor1_0141_NG_BX,0141,OK,NG_BX,BX,True,5,5,"C1,C2,C3,C4,C5",,,True,True,True,True,True,True,True,True,True,True,True,True,True,True,True
transistor1::transistor1_0141_NG_QS,transistor1,test,transistor1_0141_NG_QS,0141,OK,NG_QS,QS,False,5,5,"C1,C2,C3,C4,C5",,,True,True,True,True,True,True,True,True,True,True,True,True,True,True,True
transistor1::transistor1_0141_NG_ZW,transistor1,test,transistor1_0141_NG_ZW,0141,OK,NG_ZW,ZW,False,5,5,"C1,C2,C3,C4,C5",,,True,True,True,True,True,True,True,True,True,True,True,True,True,True,True
transistor1::transistor1_0141_OK,transistor1,train,transistor1_0141_OK,0141,OK,OK,OK,True,5,5,"C1,C2,C3,C4,C5",,,True,True,True,True,True,True,True,True,True,True,True,True,True,True,True
transistor1::transistor1_0142_NG_BX,transistor1,test,transistor1_0142_NG_BX,0142,OK,NG_BX,BX,True,5,5,"C1,C2,C3,C4,C5",,,True,True,True,True,True,True,True,True,True,True,True,True,True,True,True
transistor1::transistor1_0142_NG_QS,transistor1,test,transistor1_0142_NG_QS,0142,OK,NG_QS,QS,False,5,5,"C1,C2,C3,C4,C5",,,True,True,True,True,True,True,True,True,True,True,True,True,True,True,True
transistor1::transistor1_0142_NG_ZW,transistor1,test,transistor1_0142_NG_ZW,0142,OK,NG_ZW,OK,False,5,5,"C1,C2,C3,C4,C5",,,True,True,True,True,True,True,True,True,True,True,True,True,True,True,True
transistor1::transistor1_0142_OK,transistor1,train,transistor1_0142_OK,0142,OK,OK,OK,True,5,5,"C1,C2,C3,C4,C5",,,True,True,True,True,True,True,True,True,True,True,True,True,True,True,True
transistor1::transistor1_0143_NG_BX,transistor1,test,transistor1_0143_NG_BX,0143,OK,NG_BX,BX,True,5,5,"C1,C2,C3,C4,C5",,,True,True,True,True,True,True,True,True,True,True,True,True,True,True,True
transistor1::transistor1_0143_NG_QS,transistor1,test,transistor1_0143_NG_QS,0143,OK,NG_QS,QS,False,5,5,"C1,C2,C3,C4,C5",,,True,True,True,True,True,True,True,True,True,True,True,True,True,True,True
transistor1::transistor1_0143_NG_ZW,transistor1,test,transistor1_0143_NG_ZW,0143,OK,NG_ZW,OK,False,5,5,"C1,C2,C3,C4,C5",,,True,True,True,True,True,True,True,True,True,True,True,True,True,True,True
transistor1::transistor1_0143_OK,transistor1,test,transistor1_0143_OK,0143,OK,OK,OK,True,5,5,"C1,C2,C3,C4,C5",,,True,True,True,True,True,True,True,True,True,True,True,True,True,True,True
transistor1::transistor1_0144_NG_BX,transistor1,test,transistor1_0144_NG_BX,0144,OK,NG_BX,BX,True,5,5,"C1,C2,C3,C4,C5",,,True,True,True,True,True,True,True,True,True,True,True,True,True,True,True
transistor1::transistor1_0144_NG_QS,transistor1,test,transistor1_0144_NG_QS,0144,OK,NG_QS,QS,False,5,5,"C1,C2,C3,C4,C5",,,True,True,True,True,True,True,True,True,True,True,True,True,True,True,True
transistor1::transistor1_0144_NG_ZW,transistor1,test,transistor1_0144_NG_ZW,0144,OK,NG_ZW,ZW,False,5,5,"C1,C2,C3,C4,C5",,,True,True,True,True,True,True,True,True,True,True,True,True,True,True,True
transistor1::transistor1_0144_OK,transistor1,test,transistor1_0144_OK,0144,OK,OK,OK,True,5,5,"C1,C2,C3,C4,C5",,,True,True,True,True,True,True,True,True,True,True,True,True,True,True,True
transistor1::transistor1_0145_NG_BX,transistor1,test,transistor1_0145_NG_BX,0145,OK,NG_BX,BX,True,5,5,"C1,C2,C3,C4,C5",,,True,True,True,True,True,True,True,True,True,True,True,True,True,True,True
transistor1::transistor1_0145_NG_QS,transistor1,test,transistor1_0145_NG_QS,0145,OK,NG_QS,QS,False,5,5,"C1,C2,C3,C4,C5",,,True,True,True,True,True,True,True,True,True,True,True,True,True,True,True
transistor1::transistor1_0145_NG_ZW,transistor1,test,transistor1_0145_NG_ZW,0145,OK,NG_ZW,OK,False,5,5,"C1,C2,C3,C4,C5",,,True,True,True,True,True,True,True,True,True,True,True,True,True,True,True
transistor1::transistor1_0145_OK,transistor1,train,transistor1_0145_OK,0145,OK,OK,OK,True,5,5,"C1,C2,C3,C4,C5",,,True,True,True,True,True,True,True,True,True,True,True,True,True,True,True
transistor1::transistor1_0146_NG_BX,transistor1,test,transistor1_0146_NG_BX,0146,OK,NG_BX,BX,True,5,5,"C1,C2,C3,C4,C5",,,True,True,True,True,True,True,True,True,True,True,True,True,True,True,True
transistor1::transistor1_0146_NG_QS,transistor1,test,transistor1_0146_NG_QS,0146,OK,NG_QS,QS,False,5,5,"C1,C2,C3,C4,C5",,,True,True,True,True,True,True,True,True,True,True,True,True,True,True,True
transistor1::transistor1_0146_NG_ZW,transistor1,test,transistor1_0146_NG_ZW,0146,OK,NG_ZW,ZW,True,5,5,"C1,C2,C3,C4,C5",,,True,True,True,True,True,True,True,True,True,True,True,True,True,True,True
transistor1::transistor1_0146_OK,transistor1,test,transistor1_0146_OK,0146,OK,OK,OK,True,5,5,"C1,C2,C3,C4,C5",,,True,True,True,True,True,True,True,True,True,True,True,True,True,True,True
transistor1::transistor1_0147_NG_BX,transistor1,test,transistor1_0147_NG_BX,0147,OK,NG_BX,BX,False,5,5,"C1,C2,C3,C4,C5",,,True,True,True,True,True,True,True,True,True,True,True,True,True,True,True
transistor1::transistor1_0147_NG_QS,transistor1,test,transistor1_0147_NG_QS,0147,OK,NG_QS,QS,False,5,5,"C1,C2,C3,C4,C5",,,True,True,True,True,True,True,True,True,True,True,True,True,True,True,True
transistor1::transistor1_0147_NG_ZW,transistor1,test,transistor1_0147_NG_ZW,0147,OK,NG_ZW,ZW,False,5,5,"C1,C2,C3,C4,C5",,,True,True,True,True,True,True,True,True,True,True,True,True,True,True,True
transistor1::transistor1_0147_OK,transistor1,train,transistor1_0147_OK,0147,OK,OK,OK,True,5,5,"C1,C2,C3,C4,C5",,,True,True,True,True,True,True,True,True,True,True,True,True,True,True,True
transistor1::transistor1_0148_NG_BX,transistor1,test,transistor1_0148_NG_BX,0148,OK,NG_BX,BX,False,5,5,"C1,C2,C3,C4,C5",,,True,True,True,True,True,True,True,True,True,True,True,True,True,True,True
transistor1::transistor1_0148_NG_QS,transistor1,test,transistor1_0148_NG_QS,0148,OK,NG_QS,QS,False,5,5,"C1,C2,C3,C4,C5",,,True,True,True,True,True,True,True,True,True,True,True,True,True,True,True
transistor1::transistor1_0148_NG_ZW,transistor1,test,transistor1_0148_NG_ZW,0148,OK,NG_ZW,ZW,False,5,5,"C1,C2,C3,C4,C5",,,True,True,True,True,True,True,True,True,True,True,True,True,True,True,True
transistor1::transistor1_0148_OK,transistor1,test,transistor1_0148_OK,0148,OK,OK,OK,True,5,5,"C1,C2,C3,C4,C5",,,True,True,True,True,True,True,True,True,True,True,True,True,True,True,True
transistor1::transistor1_0149_NG_BX,transistor1,test,transistor1_0149_NG_BX,0149,OK,NG_BX,BX,True,5,5,"C1,C2,C3,C4,C5",,,True,True,True,True,True,True,True,True,True,True,True,True,True,True,True
transistor1::transistor1_0149_NG_QS,transistor1,test,transistor1_0149_NG_QS,0149,OK,NG_QS,QS,False,5,5,"C1,C2,C3,C4,C5",,,True,True,True,True,True,True,True,True,True,True,True,True,True,True,True
transistor1::transistor1_0149_NG_ZW,transistor1,test,transistor1_0149_NG_ZW,0149,OK,NG_ZW,ZW,False,5,5,"C1,C2,C3,C4,C5",,,True,True,True,True,True,True,True,True,True,True,True,True,True,True,True
transistor1::transistor1_0149_OK,transistor1,test,transistor1_0149_OK,0149,OK,OK,OK,True,5,5,"C1,C2,C3,C4,C5",,,True,True,True,True,True,True,True,True,True,True,True,True,True,True,True
transistor1::transistor1_0150_NG_BX,transistor1,test,transistor1_0150_NG_BX,0150,OK,NG_BX,BX,True,5,5,"C1,C2,C3,C4,C5",,,True,True,True,True,True,True,True,True,True,True,True,True,True,True,True
transistor1::transistor1_0150_NG_QS,transistor1,test,transistor1_0150_NG_QS,0150,OK,NG_QS,QS,False,5,5,"C1,C2,C3,C4,C5",,,True,True,True,True,True,True,True,True,True,True,True,True,True,True,True
transistor1::transistor1_0150_NG_ZW,transistor1,test,transistor1_0150_NG_ZW,0150,OK,NG_ZW,ZW,True,5,5,"C1,C2,C3,C4,C5",,,True,True,True,True,True,True,True,True,True,True,True,True,True,True,True
transistor1::transistor1_0150_OK,transistor1,test,transistor1_0150_OK,0150,OK,OK,OK,True,5,5,"C1,C2,C3,C4,C5",,,True,True,True,True,True,True,True,True,True,True,True,True,True,True,True
transistor1::transistor1_0151_NG_BX,transistor1,test,transistor1_0151_NG_BX,0151,OK,NG_BX,BX,False,5,5,"C1,C2,C3,C4,C5",,,True,True,True,True,True,True,True,True,True,True,True,True,True,True,True
transistor1::transistor1_0151_NG_QS,transistor1,test,transistor1_0151_NG_QS,0151,OK,NG_QS,QS,False,5,5,"C1,C2,C3,C4,C5",,,True,True,True,True,True,True,True,True,True,True,True,True,True,True,True
transistor1::transistor1_0151_NG_ZW,transistor1,test,transistor1_0151_NG_ZW,0151,OK,NG_ZW,ZW,False,5,5,"C1,C2,C3,C4,C5",,,True,True,True,True,True,True,True,True,True,True,True,True,True,True,True
transistor1::transistor1_0151_OK,transistor1,test,transistor1_0151_OK,0151,OK,OK,OK,True,5,5,"C1,C2,C3,C4,C5",,,True,True,True,True,True,True,True,True,True,True,True,True,True,True,True
transistor1::transistor1_0152_NG_BX,transistor1,test,transistor1_0152_NG_BX,0152,OK,NG_BX,BX,True,5,5,"C1,C2,C3,C4,C5",,,True,True,True,True,True,True,True,True,True,True,True,True,True,True,True
transistor1::transistor1_0152_NG_ZW,transistor1,test,transistor1_0152_NG_ZW,0152,OK,NG_ZW,ZW,False,5,5,"C1,C2,C3,C4,C5",,,True,True,True,True,True,True,True,True,True,True,True,True,True,True,True
transistor1::transistor1_0152_OK,transistor1,train,transistor1_0152_OK,0152,OK,OK,OK,True,5,5,"C1,C2,C3,C4,C5",,,True,True,True,True,True,True,True,True,True,True,True,True,True,True,True
transistor1::transistor1_0153_NG_BX,transistor1,test,transistor1_0153_NG_BX,0153,OK,NG_BX,BX,True,5,5,"C1,C2,C3,C4,C5",,,True,True,True,True,True,True,True,True,True,True,True,True,True,True,True
transistor1::transistor1_0153_NG_QS,transistor1,test,transistor1_0153_NG_QS,0153,OK,NG_QS,QS,False,5,5,"C1,C2,C3,C4,C5",,,True,True,True,True,True,True,True,True,True,True,True,True,True,True,True
transistor1::transistor1_0153_NG_ZW,transistor1,test,transistor1_0153_NG_ZW,0153,OK,NG_ZW,ZW,True,5,5,"C1,C2,C3,C4,C5",,,True,True,True,True,True,True,True,True,True,True,True,True,True,True,True
transistor1::transistor1_0153_OK,transistor1,test,transistor1_0153_OK,0153,OK,OK,OK,True,5,5,"C1,C2,C3,C4,C5",,,True,True,True,True,True,True,True,True,True,True,True,True,True,True,True
transistor1::transistor1_0154_NG_BX,transistor1,test,transistor1_0154_NG_BX,0154,OK,NG_BX,BX,True,5,5,"C1,C2,C3,C4,C5",,,True,True,True,True,True,True,True,True,True,True,True,True,True,True,True
transistor1::transistor1_0154_NG_QS,transistor1,test,transistor1_0154_NG_QS,0154,OK,NG_QS,QS,False,5,5,"C1,C2,C3,C4,C5",,,True,True,True,True,True,True,True,True,True,True,True,True,True,True,True
transistor1::transistor1_0154_NG_ZW,transistor1,test,transistor1_0154_NG_ZW,0154,OK,NG_ZW,ZW,False,5,5,"C1,C2,C3,C4,C5",,,True,True,True,True,True,True,True,True,True,True,True,True,True,True,True
transistor1::transistor1_0154_OK,transistor1,train,transistor1_0154_OK,0154,OK,OK,OK,True,5,5,"C1,C2,C3,C4,C5",,,True,True,True,True,True,True,True,True,True,True,True,True,True,True,True
transistor1::transistor1_0155_NG_BX,transistor1,test,transistor1_0155_NG_BX,0155,OK,NG_BX,BX,True,5,5,"C1,C2,C3,C4,C5",,,True,True,True,True,True,True,True,True,True,True,True,True,True,True,True
transistor1::transistor1_0155_NG_QS,transistor1,test,transistor1_0155_NG_QS,0155,OK,NG_QS,QS,False,5,5,"C1,C2,C3,C4,C5",,,True,True,True,True,True,True,True,True,True,True,True,True,True,True,True
transistor1::transistor1_0155_NG_ZW,transistor1,test,transistor1_0155_NG_ZW,0155,OK,NG_ZW,ZW,False,5,5,"C1,C2,C3,C4,C5",,,True,True,True,True,True,True,True,True,True,True,True,True,True,True,True
transistor1::transistor1_0155_OK,transistor1,test,transistor1_0155_OK,0155,OK,OK,OK,True,5,5,"C1,C2,C3,C4,C5",,,True,True,True,True,True,True,True,True,True,True,True,True,True,True,True
transistor1::transistor1_0156_NG_BX,transistor1,test,transistor1_0156_NG_BX,0156,OK,NG_BX,BX,True,5,5,"C1,C2,C3,C4,C5",,,True,True,True,True,True,True,True,True,True,True,True,True,True,True,True
transistor1::transistor1_0156_NG_QS,transistor1,test,transistor1_0156_NG_QS,0156,OK,NG_QS,QS,False,5,5,"C1,C2,C3,C4,C5",,,True,True,True,True,True,True,True,True,True,True,True,True,True,True,True
transistor1::transistor1_0156_NG_ZW,transistor1,test,transistor1_0156_NG_ZW,0156,OK,NG_ZW,ZW,False,5,5,"C1,C2,C3,C4,C5",,,True,True,True,True,True,True,True,True,True,True,True,True,True,True,True
transistor1::transistor1_0156_OK,transistor1,train,transistor1_0156_OK,0156,OK,OK,OK,True,5,5,"C1,C2,C3,C4,C5",,,True,True,True,True,True,True,True,True,True,True,True,True,True,True,True
transistor1::transistor1_0157_NG_BX,transistor1,test,transistor1_0157_NG_BX,0157,OK,NG_BX,BX,True,5,5,"C1,C2,C3,C4,C5",,,True,True,True,True,True,True,True,True,True,True,True,True,True,True,True
transistor1::transistor1_0157_NG_QS,transistor1,test,transistor1_0157_NG_QS,0157,OK,NG_QS,QS,False,5,5,"C1,C2,C3,C4,C5",,,True,True,True,True,True,True,True,True,True,True,True,True,True,True,True
transistor1::transistor1_0157_NG_ZW,transistor1,test,transistor1_0157_NG_ZW,0157,OK,NG_ZW,ZW,False,5,5,"C1,C2,C3,C4,C5",,,True,True,True,True,True,True,True,True,True,True,True,True,True,True,True
transistor1::transistor1_0157_OK,transistor1,train,transistor1_0157_OK,0157,OK,OK,OK,True,5,5,"C1,C2,C3,C4,C5",,,True,True,True,True,True,True,True,True,True,True,True,True,True,True,True
transistor1::transistor1_0158_NG_BX,transistor1,test,transistor1_0158_NG_BX,0158,OK,NG_BX,BX,True,5,5,"C1,C2,C3,C4,C5",,,True,True,True,True,True,True,True,True,True,True,True,True,True,True,True
transistor1::transistor1_0158_NG_QS,transistor1,test,transistor1_0158_NG_QS,0158,OK,NG_QS,QS,False,5,5,"C1,C2,C3,C4,C5",,,True,True,True,True,True,True,True,True,True,True,True,True,True,True,True
transistor1::transistor1_0158_NG_ZW,transistor1,test,transistor1_0158_NG_ZW,0158,OK,NG_ZW,ZW,False,5,5,"C1,C2,C3,C4,C5",,,True,True,True,True,True,True,True,True,True,True,True,True,True,True,True
transistor1::transistor1_0158_OK,transistor1,train,transistor1_0158_OK,0158,OK,OK,OK,True,5,5,"C1,C2,C3,C4,C5",,,True,True,True,True,True,True,True,True,True,True,True,True,True,True,True
transistor1::transistor1_0159_NG_BX,transistor1,test,transistor1_0159_NG_BX,0159,OK,NG_BX,BX,True,5,5,"C1,C2,C3,C4,C5",,,True,True,True,True,True,True,True,True,True,True,True,True,True,True,True
transistor1::transistor1_0159_NG_QS,transistor1,test,transistor1_0159_NG_QS,0159,OK,NG_QS,QS,False,5,5,"C1,C2,C3,C4,C5",,,True,True,True,True,True,True,True,True,True,True,True,True,True,True,True
transistor1::transistor1_0159_NG_ZW,transistor1,test,transistor1_0159_NG_ZW,0159,OK,NG_ZW,ZW,True,5,5,"C1,C2,C3,C4,C5",,,True,True,True,True,True,True,True,True,True,True,True,True,True,True,True
transistor1::transistor1_0159_OK,transistor1,test,transistor1_0159_OK,0159,OK,OK,OK,True,5,5,"C1,C2,C3,C4,C5",,,True,True,True,True,True,True,True,True,True,True,True,True,True,True,True
transistor1::transistor1_0160_NG_BX,transistor1,test,transistor1_0160_NG_BX,0160,OK,NG_BX,BX,True,5,5,"C1,C2,C3,C4,C5",,,True,True,True,True,True,True,True,True,True,True,True,True,True,True,True
transistor1::transistor1_0160_NG_QS,transistor1,test,transistor1_0160_NG_QS,0160,OK,NG_QS,QS,False,5,5,"C1,C2,C3,C4,C5",,,True,True,True,True,True,True,True,True,True,True,True,True,True,True,True
transistor1::transistor1_0160_NG_ZW,transistor1,test,transistor1_0160_NG_ZW,0160,OK,NG_ZW,ZW,False,5,5,"C1,C2,C3,C4,C5",,,True,True,True,True,True,True,True,True,True,True,True,True,True,True,True
transistor1::transistor1_0160_OK,transistor1,train,transistor1_0160_OK,0160,OK,OK,OK,True,5,5,"C1,C2,C3,C4,C5",,,True,True,True,True,True,True,True,True,True,True,True,True,True,True,True
transistor1::transistor1_0161_NG_BX,transistor1,test,transistor1_0161_NG_BX,0161,OK,NG_BX,BX,True,5,5,"C1,C2,C3,C4,C5",,,True,True,True,True,True,True,True,True,True,True,True,True,True,True,True
transistor1::transistor1_0161_NG_QS,transistor1,test,transistor1_0161_NG_QS,0161,OK,NG_QS,QS,False,5,5,"C1,C2,C3,C4,C5",,,True,True,True,True,True,True,True,True,True,True,True,True,True,True,True
transistor1::transistor1_0161_NG_ZW,transistor1,test,transistor1_0161_NG_ZW,0161,OK,NG_ZW,ZW,False,5,5,"C1,C2,C3,C4,C5",,,True,True,True,True,True,True,True,True,True,True,True,True,True,True,True
transistor1::transistor1_0161_OK,transistor1,test,transistor1_0161_OK,0161,OK,OK,OK,True,5,5,"C1,C2,C3,C4,C5",,,True,True,True,True,True,True,True,True,True,True,True,True,True,True,True
transistor1::transistor1_0162_NG_BX,transistor1,test,transistor1_0162_NG_BX,0162,OK,NG_BX,BX,True,5,5,"C1,C2,C3,C4,C5",,,True,True,True,True,True,True,True,True,True,True,True,True,True,True,True
transistor1::transistor1_0162_NG_QS,transistor1,test,transistor1_0162_NG_QS,0162,OK,NG_QS,QS,False,5,5,"C1,C2,C3,C4,C5",,,True,True,True,True,True,True,True,True,True,True,True,True,True,True,True
transistor1::transistor1_0162_NG_ZW,transistor1,test,transistor1_0162_NG_ZW,0162,OK,NG_ZW,ZW,True,5,5,"C1,C2,C3,C4,C5",,,True,True,True,True,True,True,True,True,True,True,True,True,True,True,True
transistor1::transistor1_0162_OK,transistor1,train,transistor1_0162_OK,0162,OK,OK,OK,True,5,5,"C1,C2,C3,C4,C5",,,True,True,True,True,True,True,True,True,True,True,True,True,True,True,True
transistor1::transistor1_0163_NG_BX,transistor1,test,transistor1_0163_NG_BX,0163,OK,NG_BX,BX,False,5,5,"C1,C2,C3,C4,C5",,,True,True,True,True,True,True,True,True,True,True,True,True,True,True,True
transistor1::transistor1_0163_NG_QS,transistor1,test,transistor1_0163_NG_QS,0163,OK,NG_QS,QS,False,5,5,"C1,C2,C3,C4,C5",,,True,True,True,True,True,True,True,True,True,True,True,True,True,True,True
transistor1::transistor1_0163_NG_ZW,transistor1,test,transistor1_0163_NG_ZW,0163,OK,NG_ZW,ZW,True,5,5,"C1,C2,C3,C4,C5",,,True,True,True,True,True,True,True,True,True,True,True,True,True,True,True
transistor1::transistor1_0163_OK,transistor1,train,transistor1_0163_OK,0163,OK,OK,OK,True,5,5,"C1,C2,C3,C4,C5",,,True,True,True,True,True,True,True,True,True,True,True,True,True,True,True
transistor1::transistor1_0164_NG_BX,transistor1,test,transistor1_0164_NG_BX,0164,OK,NG_BX,BX,True,5,5,"C1,C2,C3,C4,C5",,,True,True,True,True,True,True,True,True,True,True,True,True,True,True,True
transistor1::transistor1_0164_NG_QS,transistor1,test,transistor1_0164_NG_QS,0164,OK,NG_QS,QS,False,5,5,"C1,C2,C3,C4,C5",,,True,True,True,True,True,True,True,True,True,True,True,True,True,True,True
transistor1::transistor1_0164_NG_ZW,transistor1,test,transistor1_0164_NG_ZW,0164,OK,NG_ZW,ZW,False,5,5,"C1,C2,C3,C4,C5",,,True,True,True,True,True,True,True,True,True,True,True,True,True,True,True
transistor1::transistor1_0164_OK,transistor1,train,transistor1_0164_OK,0164,OK,OK,OK,True,5,5,"C1,C2,C3,C4,C5",,,True,True,True,True,True,True,True,True,True,True,True,True,True,True,True
transistor1::transistor1_0165_NG_BX,transistor1,test,transistor1_0165_NG_BX,0165,OK,NG_BX,BX,True,5,5,"C1,C2,C3,C4,C5",,,True,True,True,True,True,True,True,True,True,True,True,True,True,True,True
transistor1::transistor1_0165_NG_QS,transistor1,test,transistor1_0165_NG_QS,0165,OK,NG_QS,QS,False,5,5,"C1,C2,C3,C4,C5",,,True,True,True,True,True,True,True,True,True,True,True,True,True,True,True
transistor1::transistor1_0165_NG_ZW,transistor1,test,transistor1_0165_NG_ZW,0165,OK,NG_ZW,ZW,False,5,5,"C1,C2,C3,C4,C5",,,True,True,True,True,True,True,True,True,True,True,True,True,True,True,True
transistor1::transistor1_0165_OK,transistor1,train,transistor1_0165_OK,0165,OK,OK,OK,True,5,5,"C1,C2,C3,C4,C5",,,True,True,True,True,True,True,True,True,True,True,True,True,True,True,True
transistor1::transistor1_0166_NG_BX,transistor1,test,transistor1_0166_NG_BX,0166,OK,NG_BX,BX,True,5,5,"C1,C2,C3,C4,C5",,,True,True,True,True,True,True,True,True,True,True,True,True,True,True,True
transistor1::transistor1_0166_NG_ZW,transistor1,test,transistor1_0166_NG_ZW,0166,OK,NG_ZW,ZW,False,5,5,"C1,C2,C3,C4,C5",,,True,True,True,True,True,True,True,True,True,True,True,True,True,True,True
transistor1::transistor1_0166_OK,transistor1,test,transistor1_0166_OK,0166,OK,OK,OK,True,5,5,"C1,C2,C3,C4,C5",,,True,True,True,True,True,True,True,True,True,True,True,True,True,True,True
transistor1::transistor1_0167_NG_BX,transistor1,test,transistor1_0167_NG_BX,0167,OK,NG_BX,BX,True,5,5,"C1,C2,C3,C4,C5",,,True,True,True,True,True,True,True,True,True,True,True,True,True,True,True
transistor1::transistor1_0167_OK,transistor1,train,transistor1_0167_OK,0167,OK,OK,OK,True,5,5,"C1,C2,C3,C4,C5",,,True,True,True,True,True,True,True,True,True,True,True,True,True,True,True
transistor1::transistor1_0168_NG_BX,transistor1,test,transistor1_0168_NG_BX,0168,OK,NG_BX,BX,True,5,5,"C1,C2,C3,C4,C5",,,True,True,True,True,True,True,True,True,True,True,True,True,True,True,True
transistor1::transistor1_0168_OK,transistor1,train,transistor1_0168_OK,0168,OK,OK,OK,True,5,5,"C1,C2,C3,C4,C5",,,True,True,True,True,True,True,True,True,True,True,True,True,True,True,True
transistor1::transistor1_0169_NG_BX,transistor1,test,transistor1_0169_NG_BX,0169,OK,NG_BX,BX,True,5,5,"C1,C2,C3,C4,C5",,,True,True,True,True,True,True,True,True,True,True,True,True,True,True,True
transistor1::transistor1_0169_OK,transistor1,train,transistor1_0169_OK,0169,OK,OK,OK,True,5,5,"C1,C2,C3,C4,C5",,,True,True,True,True,True,True,True,True,True,True,True,True,True,True,True
transistor1::transistor1_0170_NG_BX,transistor1,test,transistor1_0170_NG_BX,0170,OK,NG_BX,BX,True,5,5,"C1,C2,C3,C4,C5",,,True,True,True,True,True,True,True,True,True,True,True,True,True,True,True
transistor1::transistor1_0170_OK,transistor1,test,transistor1_0170_OK,0170,OK,OK,OK,True,5,5,"C1,C2,C3,C4,C5",,,True,True,True,True,True,True,True,True,True,True,True,True,True,True,True
transistor1::transistor1_0171_OK,transistor1,train,transistor1_0171_OK,0171,OK,OK,OK,True,5,5,"C1,C2,C3,C4,C5",,,True,True,True,True,True,True,True,True,True,True,True,True,True,True,True
transistor1::transistor1_0172_OK,transistor1,test,transistor1_0172_OK,0172,OK,OK,OK,True,5,5,"C1,C2,C3,C4,C5",,,True,True,True,True,True,True,True,True,True,True,True,True,True,True,True
transistor1::transistor1_0173_OK,transistor1,test,transistor1_0173_OK,0173,OK,OK,OK,True,5,5,"C1,C2,C3,C4,C5",,,True,True,True,True,True,True,True,True,True,True,True,True,True,True,True
transistor1::transistor1_0174_OK,transistor1,test,transistor1_0174_OK,0174,OK,OK,OK,True,5,5,"C1,C2,C3,C4,C5",,,True,True,True,True,True,True,True,True,True,True,True,True,True,True,True
transistor1::transistor1_0175_OK,transistor1,train,transistor1_0175_OK,0175,OK,OK,OK,True,5,5,"C1,C2,C3,C4,C5",,,True,True,True,True,True,True,True,True,True,True,True,True,True,True,True
transistor1::transistor1_0176_OK,transistor1,train,transistor1_0176_OK,0176,OK,OK,OK,True,5,5,"C1,C2,C3,C4,C5",,,True,True,True,True,True,True,True,True,True,True,True,True,True,True,True
transistor1::transistor1_0177_OK,transistor1,test,transistor1_0177_OK,0177,OK,OK,OK,True,5,5,"C1,C2,C3,C4,C5",,,True,True,True,True,True,True,True,True,True,True,True,True,True,True,True
transistor1::transistor1_0178_OK,transistor1,test,transistor1_0178_OK,0178,OK,OK,OK,True,5,5,"C1,C2,C3,C4,C5",,,True,True,True,True,True,True,True,True,True,True,True,True,True,True,True
transistor1::transistor1_0179_OK,transistor1,train,transistor1_0179_OK,0179,OK,OK,OK,True,5,5,"C1,C2,C3,C4,C5",,,True,True,True,True,True,True,True,True,True,True,True,True,True,True,True
transistor1::transistor1_0180_OK,transistor1,train,transistor1_0180_OK,0180,OK,OK,OK,True,5,5,"C1,C2,C3,C4,C5",,,True,True,True,True,True,True,True,True,True,True,True,True,True,True,True
transistor1::transistor1_0181_OK,transistor1,test,transistor1_0181_OK,0181,OK,OK,OK,True,5,5,"C1,C2,C3,C4,C5",,,True,True,True,True,True,True,True,True,True,True,True,True,True,True,True
transistor1::transistor1_0182_OK,transistor1,test,transistor1_0182_OK,0182,OK,OK,OK,True,5,5,"C1,C2,C3,C4,C5",,,True,True,True,True,True,True,True,True,True,True,True,True,True,True,True
transistor1::transistor1_0183_OK,transistor1,test,transistor1_0183_OK,0183,OK,OK,OK,True,5,5,"C1,C2,C3,C4,C5",,,True,True,True,True,True,True,True,True,True,True,True,True,True,True,True
transistor1::transistor1_0184_OK,transistor1,train,transistor1_0184_OK,0184,OK,OK,OK,True,5,5,"C1,C2,C3,C4,C5",,,True,True,True,True,True,True,True,True,True,True,True,True,True,True,True
transistor1::transistor1_0185_OK,transistor1,test,transistor1_0185_OK,0185,OK,OK,OK,True,5,5,"C1,C2,C3,C4,C5",,,True,True,True,True,True,True,True,True,True,True,True,True,True,True,True
transistor1::transistor1_0186_OK,transistor1,test,transistor1_0186_OK,0186,OK,OK,OK,True,5,5,"C1,C2,C3,C4,C5",,,True,True,True,True,True,True,True,True,True,True,True,True,True,True,True
transistor1::transistor1_0187_OK,transistor1,train,transistor1_0187_OK,0187,OK,OK,OK,True,5,5,"C1,C2,C3,C4,C5",,,True,True,True,True,True,True,True,True,True,True,True,True,True,True,True
transistor1::transistor1_0188_OK,transistor1,train,transistor1_0188_OK,0188,OK,OK,OK,True,5,5,"C1,C2,C3,C4,C5",,,True,True,True,True,True,True,True,True,True,True,True,True,True,True,True
transistor1::transistor1_0189_OK,transistor1,test,transistor1_0189_OK,0189,OK,OK,OK,True,5,5,"C1,C2,C3,C4,C5",,,True,True,True,True,True,True,True,True,True,True,True,True,True,True,True
transistor1::transistor1_0190_OK,transistor1,test,transistor1_0190_OK,0190,OK,OK,OK,True,5,5,"C1,C2,C3,C4,C5",,,True,True,True,True,True,True,True,True,True,True,True,True,True,True,True
transistor1::transistor1_0191_OK,transistor1,test,transistor1_0191_OK,0191,OK,OK,OK,True,5,5,"C1,C2,C3,C4,C5",,,True,True,True,True,True,True,True,True,True,True,True,True,True,True,True
transistor1::transistor1_0192_OK,transistor1,test,transistor1_0192_OK,0192,OK,OK,OK,True,5,5,"C1,C2,C3,C4,C5",,,True,True,True,True,True,True,True,True,True,True,True,True,True,True,True
transistor1::transistor1_0193_OK,transistor1,test,transistor1_0193_OK,0193,OK,OK,OK,True,5,5,"C1,C2,C3,C4,C5",,,True,True,True,True,True,True,True,True,True,True,True,True,True,True,True
transistor1::transistor1_0194_OK,transistor1,test,transistor1_0194_OK,0194,OK,OK,OK,True,5,5,"C1,C2,C3,C4,C5",,,True,True,True,True,True,True,True,True,True,True,True,True,True,True,True
transistor1::transistor1_0195_OK,transistor1,test,transistor1_0195_OK,0195,OK,OK,OK,True,5,5,"C1,C2,C3,C4,C5",,,True,True,True,True,True,True,True,True,True,True,True,True,True,True,True
transistor1::transistor1_0196_OK,transistor1,train,transistor1_0196_OK,0196,OK,OK,OK,True,5,5,"C1,C2,C3,C4,C5",,,True,True,True,True,True,True,True,True,True,True,True,True,True,True,True
transistor1::transistor1_0197_OK,transistor1,test,transistor1_0197_OK,0197,OK,OK,OK,True,5,5,"C1,C2,C3,C4,C5",,,True,True,True,True,True,True,True,True,True,True,True,True,True,True,True
transistor1::transistor1_0198_OK,transistor1,train,transistor1_0198_OK,0198,OK,OK,OK,True,5,5,"C1,C2,C3,C4,C5",,,True,True,True,True,True,True,True,True,True,True,True,True,True,True,True
transistor1::transistor1_0199_OK,transistor1,train,transistor1_0199_OK,0199,OK,OK,OK,True,5,5,"C1,C2,C3,C4,C5",,,True,True,True,True,True,True,True,True,True,True,True,True,True,True,True
transistor1::transistor1_0200_OK,transistor1,train,transistor1_0200_OK,0200,OK,OK,OK,True,5,5,"C1,C2,C3,C4,C5",,,True,True,True,True,True,True,True,True,True,True,True,True,True,True,True
transistor1::transistor1_0201_OK,transistor1,train,transistor1_0201_OK,0201,OK,OK,OK,True,5,5,"C1,C2,C3,C4,C5",,,True,True,True,True,True,True,True,True,True,True,True,True,True,True,True
transistor1::transistor1_0202_OK,transistor1,train,transistor1_0202_OK,0202,OK,OK,OK,True,5,5,"C1,C2,C3,C4,C5",,,True,True,True,True,True,True,True,True,True,True,True,True,True,True,True
transistor1::transistor1_0203_OK,transistor1,train,transistor1_0203_OK,0203,OK,OK,OK,True,5,5,"C1,C2,C3,C4,C5",,,True,True,True,True,True,True,True,True,True,True,True,True,True,True,True
transistor1::transistor1_0204_OK,transistor1,train,transistor1_0204_OK,0204,OK,OK,OK,True,5,5,"C1,C2,C3,C4,C5",,,True,True,True,True,True,True,True,True,True,True,True,True,True,True,True
transistor1::transistor1_0205_OK,transistor1,test,transistor1_0205_OK,0205,OK,OK,OK,True,5,5,"C1,C2,C3,C4,C5",,,True,True,True,True,True,True,True,True,True,True,True,True,True,True,True
transistor1::transistor1_0206_OK,transistor1,train,transistor1_0206_OK,0206,OK,OK,OK,True,5,5,"C1,C2,C3,C4,C5",,,True,True,True,True,True,True,True,True,True,True,True,True,True,True,True
transistor1::transistor1_0207_OK,transistor1,test,transistor1_0207_OK,0207,OK,OK,OK,True,5,5,"C1,C2,C3,C4,C5",,,True,True,True,True,True,True,True,True,True,True,True,True,True,True,True
transistor1::transistor1_0208_OK,transistor1,test,transistor1_0208_OK,0208,OK,OK,OK,True,5,5,"C1,C2,C3,C4,C5",,,True,True,True,True,True,True,True,True,True,True,True,True,True,True,True
transistor1::transistor1_0209_OK,transistor1,train,transistor1_0209_OK,0209,OK,OK,OK,True,5,5,"C1,C2,C3,C4,C5",,,True,True,True,True,True,True,True,True,True,True,True,True,True,True,True
transistor1::transistor1_0210_OK,transistor1,train,transistor1_0210_OK,0210,OK,OK,OK,True,5,5,"C1,C2,C3,C4,C5",,,True,True,True,True,True,True,True,True,True,True,True,True,True,True,True
transistor1::transistor1_0211_OK,transistor1,test,transistor1_0211_OK,0211,OK,OK,OK,True,5,5,"C1,C2,C3,C4,C5",,,True,True,True,True,True,True,True,True,True,True,True,True,True,True,True
transistor1::transistor1_0212_OK,transistor1,train,transistor1_0212_OK,0212,OK,OK,OK,True,5,5,"C1,C2,C3,C4,C5",,,True,True,True,True,True,True,True,True,True,True,True,True,True,True,True
transistor1::transistor1_0213_OK,transistor1,train,transistor1_0213_OK,0213,OK,OK,OK,True,5,5,"C1,C2,C3,C4,C5",,,True,True,True,True,True,True,True,True,True,True,True,True,True,True,True
transistor1::transistor1_0214_OK,transistor1,test,transistor1_0214_OK,0214,OK,OK,OK,True,5,5,"C1,C2,C3,C4,C5",,,True,True,True,True,True,True,True,True,True,True,True,True,True,True,True
transistor1::transistor1_0215_OK,transistor1,train,transistor1_0215_OK,0215,OK,OK,OK,True,5,5,"C1,C2,C3,C4,C5",,,True,True,True,True,True,True,True,True,True,True,True,True,True,True,True
transistor1::transistor1_0216_OK,transistor1,test,transistor1_0216_OK,0216,OK,OK,OK,True,5,5,"C1,C2,C3,C4,C5",,,True,True,True,True,True,True,True,True,True,True,True,True,True,True,True
transistor1::transistor1_0217_OK,transistor1,test,transistor1_0217_OK,0217,OK,OK,OK,True,5,5,"C1,C2,C3,C4,C5",,,True,True,True,True,True,True,True,True,True,True,True,True,True,True,True
transistor1::transistor1_0218_OK,transistor1,test,transistor1_0218_OK,0218,OK,OK,OK,True,5,5,"C1,C2,C3,C4,C5",,,True,True,True,True,True,True,True,True,True,True,True,True,True,True,True
transistor1::transistor1_0219_OK,transistor1,train,transistor1_0219_OK,0219,OK,OK,OK,True,5,5,"C1,C2,C3,C4,C5",,,True,True,True,True,True,True,True,True,True,True,True,True,True,True,True
transistor1::transistor1_0220_OK,transistor1,train,transistor1_0220_OK,0220,OK,OK,OK,True,5,5,"C1,C2,C3,C4,C5",,,True,True,True,True,True,True,True,True,True,True,True,True,True,True,True
transistor1::transistor1_0221_OK,transistor1,test,transistor1_0221_OK,0221,OK,OK,OK,True,5,5,"C1,C2,C3,C4,C5",,,True,True,True,True,True,True,True,True,True,True,True,True,True,True,True
transistor1::transistor1_0222_OK,transistor1,test,transistor1_0222_OK,0222,OK,OK,OK,True,5,5,"C1,C2,C3,C4,C5",,,True,True,True,True,True,True,True,True,True,True,True,True,True,True,True
transistor1::transistor1_0223_OK,transistor1,train,transistor1_0223_OK,0223,OK,OK,OK,True,5,5,"C1,C2,C3,C4,C5",,,True,True,True,True,True,True,True,True,True,True,True,True,True,True,True
transistor1::transistor1_0224_OK,transistor1,test,transistor1_0224_OK,0224,OK,OK,OK,True,5,5,"C1,C2,C3,C4,C5",,,True,True,True,True,True,True,True,True,True,True,True,True,True,True,True
transistor1::transistor1_0225_OK,transistor1,train,transistor1_0225_OK,0225,OK,OK,OK,True,5,5,"C1,C2,C3,C4,C5",,,True,True,True,True,True,True,True,True,True,True,True,True,True,True,True
transistor1::transistor1_0226_OK,transistor1,test,transistor1_0226_OK,0226,OK,OK,OK,True,5,5,"C1,C2,C3,C4,C5",,,True,True,True,True,True,True,True,True,True,True,True,True,True,True,True
transistor1::transistor1_0227_OK,transistor1,test,transistor1_0227_OK,0227,OK,OK,OK,True,5,5,"C1,C2,C3,C4,C5",,,True,True,True,True,True,True,True,True,True,True,True,True,True,True,True
transistor1::transistor1_0228_OK,transistor1,train,transistor1_0228_OK,0228,OK,OK,OK,True,5,5,"C1,C2,C3,C4,C5",,,True,True,True,True,True,True,True,True,True,True,True,True,True,True,True
transistor1::transistor1_0229_OK,transistor1,train,transistor1_0229_OK,0229,OK,OK,OK,True,5,5,"C1,C2,C3,C4,C5",,,True,True,True,True,True,True,True,True,True,True,True,True,True,True,True
transistor1::transistor1_0230_OK,transistor1,train,transistor1_0230_OK,0230,OK,OK,OK,True,5,5,"C1,C2,C3,C4,C5",,,True,True,True,True,True,True,True,True,True,True,True,True,True,True,True
transistor1::transistor1_0231_OK,transistor1,test,transistor1_0231_OK,0231,OK,OK,OK,True,5,5,"C1,C2,C3,C4,C5",,,True,True,True,True,True,True,True,True,True,True,True,True,True,True,True
transistor1::transistor1_0232_OK,transistor1,test,transistor1_0232_OK,0232,OK,OK,OK,True,5,5,"C1,C2,C3,C4,C5",,,True,True,True,True,True,True,True,True,True,True,True,True,True,True,True
transistor1::transistor1_0233_OK,transistor1,train,transistor1_0233_OK,0233,OK,OK,OK,True,5,5,"C1,C2,C3,C4,C5",,,True,True,True,True,True,True,True,True,True,True,True,True,True,True,True
transistor1::transistor1_0234_OK,transistor1,train,transistor1_0234_OK,0234,OK,OK,OK,True,5,5,"C1,C2,C3,C4,C5",,,True,True,True,True,True,True,True,True,True,True,True,True,True,True,True
transistor1::transistor1_0235_OK,transistor1,train,transistor1_0235_OK,0235,OK,OK,OK,True,5,5,"C1,C2,C3,C4,C5",,,True,True,True,True,True,True,True,True,True,True,True,True,True,True,True
transistor1::transistor1_0236_OK,transistor1,train,transistor1_0236_OK,0236,OK,OK,OK,True,5,5,"C1,C2,C3,C4,C5",,,True,True,True,True,True,True,True,True,True,True,True,True,True,True,True
transistor1::transistor1_0237_OK,transistor1,train,transistor1_0237_OK,0237,OK,OK,OK,True,5,5,"C1,C2,C3,C4,C5",,,True,True,True,True,True,True,True,True,True,True,True,True,True,True,True
transistor1::transistor1_0238_OK,transistor1,train,transistor1_0238_OK,0238,OK,OK,OK,True,5,5,"C1,C2,C3,C4,C5",,,True,True,True,True,True,True,True,True,True,True,True,True,True,True,True
transistor1::transistor1_0239_OK,transistor1,train,transistor1_0239_OK,0239,OK,OK,OK,True,5,5,"C1,C2,C3,C4,C5",,,True,True,True,True,True,True,True,True,True,True,True,True,True,True,True
transistor1::transistor1_0240_OK,transistor1,train,transistor1_0240_OK,0240,OK,OK,OK,True,5,5,"C1,C2,C3,C4,C5",,,True,True,True,True,True,True,True,True,True,True,True,True,True,True,True
transistor1::transistor1_0241_OK,transistor1,test,transistor1_0241_OK,0241,OK,OK,OK,True,5,5,"C1,C2,C3,C4,C5",,,True,True,True,True,True,True,True,True,True,True,True,True,True,True,True
transistor1::transistor1_0242_OK,transistor1,train,transistor1_0242_OK,0242,OK,OK,OK,True,5,5,"C1,C2,C3,C4,C5",,,True,True,True,True,True,True,True,True,True,True,True,True,True,True,True
transistor1::transistor1_0243_OK,transistor1,train,transistor1_0243_OK,0243,OK,OK,OK,True,5,5,"C1,C2,C3,C4,C5",,,True,True,True,True,True,True,True,True,True,True,True,True,True,True,True
transistor1::transistor1_0244_OK,transistor1,train,transistor1_0244_OK,0244,OK,OK,OK,True,5,5,"C1,C2,C3,C4,C5",,,True,True,True,True,True,True,True,True,True,True,True,True,True,True,True
transistor1::transistor1_0245_OK,transistor1,test,transistor1_0245_OK,0245,OK,OK,OK,True,5,5,"C1,C2,C3,C4,C5",,,True,True,True,True,True,True,True,True,True,True,True,True,True,True,True
transistor1::transistor1_0246_OK,transistor1,test,transistor1_0246_OK,0246,OK,OK,OK,True,5,5,"C1,C2,C3,C4,C5",,,True,True,True,True,True,True,True,True,True,True,True,True,True,True,True
transistor1::transistor1_0247_OK,transistor1,test,transistor1_0247_OK,0247,OK,OK,OK,True,5,5,"C1,C2,C3,C4,C5",,,True,True,True,True,True,True,True,True,True,True,True,True,True,True,True
transistor1::transistor1_0248_OK,transistor1,test,transistor1_0248_OK,0248,OK,OK,OK,True,5,5,"C1,C2,C3,C4,C5",,,True,True,True,True,True,True,True,True,True,True,True,True,True,True,True
transistor1::transistor1_0249_OK,transistor1,train,transistor1_0249_OK,0249,OK,OK,OK,True,5,5,"C1,C2,C3,C4,C5",,,True,True,True,True,True,True,True,True,True,True,True,True,True,True,True
transistor1::transistor1_0250_OK,transistor1,test,transistor1_0250_OK,0250,OK,OK,OK,True,5,5,"C1,C2,C3,C4,C5",,,True,True,True,True,True,True,True,True,True,True,True,True,True,True,True
transistor1::transistor1_0251_OK,transistor1,train,transistor1_0251_OK,0251,OK,OK,OK,True,5,5,"C1,C2,C3,C4,C5",,,True,True,True,True,True,True,True,True,True,True,True,True,True,True,True
transistor1::transistor1_0252_OK,transistor1,test,transistor1_0252_OK,0252,OK,OK,OK,True,5,5,"C1,C2,C3,C4,C5",,,True,True,True,True,True,True,True,True,True,True,True,True,True,True,True
transistor1::transistor1_0253_OK,transistor1,train,transistor1_0253_OK,0253,OK,OK,OK,True,5,5,"C1,C2,C3,C4,C5",,,True,True,True,True,True,True,True,True,True,True,True,True,True,True,True
transistor1::transistor1_0254_OK,transistor1,test,transistor1_0254_OK,0254,OK,OK,OK,True,5,5,"C1,C2,C3,C4,C5",,,True,True,True,True,True,True,True,True,True,True,True,True,True,True,True
transistor1::transistor1_0255_OK,transistor1,train,transistor1_0255_OK,0255,OK,OK,OK,True,5,5,"C1,C2,C3,C4,C5",,,True,True,True,True,True,True,True,True,True,True,True,True,True,True,True
transistor1::transistor1_0256_OK,transistor1,train,transistor1_0256_OK,0256,OK,OK,OK,True,5,5,"C1,C2,C3,C4,C5",,,True,True,True,True,True,True,True,True,True,True,True,True,True,True,True
transistor1::transistor1_0257_OK,transistor1,test,transistor1_0257_OK,0257,OK,OK,OK,True,5,5,"C1,C2,C3,C4,C5",,,True,True,True,True,True,True,True,True,True,True,True,True,True,True,True
transistor1::transistor1_0258_OK,transistor1,test,transistor1_0258_OK,0258,OK,OK,OK,True,5,5,"C1,C2,C3,C4,C5",,,True,True,True,True,True,True,True,True,True,True,True,True,True,True,True
transistor1::transistor1_0259_OK,transistor1,test,transistor1_0259_OK,0259,OK,OK,OK,True,5,5,"C1,C2,C3,C4,C5",,,True,True,True,True,True,True,True,True,True,True,True,True,True,True,True
transistor1::transistor1_0260_OK,transistor1,train,transistor1_0260_OK,0260,OK,OK,OK,True,5,5,"C1,C2,C3,C4,C5",,,True,True,True,True,True,True,True,True,True,True,True,True,True,True,True
transistor1::transistor1_0261_OK,transistor1,test,transistor1_0261_OK,0261,OK,OK,OK,True,5,5,"C1,C2,C3,C4,C5",,,True,True,True,True,True,True,True,True,True,True,True,True,True,True,True
transistor1::transistor1_0262_OK,transistor1,train,transistor1_0262_OK,0262,OK,OK,OK,True,5,5,"C1,C2,C3,C4,C5",,,True,True,True,True,True,True,True,True,True,True,True,True,True,True,True
transistor1::transistor1_0263_OK,transistor1,test,transistor1_0263_OK,0263,OK,OK,OK,True,5,5,"C1,C2,C3,C4,C5",,,True,True,True,True,True,True,True,True,True,True,True,True,True,True,True
transistor1::transistor1_0264_OK,transistor1,test,transistor1_0264_OK,0264,OK,OK,OK,True,5,5,"C1,C2,C3,C4,C5",,,True,True,True,True,True,True,True,True,True,True,True,True,True,True,True
transistor1::transistor1_0265_OK,transistor1,test,transistor1_0265_OK,0265,OK,OK,OK,True,5,5,"C1,C2,C3,C4,C5",,,True,True,True,True,True,True,True,True,True,True,True,True,True,True,True
transistor1::transistor1_0266_OK,transistor1,train,transistor1_0266_OK,0266,OK,OK,OK,True,5,5,"C1,C2,C3,C4,C5",,,True,True,True,True,True,True,True,True,True,True,True,True,True,True,True
transistor1::transistor1_0267_OK,transistor1,test,transistor1_0267_OK,0267,OK,OK,OK,True,5,5,"C1,C2,C3,C4,C5",,,True,True,True,True,True,True,True,True,True,True,True,True,True,True,True
transistor1::transistor1_0268_OK,transistor1,train,transistor1_0268_OK,0268,OK,OK,OK,True,5,5,"C1,C2,C3,C4,C5",,,True,True,True,True,True,True,True,True,True,True,True,True,True,True,True
transistor1::transistor1_0269_OK,transistor1,test,transistor1_0269_OK,0269,OK,OK,OK,True,5,5,"C1,C2,C3,C4,C5",,,True,True,True,True,True,True,True,True,True,True,True,True,True,True,True
transistor1::transistor1_0270_OK,transistor1,train,transistor1_0270_OK,0270,OK,OK,OK,True,5,5,"C1,C2,C3,C4,C5",,,True,True,True,True,True,True,True,True,True,True,True,True,True,True,True
transistor1::transistor1_0271_OK,transistor1,train,transistor1_0271_OK,0271,OK,OK,OK,True,5,5,"C1,C2,C3,C4,C5",,,True,True,True,True,True,True,True,True,True,True,True,True,True,True,True
transistor1::transistor1_0272_OK,transistor1,train,transistor1_0272_OK,0272,OK,OK,OK,True,5,5,"C1,C2,C3,C4,C5",,,True,True,True,True,True,True,True,True,True,True,True,True,True,True,True
transistor1::transistor1_0273_OK,transistor1,train,transistor1_0273_OK,0273,OK,OK,OK,True,5,5,"C1,C2,C3,C4,C5",,,True,True,True,True,True,True,True,True,True,True,True,True,True,True,True
transistor1::transistor1_0274_OK,transistor1,test,transistor1_0274_OK,0274,OK,OK,OK,True,5,5,"C1,C2,C3,C4,C5",,,True,True,True,True,True,True,True,True,True,True,True,True,True,True,True
transistor1::transistor1_0275_OK,transistor1,test,transistor1_0275_OK,0275,OK,OK,OK,True,5,5,"C1,C2,C3,C4,C5",,,True,True,True,True,True,True,True,True,True,True,True,True,True,True,True
transistor1::transistor1_0276_OK,transistor1,test,transistor1_0276_OK,0276,OK,OK,OK,True,5,5,"C1,C2,C3,C4,C5",,,True,True,True,True,True,True,True,True,True,True,True,True,True,True,True
transistor1::transistor1_0277_OK,transistor1,test,transistor1_0277_OK,0277,OK,OK,OK,True,5,5,"C1,C2,C3,C4,C5",,,True,True,True,True,True,True,True,True,True,True,True,True,True,True,True
transistor1::transistor1_0278_OK,transistor1,test,transistor1_0278_OK,0278,OK,OK,OK,True,5,5,"C1,C2,C3,C4,C5",,,True,True,True,True,True,True,True,True,True,True,True,True,True,True,True
transistor1::transistor1_0279_OK,transistor1,test,transistor1_0279_OK,0279,OK,OK,OK,True,5,5,"C1,C2,C3,C4,C5",,,True,True,True,True,True,True,True,True,True,True,True,True,True,True,True
transistor1::transistor1_0280_OK,transistor1,train,transistor1_0280_OK,0280,OK,OK,OK,True,5,5,"C1,C2,C3,C4,C5",,,True,True,True,True,True,True,True,True,True,True,True,True,True,True,True
transistor1::transistor1_0281_OK,transistor1,train,transistor1_0281_OK,0281,OK,OK,OK,True,5,5,"C1,C2,C3,C4,C5",,,True,True,True,True,True,True,True,True,True,True,True,True,True,True,True
transistor1::transistor1_0282_OK,transistor1,train,transistor1_0282_OK,0282,OK,OK,OK,True,5,5,"C1,C2,C3,C4,C5",,,True,True,True,True,True,True,True,True,True,True,True,True,True,True,True
transistor1::transistor1_0283_OK,transistor1,train,transistor1_0283_OK,0283,OK,OK,OK,True,5,5,"C1,C2,C3,C4,C5",,,True,True,True,True,True,True,True,True,True,True,True,True,True,True,True
transistor1::transistor1_0284_OK,transistor1,test,transistor1_0284_OK,0284,OK,OK,OK,True,5,5,"C1,C2,C3,C4,C5",,,True,True,True,True,True,True,True,True,True,True,True,True,True,True,True
transistor1::transistor1_0285_OK,transistor1,train,transistor1_0285_OK,0285,OK,OK,OK,True,5,5,"C1,C2,C3,C4,C5",,,True,True,True,True,True,True,True,True,True,True,True,True,True,True,True
transistor1::transistor1_0286_OK,transistor1,test,transistor1_0286_OK,0286,OK,OK,OK,True,5,5,"C1,C2,C3,C4,C5",,,True,True,True,True,True,True,True,True,True,True,True,True,True,True,True
transistor1::transistor1_0287_OK,transistor1,train,transistor1_0287_OK,0287,OK,OK,OK,True,5,5,"C1,C2,C3,C4,C5",,,True,True,True,True,True,True,True,True,True,True,True,True,True,True,True
transistor1::transistor1_0288_OK,transistor1,train,transistor1_0288_OK,0288,OK,OK,OK,True,5,5,"C1,C2,C3,C4,C5",,,True,True,True,True,True,True,True,True,True,True,True,True,True,True,True
transistor1::transistor1_0289_OK,transistor1,test,transistor1_0289_OK,0289,OK,OK,OK,True,5,5,"C1,C2,C3,C4,C5",,,True,True,True,True,True,True,True,True,True,True,True,True,True,True,True
transistor1::transistor1_0290_OK,transistor1,train,transistor1_0290_OK,0290,OK,OK,OK,True,5,5,"C1,C2,C3,C4,C5",,,True,True,True,True,True,True,True,True,True,True,True,True,True,True,True
transistor1::transistor1_0291_OK,transistor1,test,transistor1_0291_OK,0291,OK,OK,OK,True,5,5,"C1,C2,C3,C4,C5",,,True,True,True,True,True,True,True,True,True,True,True,True,True,True,True
transistor1::transistor1_0292_OK,transistor1,train,transistor1_0292_OK,0292,OK,OK,OK,True,5,5,"C1,C2,C3,C4,C5",,,True,True,True,True,True,True,True,True,True,True,True,True,True,True,True
transistor1::transistor1_0293_OK,transistor1,train,transistor1_0293_OK,0293,OK,OK,OK,True,5,5,"C1,C2,C3,C4,C5",,,True,True,True,True,True,True,True,True,True,True,True,True,True,True,True
transistor1::transistor1_0294_OK,transistor1,test,transistor1_0294_OK,0294,OK,OK,OK,True,5,5,"C1,C2,C3,C4,C5",,,True,True,True,True,True,True,True,True,True,True,True,True,True,True,True
transistor1::transistor1_0295_OK,transistor1,train,transistor1_0295_OK,0295,OK,OK,OK,True,5,5,"C1,C2,C3,C4,C5",,,True,True,True,True,True,True,True,True,True,True,True,True,True,True,True
transistor1::transistor1_0296_OK,transistor1,test,transistor1_0296_OK,0296,OK,OK,OK,True,5,5,"C1,C2,C3,C4,C5",,,True,True,True,True,True,True,True,True,True,True,True,True,True,True,True
transistor1::transistor1_0297_OK,transistor1,train,transistor1_0297_OK,0297,OK,OK,OK,True,5,5,"C1,C2,C3,C4,C5",,,True,True,True,True,True,True,True,True,True,True,True,True,True,True,True
transistor1::transistor1_0298_OK,transistor1,train,transistor1_0298_OK,0298,OK,OK,OK,True,5,5,"C1,C2,C3,C4,C5",,,True,True,True,True,True,True,True,True,True,True,True,True,True,True,True
transistor1::transistor1_0299_OK,transistor1,train,transistor1_0299_OK,0299,OK,OK,OK,True,5,5,"C1,C2,C3,C4,C5",,,True,True,True,True,True,True,True,True,True,True,True,True,True,True,True
transistor1::transistor1_0300_OK,transistor1,test,transistor1_0300_OK,0300,OK,OK,OK,True,5,5,"C1,C2,C3,C4,C5",,,True,True,True,True,True,True,True,True,True,True,True,True,True,True,True
transistor1::transistor1_0301_OK,transistor1,test,transistor1_0301_OK,0301,OK,OK,OK,True,5,5,"C1,C2,C3,C4,C5",,,True,True,True,True,True,True,True,True,True,True,True,True,True,True,True
transistor1::transistor1_0302_OK,transistor1,train,transistor1_0302_OK,0302,OK,OK,OK,True,5,5,"C1,C2,C3,C4,C5",,,True,True,True,True,True,True,True,True,True,True,True,True,True,True,True
transistor1::transistor1_0303_OK,transistor1,train,transistor1_0303_OK,0303,OK,OK,OK,True,5,5,"C1,C2,C3,C4,C5",,,True,True,True,True,True,True,True,True,True,True,True,True,True,True,True
transistor1::transistor1_0304_OK,transistor1,test,transistor1_0304_OK,0304,OK,OK,OK,True,5,5,"C1,C2,C3,C4,C5",,,True,True,True,True,True,True,True,True,True,True,True,True,True,True,True
transistor1::transistor1_0305_OK,transistor1,train,transistor1_0305_OK,0305,OK,OK,OK,True,5,5,"C1,C2,C3,C4,C5",,,True,True,True,True,True,True,True,True,True,True,True,True,True,True,True
transistor1::transistor1_0306_OK,transistor1,train,transistor1_0306_OK,0306,OK,OK,OK,True,5,5,"C1,C2,C3,C4,C5",,,True,True,True,True,True,True,True,True,True,True,True,True,True,True,True
transistor1::transistor1_0307_OK,transistor1,train,transistor1_0307_OK,0307,OK,OK,OK,True,5,5,"C1,C2,C3,C4,C5",,,True,True,True,True,True,True,True,True,True,True,True,True,True,True,True
transistor1::transistor1_0308_OK,transistor1,test,transistor1_0308_OK,0308,OK,OK,OK,True,5,5,"C1,C2,C3,C4,C5",,,True,True,True,True,True,True,True,True,True,True,True,True,True,True,True
transistor1::transistor1_0309_OK,transistor1,train,transistor1_0309_OK,0309,OK,OK,OK,True,5,5,"C1,C2,C3,C4,C5",,,True,True,True,True,True,True,True,True,True,True,True,True,True,True,True
transistor1::transistor1_0310_OK,transistor1,test,transistor1_0310_OK,0310,OK,OK,OK,True,5,5,"C1,C2,C3,C4,C5",,,True,True,True,True,True,True,True,True,True,True,True,True,True,True,True
transistor1::transistor1_0311_OK,transistor1,train,transistor1_0311_OK,0311,OK,OK,OK,True,5,5,"C1,C2,C3,C4,C5",,,True,True,True,True,True,True,True,True,True,True,True,True,True,True,True
transistor1::transistor1_0312_OK,transistor1,train,transistor1_0312_OK,0312,OK,OK,OK,True,5,5,"C1,C2,C3,C4,C5",,,True,True,True,True,True,True,True,True,True,True,True,True,True,True,True
transistor1::transistor1_0313_OK,transistor1,test,transistor1_0313_OK,0313,OK,OK,OK,True,5,5,"C1,C2,C3,C4,C5",,,True,True,True,True,True,True,True,True,True,True,True,True,True,True,True
transistor1::transistor1_0314_OK,transistor1,test,transistor1_0314_OK,0314,OK,OK,OK,True,5,5,"C1,C2,C3,C4,C5",,,True,True,True,True,True,True,True,True,True,True,True,True,True,True,True
transistor1::transistor1_0315_OK,transistor1,train,transistor1_0315_OK,0315,OK,OK,OK,True,5,5,"C1,C2,C3,C4,C5",,,True,True,True,True,True,True,True,True,True,True,True,True,True,True,True
transistor1::transistor1_0316_OK,transistor1,train,transistor1_0316_OK,0316,OK,OK,OK,True,5,5,"C1,C2,C3,C4,C5",,,True,True,True,True,True,True,True,True,True,True,True,True,True,True,True
transistor1::transistor1_0317_OK,transistor1,train,transistor1_0317_OK,0317,OK,OK,OK,True,5,5,"C1,C2,C3,C4,C5",,,True,True,True,True,True,True,True,True,True,True,True,True,True,True,True
transistor1::transistor1_0318_OK,transistor1,train,transistor1_0318_OK,0318,OK,OK,OK,True,5,5,"C1,C2,C3,C4,C5",,,True,True,True,True,True,True,True,True,True,True,True,True,True,True,True
transistor1::transistor1_0319_OK,transistor1,test,transistor1_0319_OK,0319,OK,OK,OK,True,5,5,"C1,C2,C3,C4,C5",,,True,True,True,True,True,True,True,True,True,True,True,True,True,True,True
transistor1::transistor1_0320_OK,transistor1,test,transistor1_0320_OK,0320,OK,OK,OK,True,5,5,"C1,C2,C3,C4,C5",,,True,True,True,True,True,True,True,True,True,True,True,True,True,True,True
transistor1::transistor1_0321_OK,transistor1,test,transistor1_0321_OK,0321,OK,OK,OK,True,5,5,"C1,C2,C3,C4,C5",,,True,True,True,True,True,True,True,True,True,True,True,True,True,True,True
transistor1::transistor1_0322_OK,transistor1,train,transistor1_0322_OK,0322,OK,OK,OK,True,5,5,"C1,C2,C3,C4,C5",,,True,True,True,True,True,True,True,True,True,True,True,True,True,True,True
transistor1::transistor1_0323_OK,transistor1,test,transistor1_0323_OK,0323,OK,OK,OK,True,5,5,"C1,C2,C3,C4,C5",,,True,True,True,True,True,True,True,True,True,True,True,True,True,True,True
transistor1::transistor1_0324_OK,transistor1,test,transistor1_0324_OK,0324,OK,OK,OK,True,5,5,"C1,C2,C3,C4,C5",,,True,True,True,True,True,True,True,True,True,True,True,True,True,True,True
transistor1::transistor1_0325_OK,transistor1,train,transistor1_0325_OK,0325,OK,OK,OK,True,5,5,"C1,C2,C3,C4,C5",,,True,True,True,True,True,True,True,True,True,True,True,True,True,True,True
transistor1::transistor1_0326_OK,transistor1,train,transistor1_0326_OK,0326,OK,OK,OK,True,5,5,"C1,C2,C3,C4,C5",,,True,True,True,True,True,True,True,True,True,True,True,True,True,True,True
transistor1::transistor1_0327_OK,transistor1,train,transistor1_0327_OK,0327,OK,OK,OK,True,5,5,"C1,C2,C3,C4,C5",,,True,True,True,True,True,True,True,True,True,True,True,True,True,True,True
transistor1::transistor1_0328_OK,transistor1,train,transistor1_0328_OK,0328,OK,OK,OK,True,5,5,"C1,C2,C3,C4,C5",,,True,True,True,True,True,True,True,True,True,True,True,True,True,True,True
transistor1::transistor1_0329_OK,transistor1,train,transistor1_0329_OK,0329,OK,OK,OK,True,5,5,"C1,C2,C3,C4,C5",,,True,True,True,True,True,True,True,True,True,True,True,True,True,True,True
transistor1::transistor1_0330_OK,transistor1,train,transistor1_0330_OK,0330,OK,OK,OK,True,5,5,"C1,C2,C3,C4,C5",,,True,True,True,True,True,True,True,True,True,True,True,True,True,True,True
transistor1::transistor1_0331_OK,transistor1,test,transistor1_0331_OK,0331,OK,OK,OK,True,5,5,"C1,C2,C3,C4,C5",,,True,True,True,True,True,True,True,True,True,True,True,True,True,True,True
transistor1::transistor1_0332_OK,transistor1,test,transistor1_0332_OK,0332,OK,OK,OK,True,5,5,"C1,C2,C3,C4,C5",,,True,True,True,True,True,True,True,True,True,True,True,True,True,True,True
transistor1::transistor1_0333_OK,transistor1,test,transistor1_0333_OK,0333,OK,OK,OK,True,5,5,"C1,C2,C3,C4,C5",,,True,True,True,True,True,True,True,True,True,True,True,True,True,True,True
transistor1::transistor1_0334_OK,transistor1,train,transistor1_0334_OK,0334,OK,OK,OK,True,5,5,"C1,C2,C3,C4,C5",,,True,True,True,True,True,True,True,True,True,True,True,True,True,True,True
transistor1::transistor1_0335_OK,transistor1,train,transistor1_0335_OK,0335,OK,OK,OK,True,5,5,"C1,C2,C3,C4,C5",,,True,True,True,True,True,True,True,True,True,True,True,True,True,True,True
transistor1::transistor1_0336_OK,transistor1,test,transistor1_0336_OK,0336,OK,OK,OK,True,5,5,"C1,C2,C3,C4,C5",,,True,True,True,True,True,True,True,True,True,True,True,True,True,True,True
transistor1::transistor1_0337_OK,transistor1,test,transistor1_0337_OK,0337,OK,OK,OK,True,5,5,"C1,C2,C3,C4,C5",,,True,True,True,True,True,True,True,True,True,True,True,True,True,True,True
transistor1::transistor1_0338_OK,transistor1,test,transistor1_0338_OK,0338,OK,OK,OK,True,5,5,"C1,C2,C3,C4,C5",,,True,True,True,True,True,True,True,True,True,True,True,True,True,True,True
transistor1::transistor1_0339_OK,transistor1,test,transistor1_0339_OK,0339,OK,OK,OK,True,5,5,"C1,C2,C3,C4,C5",,,True,True,True,True,True,True,True,True,True,True,True,True,True,True,True
transistor1::transistor1_0340_OK,transistor1,train,transistor1_0340_OK,0340,OK,OK,OK,True,5,5,"C1,C2,C3,C4,C5",,,True,True,True,True,True,True,True,True,True,True,True,True,True,True,True
transistor1::transistor1_0341_OK,transistor1,train,transistor1_0341_OK,0341,OK,OK,OK,True,5,5,"C1,C2,C3,C4,C5",,,True,True,True,True,True,True,True,True,True,True,True,True,True,True,True
transistor1::transistor1_0342_OK,transistor1,test,transistor1_0342_OK,0342,OK,OK,OK,True,5,5,"C1,C2,C3,C4,C5",,,True,True,True,True,True,True,True,True,True,True,True,True,True,True,True
transistor1::transistor1_0343_OK,transistor1,test,transistor1_0343_OK,0343,OK,OK,OK,True,5,5,"C1,C2,C3,C4,C5",,,True,True,True,True,True,True,True,True,True,True,True,True,True,True,True
transistor1::transistor1_0344_OK,transistor1,train,transistor1_0344_OK,0344,OK,OK,OK,True,5,5,"C1,C2,C3,C4,C5",,,True,True,True,True,True,True,True,True,True,True,True,True,True,True,True
transistor1::transistor1_0345_OK,transistor1,train,transistor1_0345_OK,0345,OK,OK,OK,True,5,5,"C1,C2,C3,C4,C5",,,True,True,True,True,True,True,True,True,True,True,True,True,True,True,True
transistor1::transistor1_0346_OK,transistor1,test,transistor1_0346_OK,0346,OK,OK,OK,True,5,5,"C1,C2,C3,C4,C5",,,True,True,True,True,True,True,True,True,True,True,True,True,True,True,True
transistor1::transistor1_0347_OK,transistor1,test,transistor1_0347_OK,0347,OK,OK,OK,True,5,5,"C1,C2,C3,C4,C5",,,True,True,True,True,True,True,True,True,True,True,True,True,True,True,True
transistor1::transistor1_0348_OK,transistor1,test,transistor1_0348_OK,0348,OK,OK,OK,True,5,5,"C1,C2,C3,C4,C5",,,True,True,True,True,True,True,True,True,True,True,True,True,True,True,True
transistor1::transistor1_0349_OK,transistor1,test,transistor1_0349_OK,0349,OK,OK,OK,True,5,5,"C1,C2,C3,C4,C5",,,True,True,True,True,True,True,True,True,True,True,True,True,True,True,True
transistor1::transistor1_0350_OK,transistor1,test,transistor1_0350_OK,0350,OK,OK,OK,True,5,5,"C1,C2,C3,C4,C5",,,True,True,True,True,True,True,True,True,True,True,True,True,True,True,True
transistor1::transistor1_0351_OK,transistor1,train,transistor1_0351_OK,0351,OK,OK,OK,True,5,5,"C1,C2,C3,C4,C5",,,True,True,True,True,True,True,True,True,True,True,True,True,True,True,True
transistor1::transistor1_0352_OK,transistor1,test,transistor1_0352_OK,0352,OK,OK,OK,True,5,5,"C1,C2,C3,C4,C5",,,True,True,True,True,True,True,True,True,True,True,True,True,True,True,True
transistor1::transistor1_0353_OK,transistor1,test,transistor1_0353_OK,0353,OK,OK,OK,True,5,5,"C1,C2,C3,C4,C5",,,True,True,True,True,True,True,True,True,True,True,True,True,True,True,True
transistor1::transistor1_0354_OK,transistor1,test,transistor1_0354_OK,0354,OK,OK,OK,True,5,5,"C1,C2,C3,C4,C5",,,True,True,True,True,True,True,True,True,True,True,True,True,True,True,True
transistor1::transistor1_0355_OK,transistor1,test,transistor1_0355_OK,0355,OK,OK,OK,True,5,5,"C1,C2,C3,C4,C5",,,True,True,True,True,True,True,True,True,True,True,True,True,True,True,True
transistor1::transistor1_0356_OK,transistor1,train,transistor1_0356_OK,0356,OK,OK,OK,True,5,5,"C1,C2,C3,C4,C5",,,True,True,True,True,True,True,True,True,True,True,True,True,True,True,True
transistor1::transistor1_0357_OK,transistor1,train,transistor1_0357_OK,0357,OK,OK,OK,True,5,5,"C1,C2,C3,C4,C5",,,True,True,True,True,True,True,True,True,True,True,True,True,True,True,True
transistor1::transistor1_0358_OK,transistor1,test,transistor1_0358_OK,0358,OK,OK,OK,True,5,5,"C1,C2,C3,C4,C5",,,True,True,True,True,True,True,True,True,True,True,True,True,True,True,True
transistor1::transistor1_0359_OK,transistor1,train,transistor1_0359_OK,0359,OK,OK,OK,True,5,5,"C1,C2,C3,C4,C5",,,True,True,True,True,True,True,True,True,True,True,True,True,True,True,True
transistor1::transistor1_0360_OK,transistor1,train,transistor1_0360_OK,0360,OK,OK,OK,True,5,5,"C1,C2,C3,C4,C5",,,True,True,True,True,True,True,True,True,True,True,True,True,True,True,True
transistor1::transistor1_0361_OK,transistor1,test,transistor1_0361_OK,0361,OK,OK,OK,True,5,5,"C1,C2,C3,C4,C5",,,True,True,True,True,True,True,True,True,True,True,True,True,True,True,True
transistor1::transistor1_0362_OK,transistor1,train,transistor1_0362_OK,0362,OK,OK,OK,True,5,5,"C1,C2,C3,C4,C5",,,True,True,True,True,True,True,True,True,True,True,True,True,True,True,True
transistor1::transistor1_0363_OK,transistor1,test,transistor1_0363_OK,0363,OK,OK,OK,True,5,5,"C1,C2,C3,C4,C5",,,True,True,True,True,True,True,True,True,True,True,True,True,True,True,True
transistor1::transistor1_0364_OK,transistor1,test,transistor1_0364_OK,0364,OK,OK,OK,True,5,5,"C1,C2,C3,C4,C5",,,True,True,True,True,True,True,True,True,True,True,True,True,True,True,True
transistor1::transistor1_0365_OK,transistor1,train,transistor1_0365_OK,0365,OK,OK,OK,True,5,5,"C1,C2,C3,C4,C5",,,True,True,True,True,True,True,True,True,True,True,True,True,True,True,True
transistor1::transistor1_0366_OK,transistor1,train,transistor1_0366_OK,0366,OK,OK,OK,True,5,5,"C1,C2,C3,C4,C5",,,True,True,True,True,True,True,True,True,True,True,True,True,True,True,True
transistor1::transistor1_0367_OK,transistor1,test,transistor1_0367_OK,0367,OK,OK,OK,True,5,5,"C1,C2,C3,C4,C5",,,True,True,True,True,True,True,True,True,True,True,True,True,True,True,True
transistor1::transistor1_0368_OK,transistor1,train,transistor1_0368_OK,0368,OK,OK,OK,True,5,5,"C1,C2,C3,C4,C5",,,True,True,True,True,True,True,True,True,True,True,True,True,True,True,True
transistor1::transistor1_0369_OK,transistor1,train,transistor1_0369_OK,0369,OK,OK,OK,True,5,5,"C1,C2,C3,C4,C5",,,True,True,True,True,True,True,True,True,True,True,True,True,True,True,True
transistor1::transistor1_0370_OK,transistor1,train,transistor1_0370_OK,0370,OK,OK,OK,True,5,5,"C1,C2,C3,C4,C5",,,True,True,True,True,True,True,True,True,True,True,True,True,True,True,True
transistor1::transistor1_0371_OK,transistor1,test,transistor1_0371_OK,0371,OK,OK,OK,True,5,5,"C1,C2,C3,C4,C5",,,True,True,True,True,True,True,True,True,True,True,True,True,True,True,True
transistor1::transistor1_0372_OK,transistor1,test,transistor1_0372_OK,0372,OK,OK,OK,True,5,5,"C1,C2,C3,C4,C5",,,True,True,True,True,True,True,True,True,True,True,True,True,True,True,True
transistor1::transistor1_0373_OK,transistor1,train,transistor1_0373_OK,0373,OK,OK,OK,True,5,5,"C1,C2,C3,C4,C5",,,True,True,True,True,True,True,True,True,True,True,True,True,True,True,True
transistor1::transistor1_0374_OK,transistor1,train,transistor1_0374_OK,0374,OK,OK,OK,True,5,5,"C1,C2,C3,C4,C5",,,True,True,True,True,True,True,True,True,True,True,True,True,True,True,True
transistor1::transistor1_0375_OK,transistor1,test,transistor1_0375_OK,0375,OK,OK,OK,True,5,5,"C1,C2,C3,C4,C5",,,True,True,True,True,True,True,True,True,True,True,True,True,True,True,True
transistor1::transistor1_0376_OK,transistor1,test,transistor1_0376_OK,0376,OK,OK,OK,True,5,5,"C1,C2,C3,C4,C5",,,True,True,True,True,True,True,True,True,True,True,True,True,True,True,True
transistor1::transistor1_0377_OK,transistor1,train,transistor1_0377_OK,0377,OK,OK,OK,True,5,5,"C1,C2,C3,C4,C5",,,True,True,True,True,True,True,True,True,True,True,True,True,True,True,True
transistor1::transistor1_0378_OK,transistor1,train,transistor1_0378_OK,0378,OK,OK,OK,True,5,5,"C1,C2,C3,C4,C5",,,True,True,True,True,True,True,True,True,True,True,True,True,True,True,True
transistor1::transistor1_0379_OK,transistor1,train,transistor1_0379_OK,0379,OK,OK,OK,True,5,5,"C1,C2,C3,C4,C5",,,True,True,True,True,True,True,True,True,True,True,True,True,True,True,True
transistor1::transistor1_0380_OK,transistor1,train,transistor1_0380_OK,0380,OK,OK,OK,True,5,5,"C1,C2,C3,C4,C5",,,True,True,True,True,True,True,True,True,True,True,True,True,True,True,True
transistor1::transistor1_0381_OK,transistor1,train,transistor1_0381_OK,0381,OK,OK,OK,True,5,5,"C1,C2,C3,C4,C5",,,True,True,True,True,True,True,True,True,True,True,True,True,True,True,True
transistor1::transistor1_0382_OK,transistor1,train,transistor1_0382_OK,0382,OK,OK,OK,True,5,5,"C1,C2,C3,C4,C5",,,True,True,True,True,True,True,True,True,True,True,True,True,True,True,True
transistor1::transistor1_0383_OK,transistor1,test,transistor1_0383_OK,0383,OK,OK,OK,True,5,5,"C1,C2,C3,C4,C5",,,True,True,True,True,True,True,True,True,True,True,True,True,True,True,True
transistor1::transistor1_0384_OK,transistor1,test,transistor1_0384_OK,0384,OK,OK,OK,True,5,5,"C1,C2,C3,C4,C5",,,True,True,True,True,True,True,True,True,True,True,True,True,True,True,True
transistor1::transistor1_0385_OK,transistor1,train,transistor1_0385_OK,0385,OK,OK,OK,True,5,5,"C1,C2,C3,C4,C5",,,True,True,True,True,True,True,True,True,True,True,True,True,True,True,True
transistor1::transistor1_0386_OK,transistor1,test,transistor1_0386_OK,0386,OK,OK,OK,True,5,5,"C1,C2,C3,C4,C5",,,True,True,True,True,True,True,True,True,True,True,True,True,True,True,True
transistor1::transistor1_0387_OK,transistor1,test,transistor1_0387_OK,0387,OK,OK,OK,True,5,5,"C1,C2,C3,C4,C5",,,True,True,True,True,True,True,True,True,True,True,True,True,True,True,True
transistor1::transistor1_0389_OK,transistor1,train,transistor1_0389_OK,0389,OK,OK,OK,True,5,5,"C1,C2,C3,C4,C5",,,True,True,True,True,True,True,True,True,True,True,True,True,True,True,True
transistor1::transistor1_0390_OK,transistor1,test,transistor1_0390_OK,0390,OK,OK,OK,True,5,5,"C1,C2,C3,C4,C5",,,True,True,True,True,True,True,True,True,True,True,True,True,True,True,True
transistor1::transistor1_0391_OK,transistor1,train,transistor1_0391_OK,0391,OK,OK,OK,True,5,5,"C1,C2,C3,C4,C5",,,True,True,True,True,True,True,True,True,True,True,True,True,True,True,True
transistor1::transistor1_0392_OK,transistor1,test,transistor1_0392_OK,0392,OK,OK,OK,True,5,5,"C1,C2,C3,C4,C5",,,True,True,True,True,True,True,True,True,True,True,True,True,True,True,True
transistor1::transistor1_0393_OK,transistor1,test,transistor1_0393_OK,0393,OK,OK,OK,True,5,5,"C1,C2,C3,C4,C5",,,True,True,True,True,True,True,True,True,True,True,True,True,True,True,True
transistor1::transistor1_0394_OK,transistor1,train,transistor1_0394_OK,0394,OK,OK,OK,True,5,5,"C1,C2,C3,C4,C5",,,True,True,True,True,True,True,True,True,True,True,True,True,True,True,True
transistor1::transistor1_0395_OK,transistor1,train,transistor1_0395_OK,0395,OK,OK,OK,True,5,5,"C1,C2,C3,C4,C5",,,True,True,True,True,True,True,True,True,True,True,True,True,True,True,True
transistor1::transistor1_0396_OK,transistor1,train,transistor1_0396_OK,0396,OK,OK,OK,True,5,5,"C1,C2,C3,C4,C5",,,True,True,True,True,True,True,True,True,True,True,True,True,True,True,True
transistor1::transistor1_0397_OK,transistor1,test,transistor1_0397_OK,0397,OK,OK,OK,True,5,5,"C1,C2,C3,C4,C5",,,True,True,True,True,True,True,True,True,True,True,True,True,True,True,True
transistor1::transistor1_0398_OK,transistor1,train,transistor1_0398_OK,0398,OK,OK,OK,True,5,5,"C1,C2,C3,C4,C5",,,True,True,True,True,True,True,True,True,True,True,True,True,True,True,True
transistor1::transistor1_0399_OK,transistor1,test,transistor1_0399_OK,0399,OK,OK,OK,True,5,5,"C1,C2,C3,C4,C5",,,True,True,True,True,True,True,True,True,True,True,True,True,True,True,True
transistor1::transistor1_0400_OK,transistor1,test,transistor1_0400_OK,0400,OK,OK,OK,True,5,5,"C1,C2,C3,C4,C5",,,True,True,True,True,True,True,True,True,True,True,True,True,True,True,True
transistor1::transistor1_0401_OK,transistor1,test,transistor1_0401_OK,0401,OK,OK,OK,True,5,5,"C1,C2,C3,C4,C5",,,True,True,True,True,True,True,True,True,True,True,True,True,True,True,True
transistor1::transistor1_0402_OK,transistor1,train,transistor1_0402_OK,0402,OK,OK,OK,True,5,5,"C1,C2,C3,C4,C5",,,True,True,True,True,True,True,True,True,True,True,True,True,True,True,True
transistor1::transistor1_0403_OK,transistor1,test,transistor1_0403_OK,0403,OK,OK,OK,True,5,5,"C1,C2,C3,C4,C5",,,True,True,True,True,True,True,True,True,True,True,True,True,True,True,True
transistor1::transistor1_0404_OK,transistor1,train,transistor1_0404_OK,0404,OK,OK,OK,True,5,5,"C1,C2,C3,C4,C5",,,True,True,True,True,True,True,True,True,True,True,True,True,True,True,True
transistor1::transistor1_0405_OK,transistor1,train,transistor1_0405_OK,0405,OK,OK,OK,True,5,5,"C1,C2,C3,C4,C5",,,True,True,True,True,True,True,True,True,True,True,True,True,True,True,True
transistor1::transistor1_0406_OK,transistor1,train,transistor1_0406_OK,0406,OK,OK,OK,True,5,5,"C1,C2,C3,C4,C5",,,True,True,True,True,True,True,True,True,True,True,True,True,True,True,True
transistor1::transistor1_0407_OK,transistor1,train,transistor1_0407_OK,0407,OK,OK,OK,True,5,5,"C1,C2,C3,C4,C5",,,True,True,True,True,True,True,True,True,True,True,True,True,True,True,True
transistor1::transistor1_0408_OK,transistor1,train,transistor1_0408_OK,0408,OK,OK,OK,True,5,5,"C1,C2,C3,C4,C5",,,True,True,True,True,True,True,True,True,True,True,True,True,True,True,True
transistor1::transistor1_0409_OK,transistor1,train,transistor1_0409_OK,0409,OK,OK,OK,True,5,5,"C1,C2,C3,C4,C5",,,True,True,True,True,True,True,True,True,True,True,True,True,True,True,True
transistor1::transistor1_0410_OK,transistor1,test,transistor1_0410_OK,0410,OK,OK,OK,True,5,5,"C1,C2,C3,C4,C5",,,True,True,True,True,True,True,True,True,True,True,True,True,True,True,True
transistor1::transistor1_0411_OK,transistor1,test,transistor1_0411_OK,0411,OK,OK,OK,True,5,5,"C1,C2,C3,C4,C5",,,True,True,True,True,True,True,True,True,True,True,True,True,True,True,True
transistor1::transistor1_0412_OK,transistor1,train,transistor1_0412_OK,0412,OK,OK,OK,True,5,5,"C1,C2,C3,C4,C5",,,True,True,True,True,True,True,True,True,True,True,True,True,True,True,True
transistor1::transistor1_0413_OK,transistor1,test,transistor1_0413_OK,0413,OK,OK,OK,True,5,5,"C1,C2,C3,C4,C5",,,True,True,True,True,True,True,True,True,True,True,True,True,True,True,True
transistor1::transistor1_0414_OK,transistor1,test,transistor1_0414_OK,0414,OK,OK,OK,True,5,5,"C1,C2,C3,C4,C5",,,True,True,True,True,True,True,True,True,True,True,True,True,True,True,True
transistor1::transistor1_0415_OK,transistor1,test,transistor1_0415_OK,0415,OK,OK,OK,True,5,5,"C1,C2,C3,C4,C5",,,True,True,True,True,True,True,True,True,True,True,True,True,True,True,True
transistor1::transistor1_0416_OK,transistor1,train,transistor1_0416_OK,0416,OK,OK,OK,True,5,5,"C1,C2,C3,C4,C5",,,True,True,True,True,True,True,True,True,True,True,True,True,True,True,True
transistor1::transistor1_0417_OK,transistor1,train,transistor1_0417_OK,0417,OK,OK,OK,True,5,5,"C1,C2,C3,C4,C5",,,True,True,True,True,True,True,True,True,True,True,True,True,True,True,True
transistor1::transistor1_0418_OK,transistor1,train,transistor1_0418_OK,0418,OK,OK,OK,True,5,5,"C1,C2,C3,C4,C5",,,True,True,True,True,True,True,True,True,True,True,True,True,True,True,True
transistor1::transistor1_0419_OK,transistor1,train,transistor1_0419_OK,0419,OK,OK,OK,True,5,5,"C1,C2,C3,C4,C5",,,True,True,True,True,True,True,True,True,True,True,True,True,True,True,True
transistor1::transistor1_0420_OK,transistor1,train,transistor1_0420_OK,0420,OK,OK,OK,True,5,5,"C1,C2,C3,C4,C5",,,True,True,True,True,True,True,True,True,True,True,True,True,True,True,True
transistor1::transistor1_0421_OK,transistor1,test,transistor1_0421_OK,0421,OK,OK,OK,True,5,5,"C1,C2,C3,C4,C5",,,True,True,True,True,True,True,True,True,True,True,True,True,True,True,True
transistor1::transistor1_0422_OK,transistor1,train,transistor1_0422_OK,0422,OK,OK,OK,True,5,5,"C1,C2,C3,C4,C5",,,True,True,True,True,True,True,True,True,True,True,True,True,True,True,True
transistor1::transistor1_0423_OK,transistor1,train,transistor1_0423_OK,0423,OK,OK,OK,True,5,5,"C1,C2,C3,C4,C5",,,True,True,True,True,True,True,True,True,True,True,True,True,True,True,True
transistor1::transistor1_0424_OK,transistor1,test,transistor1_0424_OK,0424,OK,OK,OK,True,5,5,"C1,C2,C3,C4,C5",,,True,True,True,True,True,True,True,True,True,True,True,True,True,True,True
transistor1::transistor1_0425_OK,transistor1,train,transistor1_0425_OK,0425,OK,OK,OK,True,5,5,"C1,C2,C3,C4,C5",,,True,True,True,True,True,True,True,True,True,True,True,True,True,True,True
transistor1::transistor1_0426_OK,transistor1,test,transistor1_0426_OK,0426,OK,OK,OK,True,5,5,"C1,C2,C3,C4,C5",,,True,True,True,True,True,True,True,True,True,True,True,True,True,True,True
transistor1::transistor1_0427_OK,transistor1,test,transistor1_0427_OK,0427,OK,OK,OK,True,5,5,"C1,C2,C3,C4,C5",,,True,True,True,True,True,True,True,True,True,True,True,True,True,True,True
transistor1::transistor1_0428_OK,transistor1,test,transistor1_0428_OK,0428,OK,OK,OK,True,5,5,"C1,C2,C3,C4,C5",,,True,True,True,True,True,True,True,True,True,True,True,True,True,True,True
transistor1::transistor1_0429_OK,transistor1,test,transistor1_0429_OK,0429,OK,OK,OK,True,5,5,"C1,C2,C3,C4,C5",,,True,True,True,True,True,True,True,True,True,True,True,True,True,True,True
transistor1::transistor1_0430_OK,transistor1,train,transistor1_0430_OK,0430,OK,OK,OK,True,5,5,"C1,C2,C3,C4,C5",,,True,True,True,True,True,True,True,True,True,True,True,True,True,True,True
transistor1::transistor1_0431_OK,transistor1,train,transistor1_0431_OK,0431,OK,OK,OK,True,5,5,"C1,C2,C3,C4,C5",,,True,True,True,True,True,True,True,True,True,True,True,True,True,True,True
transistor1::transistor1_0432_OK,transistor1,train,transistor1_0432_OK,0432,OK,OK,OK,True,5,5,"C1,C2,C3,C4,C5",,,True,True,True,True,True,True,True,True,True,True,True,True,True,True,True
transistor1::transistor1_0433_OK,transistor1,train,transistor1_0433_OK,0433,OK,OK,OK,True,5,5,"C1,C2,C3,C4,C5",,,True,True,True,True,True,True,True,True,True,True,True,True,True,True,True
transistor1::transistor1_0434_OK,transistor1,train,transistor1_0434_OK,0434,OK,OK,OK,True,5,5,"C1,C2,C3,C4,C5",,,True,True,True,True,True,True,True,True,True,True,True,True,True,True,True
transistor1::transistor1_0435_OK,transistor1,test,transistor1_0435_OK,0435,OK,OK,OK,True,5,5,"C1,C2,C3,C4,C5",,,True,True,True,True,True,True,True,True,True,True,True,True,True,True,True
transistor1::transistor1_0436_OK,transistor1,train,transistor1_0436_OK,0436,OK,OK,OK,True,5,5,"C1,C2,C3,C4,C5",,,True,True,True,True,True,True,True,True,True,True,True,True,True,True,True
transistor1::transistor1_0437_OK,transistor1,train,transistor1_0437_OK,0437,OK,OK,OK,True,5,5,"C1,C2,C3,C4,C5",,,True,True,True,True,True,True,True,True,True,True,True,True,True,True,True
transistor1::transistor1_0438_OK,transistor1,test,transistor1_0438_OK,0438,OK,OK,OK,True,5,5,"C1,C2,C3,C4,C5",,,True,True,True,True,True,True,True,True,True,True,True,True,True,True,True
transistor1::transistor1_0439_OK,transistor1,train,transistor1_0439_OK,0439,OK,OK,OK,True,5,5,"C1,C2,C3,C4,C5",,,True,True,True,True,True,True,True,True,True,True,True,True,True,True,True
transistor1::transistor1_0440_OK,transistor1,train,transistor1_0440_OK,0440,OK,OK,OK,True,5,5,"C1,C2,C3,C4,C5",,,True,True,True,True,True,True,True,True,True,True,True,True,True,True,True
transistor1::transistor1_0441_OK,transistor1,train,transistor1_0441_OK,0441,OK,OK,OK,True,5,5,"C1,C2,C3,C4,C5",,,True,True,True,True,True,True,True,True,True,True,True,True,True,True,True
transistor1::transistor1_0442_OK,transistor1,train,transistor1_0442_OK,0442,OK,OK,OK,True,5,5,"C1,C2,C3,C4,C5",,,True,True,True,True,True,True,True,True,True,True,True,True,True,True,True
transistor1::transistor1_0443_OK,transistor1,train,transistor1_0443_OK,0443,OK,OK,OK,True,5,5,"C1,C2,C3,C4,C5",,,True,True,True,True,True,True,True,True,True,True,True,True,True,True,True
transistor1::transistor1_0444_OK,transistor1,test,transistor1_0444_OK,0444,OK,OK,OK,True,5,5,"C1,C2,C3,C4,C5",,,True,True,True,True,True,True,True,True,True,True,True,True,True,True,True
transistor1::transistor1_0445_OK,transistor1,test,transistor1_0445_OK,0445,OK,OK,OK,True,5,5,"C1,C2,C3,C4,C5",,,True,True,True,True,True,True,True,True,True,True,True,True,True,True,True
transistor1::transistor1_0446_OK,transistor1,test,transistor1_0446_OK,0446,OK,OK,OK,True,5,5,"C1,C2,C3,C4,C5",,,True,True,True,True,True,True,True,True,True,True,True,True,True,True,True
transistor1::transistor1_0447_OK,transistor1,train,transistor1_0447_OK,0447,OK,OK,OK,True,5,5,"C1,C2,C3,C4,C5",,,True,True,True,True,True,True,True,True,True,True,True,True,True,True,True
transistor1::transistor1_0448_OK,transistor1,test,transistor1_0448_OK,0448,OK,OK,OK,True,5,5,"C1,C2,C3,C4,C5",,,True,True,True,True,True,True,True,True,True,True,True,True,True,True,True
transistor1::transistor1_0449_OK,transistor1,train,transistor1_0449_OK,0449,OK,OK,OK,True,5,5,"C1,C2,C3,C4,C5",,,True,True,True,True,True,True,True,True,True,True,True,True,True,True,True
transistor1::transistor1_0450_OK,transistor1,test,transistor1_0450_OK,0450,OK,OK,OK,True,5,5,"C1,C2,C3,C4,C5",,,True,True,True,True,True,True,True,True,True,True,True,True,True,True,True
transistor1::transistor1_0451_OK,transistor1,test,transistor1_0451_OK,0451,OK,OK,OK,True,5,5,"C1,C2,C3,C4,C5",,,True,True,True,True,True,True,True,True,True,True,True,True,True,True,True
transistor1::transistor1_0452_OK,transistor1,test,transistor1_0452_OK,0452,OK,OK,OK,True,5,5,"C1,C2,C3,C4,C5",,,True,True,True,True,True,True,True,True,True,True,True,True,True,True,True
transistor1::transistor1_0453_OK,transistor1,test,transistor1_0453_OK,0453,OK,OK,OK,True,5,5,"C1,C2,C3,C4,C5",,,True,True,True,True,True,True,True,True,True,True,True,True,True,True,True
transistor1::transistor1_0454_OK,transistor1,train,transistor1_0454_OK,0454,OK,OK,OK,True,5,5,"C1,C2,C3,C4,C5",,,True,True,True,True,True,True,True,True,True,True,True,True,True,True,True
transistor1::transistor1_0455_OK,transistor1,train,transistor1_0455_OK,0455,OK,OK,OK,True,5,5,"C1,C2,C3,C4,C5",,,True,True,True,True,True,True,True,True,True,True,True,True,True,True,True
transistor1::transistor1_0456_OK,transistor1,test,transistor1_0456_OK,0456,OK,OK,OK,True,5,5,"C1,C2,C3,C4,C5",,,True,True,True,True,True,True,True,True,True,True,True,True,True,True,True
transistor1::transistor1_0457_OK,transistor1,train,transistor1_0457_OK,0457,OK,OK,OK,True,5,5,"C1,C2,C3,C4,C5",,,True,True,True,True,True,True,True,True,True,True,True,True,True,True,True
transistor1::transistor1_0458_OK,transistor1,test,transistor1_0458_OK,0458,OK,OK,OK,True,5,5,"C1,C2,C3,C4,C5",,,True,True,True,True,True,True,True,True,True,True,True,True,True,True,True
transistor1::transistor1_0459_OK,transistor1,train,transistor1_0459_OK,0459,OK,OK,OK,True,5,5,"C1,C2,C3,C4,C5",,,True,True,True,True,True,True,True,True,True,True,True,True,True,True,True
transistor1::transistor1_0460_OK,transistor1,train,transistor1_0460_OK,0460,OK,OK,OK,True,5,5,"C1,C2,C3,C4,C5",,,True,True,True,True,True,True,True,True,True,True,True,True,True,True,True
transistor1::transistor1_0461_OK,transistor1,train,transistor1_0461_OK,0461,OK,OK,OK,True,5,5,"C1,C2,C3,C4,C5",,,True,True,True,True,True,True,True,True,True,True,True,True,True,True,True
transistor1::transistor1_0462_OK,transistor1,train,transistor1_0462_OK,0462,OK,OK,OK,True,5,5,"C1,C2,C3,C4,C5",,,True,True,True,True,True,True,True,True,True,True,True,True,True,True,True
transistor1::transistor1_0463_OK,transistor1,test,transistor1_0463_OK,0463,OK,OK,OK,True,5,5,"C1,C2,C3,C4,C5",,,True,True,True,True,True,True,True,True,True,True,True,True,True,True,True
transistor1::transistor1_0464_OK,transistor1,test,transistor1_0464_OK,0464,OK,OK,OK,True,5,5,"C1,C2,C3,C4,C5",,,True,True,True,True,True,True,True,True,True,True,True,True,True,True,True
transistor1::transistor1_0465_OK,transistor1,test,transistor1_0465_OK,0465,OK,OK,OK,True,5,5,"C1,C2,C3,C4,C5",,,True,True,True,True,True,True,True,True,True,True,True,True,True,True,True
transistor1::transistor1_0466_OK,transistor1,train,transistor1_0466_OK,0466,OK,OK,OK,True,5,5,"C1,C2,C3,C4,C5",,,True,True,True,True,True,True,True,True,True,True,True,True,True,True,True
transistor1::transistor1_0467_OK,transistor1,train,transistor1_0467_OK,0467,OK,OK,OK,True,5,5,"C1,C2,C3,C4,C5",,,True,True,True,True,True,True,True,True,True,True,True,True,True,True,True
transistor1::transistor1_0468_OK,transistor1,train,transistor1_0468_OK,0468,OK,OK,OK,True,5,5,"C1,C2,C3,C4,C5",,,True,True,True,True,True,True,True,True,True,True,True,True,True,True,True
transistor1::transistor1_0469_OK,transistor1,train,transistor1_0469_OK,0469,OK,OK,OK,True,5,5,"C1,C2,C3,C4,C5",,,True,True,True,True,True,True,True,True,True,True,True,True,True,True,True
transistor1::transistor1_0470_OK,transistor1,test,transistor1_0470_OK,0470,OK,OK,OK,True,5,5,"C1,C2,C3,C4,C5",,,True,True,True,True,True,True,True,True,True,True,True,True,True,True,True
transistor1::transistor1_0471_OK,transistor1,train,transistor1_0471_OK,0471,OK,OK,OK,True,5,5,"C1,C2,C3,C4,C5",,,True,True,True,True,True,True,True,True,True,True,True,True,True,True,True
transistor1::transistor1_0472_OK,transistor1,test,transistor1_0472_OK,0472,OK,OK,OK,True,5,5,"C1,C2,C3,C4,C5",,,True,True,True,True,True,True,True,True,True,True,True,True,True,True,True
transistor1::transistor1_0473_OK,transistor1,test,transistor1_0473_OK,0473,OK,OK,OK,True,5,5,"C1,C2,C3,C4,C5",,,True,True,True,True,True,True,True,True,True,True,True,True,True,True,True
transistor1::transistor1_0474_OK,transistor1,test,transistor1_0474_OK,0474,OK,OK,OK,True,5,5,"C1,C2,C3,C4,C5",,,True,True,True,True,True,True,True,True,True,True,True,True,True,True,True
transistor1::transistor1_0475_OK,transistor1,test,transistor1_0475_OK,0475,OK,OK,OK,True,5,5,"C1,C2,C3,C4,C5",,,True,True,True,True,True,True,True,True,True,True,True,True,True,True,True
transistor1::transistor1_0476_OK,transistor1,test,transistor1_0476_OK,0476,OK,OK,OK,True,5,5,"C1,C2,C3,C4,C5",,,True,True,True,True,True,True,True,True,True,True,True,True,True,True,True
transistor1::transistor1_0477_OK,transistor1,train,transistor1_0477_OK,0477,OK,OK,OK,True,5,5,"C1,C2,C3,C4,C5",,,True,True,True,True,True,True,True,True,True,True,True,True,True,True,True
transistor1::transistor1_0478_OK,transistor1,train,transistor1_0478_OK,0478,OK,OK,OK,True,5,5,"C1,C2,C3,C4,C5",,,True,True,True,True,True,True,True,True,True,True,True,True,True,True,True
transistor1::transistor1_0479_OK,transistor1,train,transistor1_0479_OK,0479,OK,OK,OK,True,5,5,"C1,C2,C3,C4,C5",,,True,True,True,True,True,True,True,True,True,True,True,True,True,True,True
transistor1::transistor1_0480_OK,transistor1,train,transistor1_0480_OK,0480,OK,OK,OK,True,5,5,"C1,C2,C3,C4,C5",,,True,True,True,True,True,True,True,True,True,True,True,True,True,True,True
transistor1::transistor1_0481_OK,transistor1,train,transistor1_0481_OK,0481,OK,OK,OK,True,5,5,"C1,C2,C3,C4,C5",,,True,True,True,True,True,True,True,True,True,True,True,True,True,True,True
transistor1::transistor1_0482_OK,transistor1,test,transistor1_0482_OK,0482,OK,OK,OK,True,5,5,"C1,C2,C3,C4,C5",,,True,True,True,True,True,True,True,True,True,True,True,True,True,True,True
transistor1::transistor1_0483_OK,transistor1,test,transistor1_0483_OK,0483,OK,OK,OK,True,5,5,"C1,C2,C3,C4,C5",,,True,True,True,True,True,True,True,True,True,True,True,True,True,True,True
transistor1::transistor1_0484_OK,transistor1,test,transistor1_0484_OK,0484,OK,OK,OK,True,5,5,"C1,C2,C3,C4,C5",,,True,True,True,True,True,True,True,True,True,True,True,True,True,True,True
transistor1::transistor1_0485_OK,transistor1,train,transistor1_0485_OK,0485,OK,OK,OK,True,5,5,"C1,C2,C3,C4,C5",,,True,True,True,True,True,True,True,True,True,True,True,True,True,True,True
transistor1::transistor1_0486_OK,transistor1,test,transistor1_0486_OK,0486,OK,OK,OK,True,5,5,"C1,C2,C3,C4,C5",,,True,True,True,True,True,True,True,True,True,True,True,True,True,True,True
transistor1::transistor1_0487_OK,transistor1,train,transistor1_0487_OK,0487,OK,OK,OK,True,5,5,"C1,C2,C3,C4,C5",,,True,True,True,True,True,True,True,True,True,True,True,True,True,True,True
transistor1::transistor1_0488_OK,transistor1,train,transistor1_0488_OK,0488,OK,OK,OK,True,5,5,"C1,C2,C3,C4,C5",,,True,True,True,True,True,True,True,True,True,True,True,True,True,True,True
transistor1::transistor1_0489_OK,transistor1,train,transistor1_0489_OK,0489,OK,OK,OK,True,5,5,"C1,C2,C3,C4,C5",,,True,True,True,True,True,True,True,True,True,True,True,True,True,True,True
transistor1::transistor1_0490_OK,transistor1,test,transistor1_0490_OK,0490,OK,OK,OK,True,5,5,"C1,C2,C3,C4,C5",,,True,True,True,True,True,True,True,True,True,True,True,True,True,True,True
transistor1::transistor1_0491_OK,transistor1,test,transistor1_0491_OK,0491,OK,OK,OK,True,5,5,"C1,C2,C3,C4,C5",,,True,True,True,True,True,True,True,True,True,True,True,True,True,True,True
transistor1::transistor1_0492_OK,transistor1,test,transistor1_0492_OK,0492,OK,OK,OK,True,5,5,"C1,C2,C3,C4,C5",,,True,True,True,True,True,True,True,True,True,True,True,True,True,True,True
transistor1::transistor1_0493_OK,transistor1,test,transistor1_0493_OK,0493,OK,OK,OK,True,5,5,"C1,C2,C3,C4,C5",,,True,True,True,True,True,True,True,True,True,True,True,True,True,True,True
transistor1::transistor1_0494_OK,transistor1,test,transistor1_0494_OK,0494,OK,OK,OK,True,5,5,"C1,C2,C3,C4,C5",,,True,True,True,True,True,True,True,True,True,True,True,True,True,True,True
transistor1::transistor1_0495_OK,transistor1,train,transistor1_0495_OK,0495,OK,OK,OK,True,5,5,"C1,C2,C3,C4,C5",,,True,True,True,True,True,True,True,True,True,True,True,True,True,True,True
transistor1::transistor1_0496_OK,transistor1,train,transistor1_0496_OK,0496,OK,OK,OK,True,5,5,"C1,C2,C3,C4,C5",,,True,True,True,True,True,True,True,True,True,True,True,True,True,True,True
transistor1::transistor1_0497_OK,transistor1,test,transistor1_0497_OK,0497,OK,OK,OK,True,5,5,"C1,C2,C3,C4,C5",,,True,True,True,True,True,True,True,True,True,True,True,True,True,True,True
transistor1::transistor1_0498_OK,transistor1,train,transistor1_0498_OK,0498,OK,OK,OK,True,5,5,"C1,C2,C3,C4,C5",,,True,True,True,True,True,True,True,True,True,True,True,True,True,True,True
transistor1::transistor1_0499_OK,transistor1,test,transistor1_0499_OK,0499,OK,OK,OK,True,5,5,"C1,C2,C3,C4,C5",,,True,True,True,True,True,True,True,True,True,True,True,True,True,True,True
transistor1::transistor1_0500_OK,transistor1,test,transistor1_0500_OK,0500,OK,OK,OK,True,5,5,"C1,C2,C3,C4,C5",,,True,True,True,True,True,True,True,True,True,True,True,True,True,True,True
transistor1::transistor1_1042_NG_BX,transistor1,test,transistor1_1042_NG_BX,1042,OK,NG_BX,BX,False,5,5,"C1,C2,C3,C4,C5",,,True,True,True,True,True,True,True,True,True,True,True,True,True,True,True
transistor1::transistor1_1083_NG_BX,transistor1,test,transistor1_1083_NG_BX,1083,OK,NG_BX,OK,False,5,5,"C1,C2,C3,C4,C5",,,True,True,True,True,True,True,True,True,True,True,True,True,True,True,True
transistor1::transistor1_1388_NG_BX,transistor1,test,transistor1_1388_NG_BX,1388,OK,NG_BX,BX,False,5,5,"C1,C2,C3,C4,C5",,,True,True,True,True,True,True,True,True,True,True,True,True,True,True,True
