category,group_id,subject_id,true_product_label,primary_method,fused_score,threshold_train_normal,predicted_product_label_train_normal,most_suspicious_view
transistor1,transistor1::transistor1_0001_NG_BX,transistor1::transistor1_0001_NG_BX,1,five_view_mean,0.41847911,0.32678318,1,C3
transistor1,transistor1::transistor1_0001_NG_QS,transistor1::transistor1_0001_NG_QS,1,five_view_mean,0.28627464,0.32678318,0,C2
transistor1,transistor1::transistor1_0001_NG_ZW,transistor1::transistor1_0001_NG_ZW,1,five_view_mean,0.32112068,0.32678318,0,C2
transistor1,transistor1::transistor1_0002_NG_BX,transistor1::transistor1_0002_NG_BX,1,five_view_mean,0.42519465,0.32678318,1,C4
transistor1,transistor1::transistor1_0002_NG_QS,transistor1::transistor1_0002_NG_QS,1,five_view_mean,0.34646910,0.32678318,1,C5
transistor1,transistor1::transistor1_0002_NG_ZW,transistor1::transistor1_0002_NG_ZW,1,five_view_mean,0.37624830,0.32678318,1,C4
transistor1,transistor1::transistor1_0002_OK,transistor1::transistor1_0002_OK,0,five_view_mean,0.26496780,0.32678318,0,C3
transistor1,transistor1::transistor1_0003_NG_BX,transistor1::transistor1_0003_NG_BX,1,five_view_mean,0.38761321,0.32678318,1,C3
transistor1,transistor1::transistor1_0003_NG_QS,transistor1::transistor1_0003_NG_QS,1,five_view_mean,0.33270809,0.32678318,1,C5
transistor1,transistor1::transistor1_0003_NG_ZW,transistor1::transistor1_0003_NG_ZW,1,five_view_mean,0.38181454,0.32678318,1,C5
transistor1,transistor1::transistor1_0004_NG_BX,transistor1::transistor1_0004_NG_BX,1,five_view_mean,0.39575362,0.32678318,1,C3
transistor1,transistor1::transistor1_0004_NG_QS,transistor1::transistor1_0004_NG_QS,1,five_view_mean,0.35779792,0.32678318,1,C3
transistor1,transistor1::transistor1_0004_NG_ZW,transistor1::transistor1_0004_NG_ZW,1,five_view_mean,0.38477132,0.32678318,1,C2
transistor1,transistor1::transistor1_0005_NG_BX,transistor1::transistor1_0005_NG_BX,1,five_view_mean,0.40901041,0.32678318,1,C3
transistor1,transistor1::transistor1_0005_NG_QS,transistor1::transistor1_0005_NG_QS,1,five_view_mean,0.33428913,0.32678318,1,C5
transistor1,transistor1::transistor1_0005_NG_ZW,transistor1::transistor1_0005_NG_ZW,1,five_view_mean,0.48995966,0.32678318,1,C3
transistor1,transistor1::transistor1_0006_NG_BX,transistor1::transistor1_0006_NG_BX,1,five_view_mean,0.38871264,0.32678318,1,C2
transistor1,transistor1::transistor1_0006_NG_QS,transistor1::transistor1_0006_NG_QS,1,five_view_mean,0.34794149,0.32678318,1,C4
transistor1,transistor1::transistor1_0006_NG_ZW,transistor1::transistor1_0006_NG_ZW,1,five_view_mean,0.49183321,0.32678318,1,C1
transistor1,transistor1::transistor1_0006_OK,transistor1::transistor1_0006_OK,0,five_view_mean,0.26981148,0.32678318,0,C5
transistor1,transistor1::transistor1_0007_NG_BX,transistor1::transistor1_0007_NG_BX,1,five_view_mean,0.41267234,0.32678318,1,C3
transistor1,transistor1::transistor1_0007_NG_QS,transistor1::transistor1_0007_NG_QS,1,five_view_mean,0.35402617,0.32678318,1,C3
transistor1,transistor1::transistor1_0007_NG_ZW,transistor1::transistor1_0007_NG_ZW,1,five_view_mean,0.35816580,0.32678318,1,C2
transistor1,transistor1::transistor1_0007_OK,transistor1::transistor1_0007_OK,0,five_view_mean,0.26991695,0.32678318,0,C5
transistor1,transistor1::transistor1_0008_NG_BX,transistor1::transistor1_0008_NG_BX,1,five_view_mean,0.40329161,0.32678318,1,C3
transistor1,transistor1::transistor1_0008_NG_QS,transistor1::transistor1_0008_NG_QS,1,five_view_mean,0.34340018,0.32678318,1,C3
transistor1,transistor1::transistor1_0008_NG_ZW,transistor1::transistor1_0008_NG_ZW,1,five_view_mean,0.44534439,0.32678318,1,C4
transistor1,transistor1::transistor1_0009_NG_BX,transistor1::transistor1_0009_NG_BX,1,five_view_mean,0.40833229,0.32678318,1,C3
transistor1,transistor1::transistor1_0009_NG_QS,transistor1::transistor1_0009_NG_QS,1,five_view_mean,0.35269859,0.32678318,1,C5
transistor1,transistor1::transistor1_0009_NG_ZW,transistor1::transistor1_0009_NG_ZW,1,five_view_mean,0.30193588,0.32678318,0,C2
transistor1,transistor1::transistor1_0010_NG_BX,transistor1::transistor1_0010_NG_BX,1,five_view_mean,0.39881566,0.32678318,1,C3
transistor1,transistor1::transistor1_0010_NG_QS,transistor1::transistor1_0010_NG_QS,1,five_view_mean,0.36097533,0.32678318,1,C3
transistor1,transistor1::transistor1_0010_NG_ZW,transistor1::transistor1_0010_NG_ZW,1,five_view_mean,0.39765292,0.32678318,1,C4
transistor1,transistor1::transistor1_0010_OK,transistor1::transistor1_0010_OK,0,five_view_mean,0.25744951,0.32678318,0,C4
transistor1,transistor1::transistor1_0011_NG_BX,transistor1::transistor1_0011_NG_BX,1,five_view_mean,0.43224177,0.32678318,1,C3
transistor1,transistor1::transistor1_0011_NG_QS,transistor1::transistor1_0011_NG_QS,1,five_view_mean,0.36367211,0.32678318,1,C3
transistor1,transistor1::transistor1_0011_NG_ZW,transistor1::transistor1_0011_NG_ZW,1,five_view_mean,0.30032402,0.32678318,0,C4
transistor1,transistor1::transistor1_0011_OK,transistor1::transistor1_0011_OK,0,five_view_mean,0.25398132,0.32678318,0,C5
transistor1,transistor1::transistor1_0012_NG_BX,transistor1::transistor1_0012_NG_BX,1,five_view_mean,0.41141328,0.32678318,1,C3
transistor1,transistor1::transistor1_0012_NG_QS,transistor1::transistor1_0012_NG_QS,1,five_view_mean,0.31712487,0.32678318,0,C5
transistor1,transistor1::transistor1_0012_NG_ZW,transistor1::transistor1_0012_NG_ZW,1,five_view_mean,0.44130906,0.32678318,1,C3
transistor1,transistor1::transistor1_0012_OK,transistor1::transistor1_0012_OK,0,five_view_mean,0.24343713,0.32678318,0,C1
transistor1,transistor1::transistor1_0013_NG_BX,transistor1::transistor1_0013_NG_BX,1,five_view_mean,0.40227565,0.32678318,1,C3
transistor1,transistor1::transistor1_0013_NG_QS,transistor1::transistor1_0013_NG_QS,1,five_view_mean,0.39290947,0.32678318,1,C5
transistor1,transistor1::transistor1_0013_NG_ZW,transistor1::transistor1_0013_NG_ZW,1,five_view_mean,0.31100109,0.32678318,0,C2
transistor1,transistor1::transistor1_0014_NG_BX,transistor1::transistor1_0014_NG_BX,1,five_view_mean,0.36626285,0.32678318,1,C4
transistor1,transistor1::transistor1_0014_NG_QS,transistor1::transistor1_0014_NG_QS,1,five_view_mean,0.38496858,0.32678318,1,C4
transistor1,transistor1::transistor1_0014_NG_ZW,transistor1::transistor1_0014_NG_ZW,1,five_view_mean,0.36810309,0.32678318,1,C2
transistor1,transistor1::transistor1_0015_NG_BX,transistor1::transistor1_0015_NG_BX,1,five_view_mean,0.44131804,0.32678318,1,C3
transistor1,transistor1::transistor1_0015_NG_QS,transistor1::transistor1_0015_NG_QS,1,five_view_mean,0.35039559,0.32678318,1,C2
transistor1,transistor1::transistor1_0015_NG_ZW,transistor1::transistor1_0015_NG_ZW,1,five_view_mean,0.34290257,0.32678318,1,C4
transistor1,transistor1::transistor1_0015_OK,transistor1::transistor1_0015_OK,0,five_view_mean,0.24785070,0.32678318,0,C3
transistor1,transistor1::transistor1_0016_NG_BX,transistor1::transistor1_0016_NG_BX,1,five_view_mean,0.38911974,0.32678318,1,C3
transistor1,transistor1::transistor1_0016_NG_QS,transistor1::transistor1_0016_NG_QS,1,five_view_mean,0.34874269,0.32678318,1,C5
transistor1,transistor1::transistor1_0016_NG_ZW,transistor1::transistor1_0016_NG_ZW,1,five_view_mean,0.30610043,0.32678318,0,C2
transistor1,transistor1::transistor1_0016_OK,transistor1::transistor1_0016_OK,0,five_view_mean,0.25523365,0.32678318,0,C2
transistor1,transistor1::transistor1_0017_NG_BX,transistor1::transistor1_0017_NG_BX,1,five_view_mean,0.37182117,0.32678318,1,C3
transistor1,transistor1::transistor1_0017_NG_QS,transistor1::transistor1_0017_NG_QS,1,five_view_mean,0.35176110,0.32678318,1,C3
transistor1,transistor1::transistor1_0017_NG_ZW,transistor1::transistor1_0017_NG_ZW,1,five_view_mean,0.35153854,0.32678318,1,C2
transistor1,transistor1::transistor1_0018_NG_BX,transistor1::transistor1_0018_NG_BX,1,five_view_mean,0.39995614,0.32678318,1,C3
transistor1,transistor1::transistor1_0018_NG_QS,transistor1::transistor1_0018_NG_QS,1,five_view_mean,0.35557166,0.32678318,1,C5
transistor1,transistor1::transistor1_0018_NG_ZW,transistor1::transistor1_0018_NG_ZW,1,five_view_mean,0.36104280,0.32678318,1,C2
transistor1,transistor1::transistor1_0019_NG_BX,transistor1::transistor1_0019_NG_BX,1,five_view_mean,0.41228127,0.32678318,1,C3
transistor1,transistor1::transistor1_0019_NG_QS,transistor1::transistor1_0019_NG_QS,1,five_view_mean,0.34126621,0.32678318,1,C3
transistor1,transistor1::transistor1_0019_NG_ZW,transistor1::transistor1_0019_NG_ZW,1,five_view_mean,0.46900278,0.32678318,1,C3
transistor1,transistor1::transistor1_0020_NG_BX,transistor1::transistor1_0020_NG_BX,1,five_view_mean,0.40372643,0.32678318,1,C3
transistor1,transistor1::transistor1_0020_NG_QS,transistor1::transistor1_0020_NG_QS,1,five_view_mean,0.35069460,0.32678318,1,C3
transistor1,transistor1::transistor1_0020_NG_ZW,transistor1::transistor1_0020_NG_ZW,1,five_view_mean,0.47131091,0.32678318,1,C2
transistor1,transistor1::transistor1_0021_NG_BX,transistor1::transistor1_0021_NG_BX,1,five_view_mean,0.41010118,0.32678318,1,C3
transistor1,transistor1::transistor1_0021_NG_QS,transistor1::transistor1_0021_NG_QS,1,five_view_mean,0.35707769,0.32678318,1,C3
transistor1,transistor1::transistor1_0021_NG_ZW,transistor1::transistor1_0021_NG_ZW,1,five_view_mean,0.37690732,0.32678318,1,C4
transistor1,transistor1::transistor1_0022_NG_BX,transistor1::transistor1_0022_NG_BX,1,five_view_mean,0.39844331,0.32678318,1,C3
transistor1,transistor1::transistor1_0022_NG_QS,transistor1::transistor1_0022_NG_QS,1,five_view_mean,0.34575468,0.32678318,1,C5
transistor1,transistor1::transistor1_0022_NG_ZW,transistor1::transistor1_0022_NG_ZW,1,five_view_mean,0.33494121,0.32678318,1,C4
transistor1,transistor1::transistor1_0023_NG_BX,transistor1::transistor1_0023_NG_BX,1,five_view_mean,0.39575326,0.32678318,1,C3
transistor1,transistor1::transistor1_0023_NG_QS,transistor1::transistor1_0023_NG_QS,1,five_view_mean,0.39247927,0.32678318,1,C5
transistor1,transistor1::transistor1_0023_NG_ZW,transistor1::transistor1_0023_NG_ZW,1,five_view_mean,0.42091545,0.32678318,1,C2
transistor1,transistor1::transistor1_0023_OK,transistor1::transistor1_0023_OK,0,five_view_mean,0.27427834,0.32678318,0,C1
transistor1,transistor1::transistor1_0024_NG_BX,transistor1::transistor1_0024_NG_BX,1,five_view_mean,0.37675995,0.32678318,1,C3
transistor1,transistor1::transistor1_0024_NG_QS,transistor1::transistor1_0024_NG_QS,1,five_view_mean,0.38941270,0.32678318,1,C2
transistor1,transistor1::transistor1_0024_NG_ZW,transistor1::transistor1_0024_NG_ZW,1,five_view_mean,0.31699020,0.32678318,0,C4
transistor1,transistor1::transistor1_0024_OK,transistor1::transistor1_0024_OK,0,five_view_mean,0.26983500,0.32678318,0,C1
transistor1,transistor1::transistor1_0025_NG_BX,transistor1::transistor1_0025_NG_BX,1,five_view_mean,0.40730721,0.32678318,1,C3
transistor1,transistor1::transistor1_0025_NG_QS,transistor1::transistor1_0025_NG_QS,1,five_view_mean,0.34822971,0.32678318,1,C5
transistor1,transistor1::transistor1_0025_NG_ZW,transistor1::transistor1_0025_NG_ZW,1,five_view_mean,0.29679900,0.32678318,0,C3
transistor1,transistor1::transistor1_0025_OK,transistor1::transistor1_0025_OK,0,five_view_mean,0.27345157,0.32678318,0,C1
transistor1,transistor1::transistor1_0026_NG_BX,transistor1::transistor1_0026_NG_BX,1,five_view_mean,0.39475459,0.32678318,1,C4
transistor1,transistor1::transistor1_0026_NG_QS,transistor1::transistor1_0026_NG_QS,1,five_view_mean,0.38128895,0.32678318,1,C3
transistor1,transistor1::transistor1_0026_NG_ZW,transistor1::transistor1_0026_NG_ZW,1,five_view_mean,0.35502300,0.32678318,1,C2
transistor1,transistor1::transistor1_0026_OK,transistor1::transistor1_0026_OK,0,five_view_mean,0.26448163,0.32678318,0,C3
transistor1,transistor1::transistor1_0027_NG_BX,transistor1::transistor1_0027_NG_BX,1,five_view_mean,0.42207041,0.32678318,1,C3
transistor1,transistor1::transistor1_0027_NG_QS,transistor1::transistor1_0027_NG_QS,1,five_view_mean,0.36509082,0.32678318,1,C5
transistor1,transistor1::transistor1_0027_NG_ZW,transistor1::transistor1_0027_NG_ZW,1,five_view_mean,0.32404521,0.32678318,0,C2
transistor1,transistor1::transistor1_0028_NG_BX,transistor1::transistor1_0028_NG_BX,1,five_view_mean,0.40475899,0.32678318,1,C3
transistor1,transistor1::transistor1_0028_NG_QS,transistor1::transistor1_0028_NG_QS,1,five_view_mean,0.35635710,0.32678318,1,C3
transistor1,transistor1::transistor1_0028_NG_ZW,transistor1::transistor1_0028_NG_ZW,1,five_view_mean,0.38666004,0.32678318,1,C4
transistor1,transistor1::transistor1_0029_NG_BX,transistor1::transistor1_0029_NG_BX,1,five_view_mean,0.39784375,0.32678318,1,C3
transistor1,transistor1::transistor1_0029_NG_QS,transistor1::transistor1_0029_NG_QS,1,five_view_mean,0.33242187,0.32678318,1,C5
transistor1,transistor1::transistor1_0029_NG_ZW,transistor1::transistor1_0029_NG_ZW,1,five_view_mean,0.33316761,0.32678318,1,C2
transistor1,transistor1::transistor1_0030_NG_BX,transistor1::transistor1_0030_NG_BX,1,five_view_mean,0.40870532,0.32678318,1,C3
transistor1,transistor1::transistor1_0030_NG_QS,transistor1::transistor1_0030_NG_QS,1,five_view_mean,0.36573312,0.32678318,1,C5
transistor1,transistor1::transistor1_0030_NG_ZW,transistor1::transistor1_0030_NG_ZW,1,five_view_mean,0.39167017,0.32678318,1,C2
transistor1,transistor1::transistor1_0031_NG_BX,transistor1::transistor1_0031_NG_BX,1,five_view_mean,0.41533059,0.32678318,1,C3
transistor1,transistor1::transistor1_0031_NG_QS,transistor1::transistor1_0031_NG_QS,1,five_view_mean,0.31943479,0.32678318,0,C3
transistor1,transistor1::transistor1_0031_NG_ZW,transistor1::transistor1_0031_NG_ZW,1,five_view_mean,0.36191410,0.32678318,1,C3
transistor1,transistor1::transistor1_0031_OK,transistor1::transistor1_0031_OK,0,five_view_mean,0.29428220,0.32678318,0,C4
transistor1,transistor1::transistor1_0032_NG_BX,transistor1::transistor1_0032_NG_BX,1,five_view_mean,0.37947336,0.32678318,1,C3
transistor1,transistor1::transistor1_0032_NG_QS,transistor1::transistor1_0032_NG_QS,1,five_view_mean,0.38848096,0.32678318,1,C5
transistor1,transistor1::transistor1_0032_NG_ZW,transistor1::transistor1_0032_NG_ZW,1,five_view_mean,0.48106861,0.32678318,1,C2
transistor1,transistor1::transistor1_0032_OK,transistor1::transistor1_0032_OK,0,five_view_mean,0.26545876,0.32678318,0,C3
transistor1,transistor1::transistor1_0033_NG_BX,transistor1::transistor1_0033_NG_BX,1,five_view_mean,0.40541381,0.32678318,1,C3
transistor1,transistor1::transistor1_0033_NG_QS,transistor1::transistor1_0033_NG_QS,1,five_view_mean,0.37950739,0.32678318,1,C3
transistor1,transistor1::transistor1_0033_NG_ZW,transistor1::transistor1_0033_NG_ZW,1,five_view_mean,0.42750359,0.32678318,1,C2
transistor1,transistor1::transistor1_0033_OK,transistor1::transistor1_0033_OK,0,five_view_mean,0.25487313,0.32678318,0,C3
transistor1,transistor1::transistor1_0034_NG_BX,transistor1::transistor1_0034_NG_BX,1,five_view_mean,0.41070929,0.32678318,1,C3
transistor1,transistor1::transistor1_0034_NG_QS,transistor1::transistor1_0034_NG_QS,1,five_view_mean,0.36095756,0.32678318,1,C3
transistor1,transistor1::transistor1_0034_NG_ZW,transistor1::transistor1_0034_NG_ZW,1,five_view_mean,0.32642469,0.32678318,0,C3
transistor1,transistor1::transistor1_0035_NG_BX,transistor1::transistor1_0035_NG_BX,1,five_view_mean,0.40687171,0.32678318,1,C5
transistor1,transistor1::transistor1_0035_NG_QS,transistor1::transistor1_0035_NG_QS,1,five_view_mean,0.32687047,0.32678318,1,C2
transistor1,transistor1::transistor1_0035_NG_ZW,transistor1::transistor1_0035_NG_ZW,1,five_view_mean,0.38073385,0.32678318,1,C2
transistor1,transistor1::transistor1_0035_OK,transistor1::transistor1_0035_OK,0,five_view_mean,0.27528787,0.32678318,0,C3
transistor1,transistor1::transistor1_0036_NG_BX,transistor1::transistor1_0036_NG_BX,1,five_view_mean,0.40834984,0.32678318,1,C3
transistor1,transistor1::transistor1_0036_NG_QS,transistor1::transistor1_0036_NG_QS,1,five_view_mean,0.36492413,0.32678318,1,C5
transistor1,transistor1::transistor1_0036_NG_ZW,transistor1::transistor1_0036_NG_ZW,1,five_view_mean,0.33704439,0.32678318,1,C4
transistor1,transistor1::transistor1_0036_OK,transistor1::transistor1_0036_OK,0,five_view_mean,0.25776231,0.32678318,0,C3
transistor1,transistor1::transistor1_0037_NG_BX,transistor1::transistor1_0037_NG_BX,1,five_view_mean,0.40326986,0.32678318,1,C3
transistor1,transistor1::transistor1_0037_NG_QS,transistor1::transistor1_0037_NG_QS,1,five_view_mean,0.38828054,0.32678318,1,C3
transistor1,transistor1::transistor1_0037_NG_ZW,transistor1::transistor1_0037_NG_ZW,1,five_view_mean,0.44096071,0.32678318,1,C2
transistor1,transistor1::transistor1_0038_NG_BX,transistor1::transistor1_0038_NG_BX,1,five_view_mean,0.40179610,0.32678318,1,C3
transistor1,transistor1::transistor1_0038_NG_QS,transistor1::transistor1_0038_NG_QS,1,five_view_mean,0.35952365,0.32678318,1,C3
transistor1,transistor1::transistor1_0038_NG_ZW,transistor1::transistor1_0038_NG_ZW,1,five_view_mean,0.55487698,0.32678318,1,C3
transistor1,transistor1::transistor1_0038_OK,transistor1::transistor1_0038_OK,0,five_view_mean,0.24876876,0.32678318,0,C1
transistor1,transistor1::transistor1_0039_NG_BX,transistor1::transistor1_0039_NG_BX,1,five_view_mean,0.36168748,0.32678318,1,C2
transistor1,transistor1::transistor1_0039_NG_QS,transistor1::transistor1_0039_NG_QS,1,five_view_mean,0.35479242,0.32678318,1,C3
transistor1,transistor1::transistor1_0039_NG_ZW,transistor1::transistor1_0039_NG_ZW,1,five_view_mean,0.34027189,0.32678318,1,C3
transistor1,transistor1::transistor1_0040_NG_BX,transistor1::transistor1_0040_NG_BX,1,five_view_mean,0.39942867,0.32678318,1,C3
transistor1,transistor1::transistor1_0040_NG_QS,transistor1::transistor1_0040_NG_QS,1,five_view_mean,0.37935877,0.32678318,1,C3
transistor1,transistor1::transistor1_0040_NG_ZW,transistor1::transistor1_0040_NG_ZW,1,five_view_mean,0.38537031,0.32678318,1,C2
transistor1,transistor1::transistor1_0040_OK,transistor1::transistor1_0040_OK,0,five_view_mean,0.26401806,0.32678318,0,C1
transistor1,transistor1::transistor1_0041_NG_BX,transistor1::transistor1_0041_NG_BX,1,five_view_mean,0.42023665,0.32678318,1,C5
transistor1,transistor1::transistor1_0041_NG_QS,transistor1::transistor1_0041_NG_QS,1,five_view_mean,0.37073952,0.32678318,1,C3
transistor1,transistor1::transistor1_0041_NG_ZW,transistor1::transistor1_0041_NG_ZW,1,five_view_mean,0.54876959,0.32678318,1,C1
transistor1,transistor1::transistor1_0041_OK,transistor1::transistor1_0041_OK,0,five_view_mean,0.26577953,0.32678318,0,C1
transistor1,transistor1::transistor1_0042_NG_BX,transistor1::transistor1_0042_NG_BX,1,five_view_mean,0.40384573,0.32678318,1,C3
transistor1,transistor1::transistor1_0042_NG_QS,transistor1::transistor1_0042_NG_QS,1,five_view_mean,0.35644606,0.32678318,1,C5
transistor1,transistor1::transistor1_0042_NG_ZW,transistor1::transistor1_0042_NG_ZW,1,five_view_mean,0.35737652,0.32678318,1,C2
transistor1,transistor1::transistor1_0043_NG_BX,transistor1::transistor1_0043_NG_BX,1,five_view_mean,0.39083105,0.32678318,1,C5
transistor1,transistor1::transistor1_0043_NG_QS,transistor1::transistor1_0043_NG_QS,1,five_view_mean,0.34588712,0.32678318,1,C3
transistor1,transistor1::transistor1_0043_NG_ZW,transistor1::transistor1_0043_NG_ZW,1,five_view_mean,0.43602452,0.32678318,1,C3
transistor1,transistor1::transistor1_0044_NG_BX,transistor1::transistor1_0044_NG_BX,1,five_view_mean,0.38758290,0.32678318,1,C3
transistor1,transistor1::transistor1_0044_NG_QS,transistor1::transistor1_0044_NG_QS,1,five_view_mean,0.36120576,0.32678318,1,C5
transistor1,transistor1::transistor1_0044_NG_ZW,transistor1::transistor1_0044_NG_ZW,1,five_view_mean,0.33397001,0.32678318,1,C4
transistor1,transistor1::transistor1_0044_OK,transistor1::transistor1_0044_OK,0,five_view_mean,0.27003300,0.32678318,0,C2
transistor1,transistor1::transistor1_0045_NG_BX,transistor1::transistor1_0045_NG_BX,1,five_view_mean,0.40600127,0.32678318,1,C5
transistor1,transistor1::transistor1_0045_NG_QS,transistor1::transistor1_0045_NG_QS,1,five_view_mean,0.35772339,0.32678318,1,C3
transistor1,transistor1::transistor1_0045_NG_ZW,transistor1::transistor1_0045_NG_ZW,1,five_view_mean,0.39580235,0.32678318,1,C2
transistor1,transistor1::transistor1_0045_OK,transistor1::transistor1_0045_OK,0,five_view_mean,0.26149982,0.32678318,0,C5
transistor1,transistor1::transistor1_0046_NG_BX,transistor1::transistor1_0046_NG_BX,1,five_view_mean,0.40412650,0.32678318,1,C3
transistor1,transistor1::transistor1_0046_NG_QS,transistor1::transistor1_0046_NG_QS,1,five_view_mean,0.35376769,0.32678318,1,C3
transistor1,transistor1::transistor1_0046_NG_ZW,transistor1::transistor1_0046_NG_ZW,1,five_view_mean,0.31912959,0.32678318,0,C3
transistor1,transistor1::transistor1_0046_OK,transistor1::transistor1_0046_OK,0,five_view_mean,0.25443202,0.32678318,0,C5
transistor1,transistor1::transistor1_0047_NG_BX,transistor1::transistor1_0047_NG_BX,1,five_view_mean,0.40901938,0.32678318,1,C5
transistor1,transistor1::transistor1_0047_NG_QS,transistor1::transistor1_0047_NG_QS,1,five_view_mean,0.36595780,0.32678318,1,C5
transistor1,transistor1::transistor1_0047_NG_ZW,transistor1::transistor1_0047_NG_ZW,1,five_view_mean,0.30628735,0.32678318,0,C4
transistor1,transistor1::transistor1_0048_NG_BX,transistor1::transistor1_0048_NG_BX,1,five_view_mean,0.40278110,0.32678318,1,C3
transistor1,transistor1::transistor1_0048_NG_QS,transistor1::transistor1_0048_NG_QS,1,five_view_mean,0.35531941,0.32678318,1,C3
transistor1,transistor1::transistor1_0048_NG_ZW,transistor1::transistor1_0048_NG_ZW,1,five_view_mean,0.36861095,0.32678318,1,C2
transistor1,transistor1::transistor1_0048_OK,transistor1::transistor1_0048_OK,0,five_view_mean,0.24442133,0.32678318,0,C5
transistor1,transistor1::transistor1_0049_NG_BX,transistor1::transistor1_0049_NG_BX,1,five_view_mean,0.36397091,0.32678318,1,C3
transistor1,transistor1::transistor1_0049_NG_QS,transistor1::transistor1_0049_NG_QS,1,five_view_mean,0.31466687,0.32678318,0,C3
transistor1,transistor1::transistor1_0049_NG_ZW,transistor1::transistor1_0049_NG_ZW,1,five_view_mean,0.42694694,0.32678318,1,C2
transistor1,transistor1::transistor1_0049_OK,transistor1::transistor1_0049_OK,0,five_view_mean,0.26191804,0.32678318,0,C3
transistor1,transistor1::transistor1_0050_NG_BX,transistor1::transistor1_0050_NG_BX,1,five_view_mean,0.37717536,0.32678318,1,C3
transistor1,transistor1::transistor1_0050_NG_QS,transistor1::transistor1_0050_NG_QS,1,five_view_mean,0.36300576,0.32678318,1,C5
transistor1,transistor1::transistor1_0050_NG_ZW,transistor1::transistor1_0050_NG_ZW,1,five_view_mean,0.33042207,0.32678318,1,C3
transistor1,transistor1::transistor1_0050_OK,transistor1::transistor1_0050_OK,0,five_view_mean,0.26805896,0.32678318,0,C2
transistor1,transistor1::transistor1_0051_NG_BX,transistor1::transistor1_0051_NG_BX,1,five_view_mean,0.38465065,0.32678318,1,C3
transistor1,transistor1::transistor1_0051_NG_QS,transistor1::transistor1_0051_NG_QS,1,five_view_mean,0.34001866,0.32678318,1,C3
transistor1,transistor1::transistor1_0051_NG_ZW,transistor1::transistor1_0051_NG_ZW,1,five_view_mean,0.38284263,0.32678318,1,C3
transistor1,transistor1::transistor1_0051_OK,transistor1::transistor1_0051_OK,0,five_view_mean,0.27875006,0.32678318,0,C4
transistor1,transistor1::transistor1_0052_NG_BX,transistor1::transistor1_0052_NG_BX,1,five_view_mean,0.40691918,0.32678318,1,C5
transistor1,transistor1::transistor1_0052_NG_QS,transistor1::transistor1_0052_NG_QS,1,five_view_mean,0.37809572,0.32678318,1,C3
transistor1,transistor1::transistor1_0052_NG_ZW,transistor1::transistor1_0052_NG_ZW,1,five_view_mean,0.45580167,0.32678318,1,C3
transistor1,transistor1::transistor1_0052_OK,transistor1::transistor1_0052_OK,0,five_view_mean,0.25643903,0.32678318,0,C2
transistor1,transistor1::transistor1_0053_NG_BX,transistor1::transistor1_0053_NG_BX,1,five_view_mean,0.37602624,0.32678318,1,C4
transistor1,transistor1::transistor1_0053_NG_QS,transistor1::transistor1_0053_NG_QS,1,five_view_mean,0.34360456,0.32678318,1,C3
transistor1,transistor1::transistor1_0053_NG_ZW,transistor1::transistor1_0053_NG_ZW,1,five_view_mean,0.32336164,0.32678318,0,C2
transistor1,transistor1::transistor1_0053_OK,transistor1::transistor1_0053_OK,0,five_view_mean,0.25063780,0.32678318,0,C3
transistor1,transistor1::transistor1_0054_NG_BX,transistor1::transistor1_0054_NG_BX,1,five_view_mean,0.39615315,0.32678318,1,C3
transistor1,transistor1::transistor1_0054_NG_QS,transistor1::transistor1_0054_NG_QS,1,five_view_mean,0.33986267,0.32678318,1,C3
transistor1,transistor1::transistor1_0054_NG_ZW,transistor1::transistor1_0054_NG_ZW,1,five_view_mean,0.30460629,0.32678318,0,C4
transistor1,transistor1::transistor1_0054_OK,transistor1::transistor1_0054_OK,0,five_view_mean,0.25769299,0.32678318,0,C5
transistor1,transistor1::transistor1_0055_NG_BX,transistor1::transistor1_0055_NG_BX,1,five_view_mean,0.40632540,0.32678318,1,C3
transistor1,transistor1::transistor1_0055_NG_QS,transistor1::transistor1_0055_NG_QS,1,five_view_mean,0.34857807,0.32678318,1,C3
transistor1,transistor1::transistor1_0055_NG_ZW,transistor1::transistor1_0055_NG_ZW,1,five_view_mean,0.38836002,0.32678318,1,C2
transistor1,transistor1::transistor1_0055_OK,transistor1::transistor1_0055_OK,0,five_view_mean,0.26089978,0.32678318,0,C4
transistor1,transistor1::transistor1_0056_NG_BX,transistor1::transistor1_0056_NG_BX,1,five_view_mean,0.38247871,0.32678318,1,C3
transistor1,transistor1::transistor1_0056_NG_QS,transistor1::transistor1_0056_NG_QS,1,five_view_mean,0.35075215,0.32678318,1,C3
transistor1,transistor1::transistor1_0056_NG_ZW,transistor1::transistor1_0056_NG_ZW,1,five_view_mean,0.42994064,0.32678318,1,C3
transistor1,transistor1::transistor1_0056_OK,transistor1::transistor1_0056_OK,0,five_view_mean,0.25070900,0.32678318,0,C1
transistor1,transistor1::transistor1_0057_NG_BX,transistor1::transistor1_0057_NG_BX,1,five_view_mean,0.39799434,0.32678318,1,C5
transistor1,transistor1::transistor1_0057_NG_QS,transistor1::transistor1_0057_NG_QS,1,five_view_mean,0.33648524,0.32678318,1,C5
transistor1,transistor1::transistor1_0057_NG_ZW,transistor1::transistor1_0057_NG_ZW,1,five_view_mean,0.51148260,0.32678318,1,C3
transistor1,transistor1::transistor1_0057_OK,transistor1::transistor1_0057_OK,0,five_view_mean,0.25199932,0.32678318,0,C5
transistor1,transistor1::transistor1_0058_NG_BX,transistor1::transistor1_0058_NG_BX,1,five_view_mean,0.40358743,0.32678318,1,C3
transistor1,transistor1::transistor1_0058_NG_QS,transistor1::transistor1_0058_NG_QS,1,five_view_mean,0.31213862,0.32678318,0,C3
transistor1,transistor1::transistor1_0058_NG_ZW,transistor1::transistor1_0058_NG_ZW,1,five_view_mean,0.51233160,0.32678318,1,C3
transistor1,transistor1::transistor1_0059_NG_BX,transistor1::transistor1_0059_NG_BX,1,five_view_mean,0.40633869,0.32678318,1,C3
transistor1,transistor1::transistor1_0059_NG_QS,transistor1::transistor1_0059_NG_QS,1,five_view_mean,0.33510062,0.32678318,1,C3
transistor1,transistor1::transistor1_0059_NG_ZW,transistor1::transistor1_0059_NG_ZW,1,five_view_mean,0.36611015,0.32678318,1,C4
transistor1,transistor1::transistor1_0060_NG_BX,transistor1::transistor1_0060_NG_BX,1,five_view_mean,0.39071915,0.32678318,1,C3
transistor1,transistor1::transistor1_0060_NG_QS,transistor1::transistor1_0060_NG_QS,1,five_view_mean,0.34745660,0.32678318,1,C4
transistor1,transistor1::transistor1_0060_NG_ZW,transistor1::transistor1_0060_NG_ZW,1,five_view_mean,0.38645381,0.32678318,1,C2
transistor1,transistor1::transistor1_0061_NG_BX,transistor1::transistor1_0061_NG_BX,1,five_view_mean,0.34894514,0.32678318,1,C4
transistor1,transistor1::transistor1_0061_NG_QS,transistor1::transistor1_0061_NG_QS,1,five_view_mean,0.37719336,0.32678318,1,C4
transistor1,transistor1::transistor1_0061_NG_ZW,transistor1::transistor1_0061_NG_ZW,1,five_view_mean,0.47010022,0.32678318,1,C1
transistor1,transistor1::transistor1_0062_NG_BX,transistor1::transistor1_0062_NG_BX,1,five_view_mean,0.41610870,0.32678318,1,C3
transistor1,transistor1::transistor1_0062_NG_QS,transistor1::transistor1_0062_NG_QS,1,five_view_mean,0.34586290,0.32678318,1,C3
transistor1,transistor1::transistor1_0062_NG_ZW,transistor1::transistor1_0062_NG_ZW,1,five_view_mean,0.38554496,0.32678318,1,C4
transistor1,transistor1::transistor1_0062_OK,transistor1::transistor1_0062_OK,0,five_view_mean,0.24579141,0.32678318,0,C1
transistor1,transistor1::transistor1_0063_NG_BX,transistor1::transistor1_0063_NG_BX,1,five_view_mean,0.41111296,0.32678318,1,C3
transistor1,transistor1::transistor1_0063_NG_QS,transistor1::transistor1_0063_NG_QS,1,five_view_mean,0.32621074,0.32678318,0,C4
transistor1,transistor1::transistor1_0063_NG_ZW,transistor1::transistor1_0063_NG_ZW,1,five_view_mean,0.34515655,0.32678318,1,C4
transistor1,transistor1::transistor1_0063_OK,transistor1::transistor1_0063_OK,0,five_view_mean,0.24817519,0.32678318,0,C3
transistor1,transistor1::transistor1_0064_NG_BX,transistor1::transistor1_0064_NG_BX,1,five_view_mean,0.40143985,0.32678318,1,C5
transistor1,transistor1::transistor1_0064_NG_QS,transistor1::transistor1_0064_NG_QS,1,five_view_mean,0.38349038,0.32678318,1,C3
transistor1,transistor1::transistor1_0064_NG_ZW,transistor1::transistor1_0064_NG_ZW,1,five_view_mean,0.39305386,0.32678318,1,C2
transistor1,transistor1::transistor1_0065_NG_BX,transistor1::transistor1_0065_NG_BX,1,five_view_mean,0.40955257,0.32678318,1,C3
transistor1,transistor1::transistor1_0065_NG_QS,transistor1::transistor1_0065_NG_QS,1,five_view_mean,0.31909975,0.32678318,0,C3
transistor1,transistor1::transistor1_0065_NG_ZW,transistor1::transistor1_0065_NG_ZW,1,five_view_mean,0.37558585,0.32678318,1,C4
transistor1,transistor1::transistor1_0065_OK,transistor1::transistor1_0065_OK,0,five_view_mean,0.24758597,0.32678318,0,C3
transistor1,transistor1::transistor1_0066_NG_BX,transistor1::transistor1_0066_NG_BX,1,five_view_mean,0.37595052,0.32678318,1,C4
transistor1,transistor1::transistor1_0066_NG_QS,transistor1::transistor1_0066_NG_QS,1,five_view_mean,0.34866956,0.32678318,1,C3
transistor1,transistor1::transistor1_0066_NG_ZW,transistor1::transistor1_0066_NG_ZW,1,five_view_mean,0.35953334,0.32678318,1,C4
transistor1,transistor1::transistor1_0066_OK,transistor1::transistor1_0066_OK,0,five_view_mean,0.25483888,0.32678318,0,C1
transistor1,transistor1::transistor1_0067_NG_BX,transistor1::transistor1_0067_NG_BX,1,five_view_mean,0.42129827,0.32678318,1,C5
transistor1,transistor1::transistor1_0067_NG_QS,transistor1::transistor1_0067_NG_QS,1,five_view_mean,0.34844533,0.32678318,1,C3
transistor1,transistor1::transistor1_0067_NG_ZW,transistor1::transistor1_0067_NG_ZW,1,five_view_mean,0.36773285,0.32678318,1,C4
transistor1,transistor1::transistor1_0068_NG_BX,transistor1::transistor1_0068_NG_BX,1,five_view_mean,0.39884561,0.32678318,1,C3
transistor1,transistor1::transistor1_0068_NG_QS,transistor1::transistor1_0068_NG_QS,1,five_view_mean,0.38082734,0.32678318,1,C5
transistor1,transistor1::transistor1_0068_NG_ZW,transistor1::transistor1_0068_NG_ZW,1,five_view_mean,0.42580199,0.32678318,1,C4
transistor1,transistor1::transistor1_0068_OK,transistor1::transistor1_0068_OK,0,five_view_mean,0.26053667,0.32678318,0,C2
transistor1,transistor1::transistor1_0069_NG_BX,transistor1::transistor1_0069_NG_BX,1,five_view_mean,0.39272636,0.32678318,1,C3
transistor1,transistor1::transistor1_0069_NG_QS,transistor1::transistor1_0069_NG_QS,1,five_view_mean,0.35955375,0.32678318,1,C5
transistor1,transistor1::transistor1_0069_NG_ZW,transistor1::transistor1_0069_NG_ZW,1,five_view_mean,0.36265868,0.32678318,1,C4
transistor1,transistor1::transistor1_0070_NG_BX,transistor1::transistor1_0070_NG_BX,1,five_view_mean,0.36415678,0.32678318,1,C3
transistor1,transistor1::transistor1_0070_NG_QS,transistor1::transistor1_0070_NG_QS,1,five_view_mean,0.39279443,0.32678318,1,C3
transistor1,transistor1::transistor1_0070_NG_ZW,transistor1::transistor1_0070_NG_ZW,1,five_view_mean,0.35244185,0.32678318,1,C4
transistor1,transistor1::transistor1_0071_NG_BX,transistor1::transistor1_0071_NG_BX,1,five_view_mean,0.39832368,0.32678318,1,C2
transistor1,transistor1::transistor1_0071_NG_QS,transistor1::transistor1_0071_NG_QS,1,five_view_mean,0.36927494,0.32678318,1,C5
transistor1,transistor1::transistor1_0071_NG_ZW,transistor1::transistor1_0071_NG_ZW,1,five_view_mean,0.39343929,0.32678318,1,C4
transistor1,transistor1::transistor1_0071_OK,transistor1::transistor1_0071_OK,0,five_view_mean,0.26003855,0.32678318,0,C3
transistor1,transistor1::transistor1_0072_NG_BX,transistor1::transistor1_0072_NG_BX,1,five_view_mean,0.42931595,0.32678318,1,C3
transistor1,transistor1::transistor1_0072_NG_QS,transistor1::transistor1_0072_NG_QS,1,five_view_mean,0.30646318,0.32678318,0,C3
transistor1,transistor1::transistor1_0072_NG_ZW,transistor1::transistor1_0072_NG_ZW,1,five_view_mean,0.35765472,0.32678318,1,C4
transistor1,transistor1::transistor1_0073_NG_BX,transistor1::transistor1_0073_NG_BX,1,five_view_mean,0.37367374,0.32678318,1,C3
transistor1,transistor1::transistor1_0073_NG_QS,transistor1::transistor1_0073_NG_QS,1,five_view_mean,0.33907109,0.32678318,1,C3
transistor1,transistor1::transistor1_0073_NG_ZW,transistor1::transistor1_0073_NG_ZW,1,five_view_mean,0.35734835,0.32678318,1,C4
transistor1,transistor1::transistor1_0073_OK,transistor1::transistor1_0073_OK,0,five_view_mean,0.26331466,0.32678318,0,C3
transistor1,transistor1::transistor1_0074_NG_BX,transistor1::transistor1_0074_NG_BX,1,five_view_mean,0.39838672,0.32678318,1,C3
transistor1,transistor1::transistor1_0074_NG_QS,transistor1::transistor1_0074_NG_QS,1,five_view_mean,0.37706223,0.32678318,1,C5
transistor1,transistor1::transistor1_0074_NG_ZW,transistor1::transistor1_0074_NG_ZW,1,five_view_mean,0.43752918,0.32678318,1,C4
transistor1,transistor1::transistor1_0075_NG_BX,transistor1::transistor1_0075_NG_BX,1,five_view_mean,0.39662698,0.32678318,1,C3
transistor1,transistor1::transistor1_0075_NG_QS,transistor1::transistor1_0075_NG_QS,1,five_view_mean,0.34035218,0.32678318,1,C3
transistor1,transistor1::transistor1_0075_NG_ZW,transistor1::transistor1_0075_NG_ZW,1,five_view_mean,0.59105140,0.32678318,1,C3
transistor1,transistor1::transistor1_0076_NG_BX,transistor1::transistor1_0076_NG_BX,1,five_view_mean,0.36008313,0.32678318,1,C5
transistor1,transistor1::transistor1_0076_NG_QS,transistor1::transistor1_0076_NG_QS,1,five_view_mean,0.34643063,0.32678318,1,C3
transistor1,transistor1::transistor1_0076_NG_ZW,transistor1::transistor1_0076_NG_ZW,1,five_view_mean,0.35784799,0.32678318,1,C4
transistor1,transistor1::transistor1_0077_NG_BX,transistor1::transistor1_0077_NG_BX,1,five_view_mean,0.41224876,0.32678318,1,C5
transistor1,transistor1::transistor1_0077_NG_QS,transistor1::transistor1_0077_NG_QS,1,five_view_mean,0.37640253,0.32678318,1,C3
transistor1,transistor1::transistor1_0077_NG_ZW,transistor1::transistor1_0077_NG_ZW,1,five_view_mean,0.32274956,0.32678318,0,C4
transistor1,transistor1::transistor1_0077_OK,transistor1::transistor1_0077_OK,0,five_view_mean,0.30324131,0.32678318,0,C4
transistor1,transistor1::transistor1_0078_NG_BX,transistor1::transistor1_0078_NG_BX,1,five_view_mean,0.40432286,0.32678318,1,C3
transistor1,transistor1::transistor1_0078_NG_QS,transistor1::transistor1_0078_NG_QS,1,five_view_mean,0.32661033,0.32678318,0,C5
transistor1,transistor1::transistor1_0078_NG_ZW,transistor1::transistor1_0078_NG_ZW,1,five_view_mean,0.35010955,0.32678318,1,C4
transistor1,transistor1::transistor1_0079_NG_BX,transistor1::transistor1_0079_NG_BX,1,five_view_mean,0.38838249,0.32678318,1,C3
transistor1,transistor1::transistor1_0079_NG_QS,transistor1::transistor1_0079_NG_QS,1,five_view_mean,0.36103231,0.32678318,1,C3
transistor1,transistor1::transistor1_0079_NG_ZW,transistor1::transistor1_0079_NG_ZW,1,five_view_mean,0.38502389,0.32678318,1,C2
transistor1,transistor1::transistor1_0079_OK,transistor1::transistor1_0079_OK,0,five_view_mean,0.26530164,0.32678318,0,C1
transistor1,transistor1::transistor1_0080_NG_BX,transistor1::transistor1_0080_NG_BX,1,five_view_mean,0.38914794,0.32678318,1,C5
transistor1,transistor1::transistor1_0080_NG_QS,transistor1::transistor1_0080_NG_QS,1,five_view_mean,0.33326775,0.32678318,1,C4
transistor1,transistor1::transistor1_0080_NG_ZW,transistor1::transistor1_0080_NG_ZW,1,five_view_mean,0.35620767,0.32678318,1,C2
transistor1,transistor1::transistor1_0080_OK,transistor1::transistor1_0080_OK,0,five_view_mean,0.25377825,0.32678318,0,C5
transistor1,transistor1::transistor1_0081_NG_BX,transistor1::transistor1_0081_NG_BX,1,five_view_mean,0.40432841,0.32678318,1,C3
transistor1,transistor1::transistor1_0081_NG_QS,transistor1::transistor1_0081_NG_QS,1,five_view_mean,0.35392639,0.32678318,1,C5
transistor1,transistor1::transistor1_0081_NG_ZW,transistor1::transistor1_0081_NG_ZW,1,five_view_mean,0.33773452,0.32678318,1,C4
transistor1,transistor1::transistor1_0081_OK,transistor1::transistor1_0081_OK,0,five_view_mean,0.24979508,0.32678318,0,C5
transistor1,transistor1::transistor1_0082_NG_BX,transistor1::transistor1_0082_NG_BX,1,five_view_mean,0.41223174,0.32678318,1,C3
transistor1,transistor1::transistor1_0082_NG_QS,transistor1::transistor1_0082_NG_QS,1,five_view_mean,0.36781946,0.32678318,1,C5
transistor1,transistor1::transistor1_0082_NG_ZW,transistor1::transistor1_0082_NG_ZW,1,five_view_mean,0.50437516,0.32678318,1,C3
transistor1,transistor1::transistor1_0083_NG_BX,transistor1::transistor1_0083_NG_BX,1,five_view_mean,0.41035613,0.32678318,1,C3
transistor1,transistor1::transistor1_0083_NG_QS,transistor1::transistor1_0083_NG_QS,1,five_view_mean,0.35325563,0.32678318,1,C3
transistor1,transistor1::transistor1_0083_NG_ZW,transistor1::transistor1_0083_NG_ZW,1,five_view_mean,0.57593554,0.32678318,1,C3
transistor1,transistor1::transistor1_0084_NG_BX,transistor1::transistor1_0084_NG_BX,1,five_view_mean,0.40970510,0.32678318,1,C3
transistor1,transistor1::transistor1_0084_NG_QS,transistor1::transistor1_0084_NG_QS,1,five_view_mean,0.35064343,0.32678318,1,C3
transistor1,transistor1::transistor1_0084_NG_ZW,transistor1::transistor1_0084_NG_ZW,1,five_view_mean,0.35982543,0.32678318,1,C2
transistor1,transistor1::transistor1_0084_OK,transistor1::transistor1_0084_OK,0,five_view_mean,0.29698381,0.32678318,0,C2
transistor1,transistor1::transistor1_0085_NG_BX,transistor1::transistor1_0085_NG_BX,1,five_view_mean,0.38765386,0.32678318,1,C3
transistor1,transistor1::transistor1_0085_NG_QS,transistor1::transistor1_0085_NG_QS,1,five_view_mean,0.36183375,0.32678318,1,C2
transistor1,transistor1::transistor1_0085_NG_ZW,transistor1::transistor1_0085_NG_ZW,1,five_view_mean,0.34282428,0.32678318,1,C4
transistor1,transistor1::transistor1_0085_OK,transistor1::transistor1_0085_OK,0,five_view_mean,0.27617329,0.32678318,0,C2
transistor1,transistor1::transistor1_0086_NG_BX,transistor1::transistor1_0086_NG_BX,1,five_view_mean,0.39698136,0.32678318,1,C3
transistor1,transistor1::transistor1_0086_NG_QS,transistor1::transistor1_0086_NG_QS,1,five_view_mean,0.32535657,0.32678318,0,C1
transistor1,transistor1::transistor1_0086_NG_ZW,transistor1::transistor1_0086_NG_ZW,1,five_view_mean,0.37813705,0.32678318,1,C2
transistor1,transistor1::transistor1_0086_OK,transistor1::transistor1_0086_OK,0,five_view_mean,0.26732704,0.32678318,0,C1
transistor1,transistor1::transistor1_0087_NG_BX,transistor1::transistor1_0087_NG_BX,1,five_view_mean,0.42032233,0.32678318,1,C5
transistor1,transistor1::transistor1_0087_NG_QS,transistor1::transistor1_0087_NG_QS,1,five_view_mean,0.31167632,0.32678318,0,C3
transistor1,transistor1::transistor1_0087_NG_ZW,transistor1::transistor1_0087_NG_ZW,1,five_view_mean,0.55051363,0.32678318,1,C3
transistor1,transistor1::transistor1_0088_NG_BX,transistor1::transistor1_0088_NG_BX,1,five_view_mean,0.41461357,0.32678318,1,C3
transistor1,transistor1::transistor1_0088_NG_QS,transistor1::transistor1_0088_NG_QS,1,five_view_mean,0.38613915,0.32678318,1,C3
transistor1,transistor1::transistor1_0088_NG_ZW,transistor1::transistor1_0088_NG_ZW,1,five_view_mean,0.35472122,0.32678318,1,C4
transistor1,transistor1::transistor1_0088_OK,transistor1::transistor1_0088_OK,0,five_view_mean,0.25147867,0.32678318,0,C1
transistor1,transistor1::transistor1_0089_NG_BX,transistor1::transistor1_0089_NG_BX,1,five_view_mean,0.38034558,0.32678318,1,C2
transistor1,transistor1::transistor1_0089_NG_QS,transistor1::transistor1_0089_NG_QS,1,five_view_mean,0.36102882,0.32678318,1,C5
transistor1,transistor1::transistor1_0089_NG_ZW,transistor1::transistor1_0089_NG_ZW,1,five_view_mean,0.34624705,0.32678318,1,C2
transistor1,transistor1::transistor1_0089_OK,transistor1::transistor1_0089_OK,0,five_view_mean,0.27094927,0.32678318,0,C1
transistor1,transistor1::transistor1_0090_NG_BX,transistor1::transistor1_0090_NG_BX,1,five_view_mean,0.40946132,0.32678318,1,C5
transistor1,transistor1::transistor1_0090_NG_QS,transistor1::transistor1_0090_NG_QS,1,five_view_mean,0.36886826,0.32678318,1,C3
transistor1,transistor1::transistor1_0090_NG_ZW,transistor1::transistor1_0090_NG_ZW,1,five_view_mean,0.56964028,0.32678318,1,C3
transistor1,transistor1::transistor1_0091_NG_BX,transistor1::transistor1_0091_NG_BX,1,five_view_mean,0.43399191,0.32678318,1,C3
transistor1,transistor1::transistor1_0091_NG_QS,transistor1::transistor1_0091_NG_QS,1,five_view_mean,0.31060115,0.32678318,0,C1
transistor1,transistor1::transistor1_0091_NG_ZW,transistor1::transistor1_0091_NG_ZW,1,five_view_mean,0.36005193,0.32678318,1,C2
transistor1,transistor1::transistor1_0091_OK,transistor1::transistor1_0091_OK,0,five_view_mean,0.24923153,0.32678318,0,C1
transistor1,transistor1::transistor1_0092_NG_BX,transistor1::transistor1_0092_NG_BX,1,five_view_mean,0.41995391,0.32678318,1,C3
transistor1,transistor1::transistor1_0092_NG_QS,transistor1::transistor1_0092_NG_QS,1,five_view_mean,0.33328623,0.32678318,1,C5
transistor1,transistor1::transistor1_0092_NG_ZW,transistor1::transistor1_0092_NG_ZW,1,five_view_mean,0.33351678,0.32678318,1,C4
transistor1,transistor1::transistor1_0092_OK,transistor1::transistor1_0092_OK,0,five_view_mean,0.26089305,0.32678318,0,C1
transistor1,transistor1::transistor1_0093_NG_BX,transistor1::transistor1_0093_NG_BX,1,five_view_mean,0.40122929,0.32678318,1,C3
transistor1,transistor1::transistor1_0093_NG_QS,transistor1::transistor1_0093_NG_QS,1,five_view_mean,0.38235658,0.32678318,1,C3
transistor1,transistor1::transistor1_0093_NG_ZW,transistor1::transistor1_0093_NG_ZW,1,five_view_mean,0.43819171,0.32678318,1,C3
transistor1,transistor1::transistor1_0093_OK,transistor1::transistor1_0093_OK,0,five_view_mean,0.26891875,0.32678318,0,C1
transistor1,transistor1::transistor1_0094_NG_BX,transistor1::transistor1_0094_NG_BX,1,five_view_mean,0.37580812,0.32678318,1,C3
transistor1,transistor1::transistor1_0094_NG_QS,transistor1::transistor1_0094_NG_QS,1,five_view_mean,0.34442800,0.32678318,1,C5
transistor1,transistor1::transistor1_0094_NG_ZW,transistor1::transistor1_0094_NG_ZW,1,five_view_mean,0.39817637,0.32678318,1,C2
transistor1,transistor1::transistor1_0094_OK,transistor1::transistor1_0094_OK,0,five_view_mean,0.25427204,0.32678318,0,C1
transistor1,transistor1::transistor1_0095_NG_BX,transistor1::transistor1_0095_NG_BX,1,five_view_mean,0.42140371,0.32678318,1,C3
transistor1,transistor1::transistor1_0095_NG_QS,transistor1::transistor1_0095_NG_QS,1,five_view_mean,0.31492797,0.32678318,0,C3
transistor1,transistor1::transistor1_0095_NG_ZW,transistor1::transistor1_0095_NG_ZW,1,five_view_mean,0.38553888,0.32678318,1,C4
transistor1,transistor1::transistor1_0095_OK,transistor1::transistor1_0095_OK,0,five_view_mean,0.27447298,0.32678318,0,C1
transistor1,transistor1::transistor1_0096_NG_BX,transistor1::transistor1_0096_NG_BX,1,five_view_mean,0.40895361,0.32678318,1,C3
transistor1,transistor1::transistor1_0096_NG_QS,transistor1::transistor1_0096_NG_QS,1,five_view_mean,0.36360219,0.32678318,1,C5
transistor1,transistor1::transistor1_0096_NG_ZW,transistor1::transistor1_0096_NG_ZW,1,five_view_mean,0.37176672,0.32678318,1,C2
transistor1,transistor1::transistor1_0096_OK,transistor1::transistor1_0096_OK,0,five_view_mean,0.26501030,0.32678318,0,C1
transistor1,transistor1::transistor1_0097_NG_BX,transistor1::transistor1_0097_NG_BX,1,five_view_mean,0.40167299,0.32678318,1,C3
transistor1,transistor1::transistor1_0097_NG_QS,transistor1::transistor1_0097_NG_QS,1,five_view_mean,0.34670985,0.32678318,1,C3
transistor1,transistor1::transistor1_0097_NG_ZW,transistor1::transistor1_0097_NG_ZW,1,five_view_mean,0.38714334,0.32678318,1,C5
transistor1,transistor1::transistor1_0097_OK,transistor1::transistor1_0097_OK,0,five_view_mean,0.29453701,0.32678318,0,C1
transistor1,transistor1::transistor1_0098_NG_BX,transistor1::transistor1_0098_NG_BX,1,five_view_mean,0.39827123,0.32678318,1,C3
transistor1,transistor1::transistor1_0098_NG_QS,transistor1::transistor1_0098_NG_QS,1,five_view_mean,0.38028201,0.32678318,1,C3
transistor1,transistor1::transistor1_0098_NG_ZW,transistor1::transistor1_0098_NG_ZW,1,five_view_mean,0.35041788,0.32678318,1,C5
transistor1,transistor1::transistor1_0098_OK,transistor1::transistor1_0098_OK,0,five_view_mean,0.26727539,0.32678318,0,C2
transistor1,transistor1::transistor1_0099_NG_BX,transistor1::transistor1_0099_NG_BX,1,five_view_mean,0.39757043,0.32678318,1,C3
transistor1,transistor1::transistor1_0099_NG_QS,transistor1::transistor1_0099_NG_QS,1,five_view_mean,0.33697900,0.32678318,1,C3
transistor1,transistor1::transistor1_0099_NG_ZW,transistor1::transistor1_0099_NG_ZW,1,five_view_mean,0.36664230,0.32678318,1,C2
transistor1,transistor1::transistor1_0100_NG_BX,transistor1::transistor1_0100_NG_BX,1,five_view_mean,0.36499590,0.32678318,1,C2
transistor1,transistor1::transistor1_0100_NG_QS,transistor1::transistor1_0100_NG_QS,1,five_view_mean,0.35199791,0.32678318,1,C3
transistor1,transistor1::transistor1_0100_NG_ZW,transistor1::transistor1_0100_NG_ZW,1,five_view_mean,0.32713810,0.32678318,1,C1
transistor1,transistor1::transistor1_0100_OK,transistor1::transistor1_0100_OK,0,five_view_mean,0.25952226,0.32678318,0,C3
transistor1,transistor1::transistor1_0101_NG_BX,transistor1::transistor1_0101_NG_BX,1,five_view_mean,0.36997470,0.32678318,1,C3
transistor1,transistor1::transistor1_0101_NG_QS,transistor1::transistor1_0101_NG_QS,1,five_view_mean,0.32987157,0.32678318,1,C5
transistor1,transistor1::transistor1_0101_NG_ZW,transistor1::transistor1_0101_NG_ZW,1,five_view_mean,0.42781267,0.32678318,1,C4
transistor1,transistor1::transistor1_0101_OK,transistor1::transistor1_0101_OK,0,five_view_mean,0.26460090,0.32678318,0,C5
transistor1,transistor1::transistor1_0102_NG_BX,transistor1::transistor1_0102_NG_BX,1,five_view_mean,0.40671310,0.32678318,1,C3
transistor1,transistor1::transistor1_0102_NG_QS,transistor1::transistor1_0102_NG_QS,1,five_view_mean,0.35081011,0.32678318,1,C5
transistor1,transistor1::transistor1_0102_NG_ZW,transistor1::transistor1_0102_NG_ZW,1,five_view_mean,0.54953343,0.32678318,1,C3
transistor1,transistor1::transistor1_0103_NG_BX,transistor1::transistor1_0103_NG_BX,1,five_view_mean,0.40078822,0.32678318,1,C3
transistor1,transistor1::transistor1_0103_NG_QS,transistor1::transistor1_0103_NG_QS,1,five_view_mean,0.40340883,0.32678318,1,C5
transistor1,transistor1::transistor1_0103_NG_ZW,transistor1::transistor1_0103_NG_ZW,1,five_view_mean,0.40271801,0.32678318,1,C4
transistor1,transistor1::transistor1_0104_NG_BX,transistor1::transistor1_0104_NG_BX,1,five_view_mean,0.37616038,0.32678318,1,C4
transistor1,transistor1::transistor1_0104_NG_QS,transistor1::transistor1_0104_NG_QS,1,five_view_mean,0.40192351,0.32678318,1,C3
transistor1,transistor1::transistor1_0104_NG_ZW,transistor1::transistor1_0104_NG_ZW,1,five_view_mean,0.56094718,0.32678318,1,C2
transistor1,transistor1::transistor1_0105_NG_BX,transistor1::transistor1_0105_NG_BX,1,five_view_mean,0.35819784,0.32678318,1,C4
transistor1,transistor1::transistor1_0105_NG_QS,transistor1::transistor1_0105_NG_QS,1,five_view_mean,0.33413455,0.32678318,1,C5
transistor1,transistor1::transistor1_0105_NG_ZW,transistor1::transistor1_0105_NG_ZW,1,five_view_mean,0.35716718,0.32678318,1,C1
transistor1,transistor1::transistor1_0105_OK,transistor1::transistor1_0105_OK,0,five_view_mean,0.24664979,0.32678318,0,C5
transistor1,transistor1::transistor1_0106_NG_BX,transistor1::transistor1_0106_NG_BX,1,five_view_mean,0.38421178,0.32678318,1,C4
transistor1,transistor1::transistor1_0106_NG_QS,transistor1::transistor1_0106_NG_QS,1,five_view_mean,0.31656784,0.32678318,0,C3
transistor1,transistor1::transistor1_0106_NG_ZW,transistor1::transistor1_0106_NG_ZW,1,five_view_mean,0.37976050,0.32678318,1,C4
transistor1,transistor1::transistor1_0106_OK,transistor1::transistor1_0106_OK,0,five_view_mean,0.25729996,0.32678318,0,C1
transistor1,transistor1::transistor1_0107_NG_BX,transistor1::transistor1_0107_NG_BX,1,five_view_mean,0.41189900,0.32678318,1,C3
transistor1,transistor1::transistor1_0107_NG_QS,transistor1::transistor1_0107_NG_QS,1,five_view_mean,0.37259823,0.32678318,1,C3
transistor1,transistor1::transistor1_0107_NG_ZW,transistor1::transistor1_0107_NG_ZW,1,five_view_mean,0.35408574,0.32678318,1,C2
transistor1,transistor1::transistor1_0108_NG_BX,transistor1::transistor1_0108_NG_BX,1,five_view_mean,0.33325619,0.32678318,1,C2
transistor1,transistor1::transistor1_0108_NG_QS,transistor1::transistor1_0108_NG_QS,1,five_view_mean,0.34557289,0.32678318,1,C5
transistor1,transistor1::transistor1_0108_NG_ZW,transistor1::transistor1_0108_NG_ZW,1,five_view_mean,0.34708533,0.32678318,1,C2
transistor1,transistor1::transistor1_0108_OK,transistor1::transistor1_0108_OK,0,five_view_mean,0.26113456,0.32678318,0,C2
transistor1,transistor1::transistor1_0109_NG_BX,transistor1::transistor1_0109_NG_BX,1,five_view_mean,0.40550464,0.32678318,1,C3
transistor1,transistor1::transistor1_0109_NG_QS,transistor1::transistor1_0109_NG_QS,1,five_view_mean,0.33313569,0.32678318,1,C4
transistor1,transistor1::transistor1_0109_NG_ZW,transistor1::transistor1_0109_NG_ZW,1,five_view_mean,0.38143873,0.32678318,1,C2
transistor1,transistor1::transistor1_0110_NG_BX,transistor1::transistor1_0110_NG_BX,1,five_view_mean,0.41393334,0.32678318,1,C3
transistor1,transistor1::transistor1_0110_NG_QS,transistor1::transistor1_0110_NG_QS,1,five_view_mean,0.34299469,0.32678318,1,C5
transistor1,transistor1::transistor1_0110_NG_ZW,transistor1::transistor1_0110_NG_ZW,1,five_view_mean,0.41414610,0.32678318,1,C4
transistor1,transistor1::transistor1_0111_NG_BX,transistor1::transistor1_0111_NG_BX,1,five_view_mean,0.37499902,0.32678318,1,C4
transistor1,transistor1::transistor1_0111_NG_QS,transistor1::transistor1_0111_NG_QS,1,five_view_mean,0.36321625,0.32678318,1,C3
transistor1,transistor1::transistor1_0111_NG_ZW,transistor1::transistor1_0111_NG_ZW,1,five_view_mean,0.39151722,0.32678318,1,C4
transistor1,transistor1::transistor1_0112_NG_BX,transistor1::transistor1_0112_NG_BX,1,five_view_mean,0.41150990,0.32678318,1,C5
transistor1,transistor1::transistor1_0112_NG_QS,transistor1::transistor1_0112_NG_QS,1,five_view_mean,0.35235453,0.32678318,1,C5
transistor1,transistor1::transistor1_0112_NG_ZW,transistor1::transistor1_0112_NG_ZW,1,five_view_mean,0.35517767,0.32678318,1,C5
transistor1,transistor1::transistor1_0113_NG_BX,transistor1::transistor1_0113_NG_BX,1,five_view_mean,0.40041909,0.32678318,1,C3
transistor1,transistor1::transistor1_0113_NG_QS,transistor1::transistor1_0113_NG_QS,1,five_view_mean,0.29716182,0.32678318,0,C5
transistor1,transistor1::transistor1_0113_NG_ZW,transistor1::transistor1_0113_NG_ZW,1,five_view_mean,0.33141527,0.32678318,1,C4
transistor1,transistor1::transistor1_0114_NG_BX,transistor1::transistor1_0114_NG_BX,1,five_view_mean,0.39681214,0.32678318,1,C3
transistor1,transistor1::transistor1_0114_NG_QS,transistor1::transistor1_0114_NG_QS,1,five_view_mean,0.34470618,0.32678318,1,C5
transistor1,transistor1::transistor1_0114_NG_ZW,transistor1::transistor1_0114_NG_ZW,1,five_view_mean,0.32978758,0.32678318,1,C4
transistor1,transistor1::transistor1_0114_OK,transistor1::transistor1_0114_OK,0,five_view_mean,0.25445804,0.32678318,0,C1
transistor1,transistor1::transistor1_0115_NG_BX,transistor1::transistor1_0115_NG_BX,1,five_view_mean,0.39502206,0.32678318,1,C3
transistor1,transistor1::transistor1_0115_NG_QS,transistor1::transistor1_0115_NG_QS,1,five_view_mean,0.30017236,0.32678318,0,C4
transistor1,transistor1::transistor1_0115_NG_ZW,transistor1::transistor1_0115_NG_ZW,1,five_view_mean,0.35722584,0.32678318,1,C2
transistor1,transistor1::transistor1_0116_NG_BX,transistor1::transistor1_0116_NG_BX,1,five_view_mean,0.40200815,0.32678318,1,C3
transistor1,transistor1::transistor1_0116_NG_QS,transistor1::transistor1_0116_NG_QS,1,five_view_mean,0.29624933,0.32678318,0,C5
transistor1,transistor1::transistor1_0116_NG_ZW,transistor1::transistor1_0116_NG_ZW,1,five_view_mean,0.43596140,0.32678318,1,C3
transistor1,transistor1::transistor1_0116_OK,transistor1::transistor1_0116_OK,0,five_view_mean,0.26060644,0.32678318,0,C2
transistor1,transistor1::transistor1_0117_NG_BX,transistor1::transistor1_0117_NG_BX,1,five_view_mean,0.38258958,0.32678318,1,C4
transistor1,transistor1::transistor1_0117_NG_QS,transistor1::transistor1_0117_NG_QS,1,five_view_mean,0.37160176,0.32678318,1,C5
transistor1,transistor1::transistor1_0117_NG_ZW,transistor1::transistor1_0117_NG_ZW,1,five_view_mean,0.33941898,0.32678318,1,C4
transistor1,transistor1::transistor1_0117_OK,transistor1::transistor1_0117_OK,0,five_view_mean,0.25917774,0.32678318,0,C1
transistor1,transistor1::transistor1_0118_NG_BX,transistor1::transistor1_0118_NG_BX,1,five_view_mean,0.35948908,0.32678318,1,C5
transistor1,transistor1::transistor1_0118_NG_QS,transistor1::transistor1_0118_NG_QS,1,five_view_mean,0.29138678,0.32678318,0,C4
transistor1,transistor1::transistor1_0118_NG_ZW,transistor1::transistor1_0118_NG_ZW,1,five_view_mean,0.31619185,0.32678318,0,C3
transistor1,transistor1::transistor1_0119_NG_BX,transistor1::transistor1_0119_NG_BX,1,five_view_mean,0.40437335,0.32678318,1,C3
transistor1,transistor1::transistor1_0119_NG_QS,transistor1::transistor1_0119_NG_QS,1,five_view_mean,0.37653631,0.32678318,1,C4
transistor1,transistor1::transistor1_0119_NG_ZW,transistor1::transistor1_0119_NG_ZW,1,five_view_mean,0.33202082,0.32678318,1,C4
transistor1,transistor1::transistor1_0119_OK,transistor1::transistor1_0119_OK,0,five_view_mean,0.30133075,0.32678318,0,C5
transistor1,transistor1::transistor1_0120_NG_BX,transistor1::transistor1_0120_NG_BX,1,five_view_mean,0.39220557,0.32678318,1,C3
transistor1,transistor1::transistor1_0120_NG_QS,transistor1::transistor1_0120_NG_QS,1,five_view_mean,0.29562888,0.32678318,0,C3
transistor1,transistor1::transistor1_0120_NG_ZW,transistor1::transistor1_0120_NG_ZW,1,five_view_mean,0.56194448,0.32678318,1,C3
transistor1,transistor1::transistor1_0121_NG_BX,transistor1::transistor1_0121_NG_BX,1,five_view_mean,0.40979043,0.32678318,1,C3
transistor1,transistor1::transistor1_0121_NG_QS,transistor1::transistor1_0121_NG_QS,1,five_view_mean,0.35370511,0.32678318,1,C5
transistor1,transistor1::transistor1_0121_NG_ZW,transistor1::transistor1_0121_NG_ZW,1,five_view_mean,0.33971101,0.32678318,1,C2
transistor1,transistor1::transistor1_0122_NG_BX,transistor1::transistor1_0122_NG_BX,1,five_view_mean,0.39877057,0.32678318,1,C3
transistor1,transistor1::transistor1_0122_NG_QS,transistor1::transistor1_0122_NG_QS,1,five_view_mean,0.37316114,0.32678318,1,C3
transistor1,transistor1::transistor1_0122_NG_ZW,transistor1::transistor1_0122_NG_ZW,1,five_view_mean,0.30593833,0.32678318,0,C1
transistor1,transistor1::transistor1_0123_NG_BX,transistor1::transistor1_0123_NG_BX,1,five_view_mean,0.40544549,0.32678318,1,C3
transistor1,transistor1::transistor1_0123_NG_QS,transistor1::transistor1_0123_NG_QS,1,five_view_mean,0.30926955,0.32678318,0,C5
transistor1,transistor1::transistor1_0123_NG_ZW,transistor1::transistor1_0123_NG_ZW,1,five_view_mean,0.38262841,0.32678318,1,C4
transistor1,transistor1::transistor1_0124_NG_BX,transistor1::transistor1_0124_NG_BX,1,five_view_mean,0.42275935,0.32678318,1,C3
transistor1,transistor1::transistor1_0124_NG_QS,transistor1::transistor1_0124_NG_QS,1,five_view_mean,0.31444749,0.32678318,0,C4
transistor1,transistor1::transistor1_0124_NG_ZW,transistor1::transistor1_0124_NG_ZW,1,five_view_mean,0.47096676,0.32678318,1,C3
transistor1,transistor1::transistor1_0125_NG_BX,transistor1::transistor1_0125_NG_BX,1,five_view_mean,0.38874334,0.32678318,1,C3
transistor1,transistor1::transistor1_0125_NG_QS,transistor1::transistor1_0125_NG_QS,1,five_view_mean,0.37545249,0.32678318,1,C2
transistor1,transistor1::transistor1_0125_NG_ZW,transistor1::transistor1_0125_NG_ZW,1,five_view_mean,0.36145753,0.32678318,1,C4
transistor1,transistor1::transistor1_0126_NG_BX,transistor1::transistor1_0126_NG_BX,1,five_view_mean,0.36117595,0.32678318,1,C4
transistor1,transistor1::transistor1_0126_NG_QS,transistor1::transistor1_0126_NG_QS,1,five_view_mean,0.32199439,0.32678318,0,C3
transistor1,transistor1::transistor1_0126_NG_ZW,transistor1::transistor1_0126_NG_ZW,1,five_view_mean,0.58892399,0.32678318,1,C3
transistor1,transistor1::transistor1_0127_NG_BX,transistor1::transistor1_0127_NG_BX,1,five_view_mean,0.41536385,0.32678318,1,C3
transistor1,transistor1::transistor1_0127_NG_QS,transistor1::transistor1_0127_NG_QS,1,five_view_mean,0.33967033,0.32678318,1,C5
transistor1,transistor1::transistor1_0127_NG_ZW,transistor1::transistor1_0127_NG_ZW,1,five_view_mean,0.53160322,0.32678318,1,C3
transistor1,transistor1::transistor1_0127_OK,transistor1::transistor1_0127_OK,0,five_view_mean,0.25186515,0.32678318,0,C1
transistor1,transistor1::transistor1_0128_NG_BX,transistor1::transistor1_0128_NG_BX,1,five_view_mean,0.35503590,0.32678318,1,C4
transistor1,transistor1::transistor1_0128_NG_QS,transistor1::transistor1_0128_NG_QS,1,five_view_mean,0.35335407,0.32678318,1,C3
transistor1,transistor1::transistor1_0128_NG_ZW,transistor1::transistor1_0128_NG_ZW,1,five_view_mean,0.35882813,0.32678318,1,C4
transistor1,transistor1::transistor1_0128_OK,transistor1::transistor1_0128_OK,0,five_view_mean,0.27401084,0.32678318,0,C5
transistor1,transistor1::transistor1_0129_NG_BX,transistor1::transistor1_0129_NG_BX,1,five_view_mean,0.41290992,0.32678318,1,C2
transistor1,transistor1::transistor1_0129_NG_QS,transistor1::transistor1_0129_NG_QS,1,five_view_mean,0.35045278,0.32678318,1,C3
transistor1,transistor1::transistor1_0129_NG_ZW,transistor1::transistor1_0129_NG_ZW,1,five_view_mean,0.33695659,0.32678318,1,C2
transistor1,transistor1::transistor1_0130_NG_BX,transistor1::transistor1_0130_NG_BX,1,five_view_mean,0.41399965,0.32678318,1,C3
transistor1,transistor1::transistor1_0130_NG_QS,transistor1::transistor1_0130_NG_QS,1,five_view_mean,0.35678566,0.32678318,1,C3
transistor1,transistor1::transistor1_0130_NG_ZW,transistor1::transistor1_0130_NG_ZW,1,five_view_mean,0.38917011,0.32678318,1,C2
transistor1,transistor1::transistor1_0130_OK,transistor1::transistor1_0130_OK,0,five_view_mean,0.25140855,0.32678318,0,C3
transistor1,transistor1::transistor1_0131_NG_BX,transistor1::transistor1_0131_NG_BX,1,five_view_mean,0.36864081,0.32678318,1,C4
transistor1,transistor1::transistor1_0131_NG_QS,transistor1::transistor1_0131_NG_QS,1,five_view_mean,0.36948460,0.32678318,1,C2
transistor1,transistor1::transistor1_0131_NG_ZW,transistor1::transistor1_0131_NG_ZW,1,five_view_mean,0.54170859,0.32678318,1,C3
transistor1,transistor1::transistor1_0131_OK,transistor1::transistor1_0131_OK,0,five_view_mean,0.27600381,0.32678318,0,C5
transistor1,transistor1::transistor1_0132_NG_BX,transistor1::transistor1_0132_NG_BX,1,five_view_mean,0.41850796,0.32678318,1,C3
transistor1,transistor1::transistor1_0132_NG_QS,transistor1::transistor1_0132_NG_QS,1,five_view_mean,0.29467812,0.32678318,0,C3
transistor1,transistor1::transistor1_0132_NG_ZW,transistor1::transistor1_0132_NG_ZW,1,five_view_mean,0.33427653,0.32678318,1,C3
transistor1,transistor1::transistor1_0133_NG_BX,transistor1::transistor1_0133_NG_BX,1,five_view_mean,0.40108156,0.32678318,1,C3
transistor1,transistor1::transistor1_0133_NG_QS,transistor1::transistor1_0133_NG_QS,1,five_view_mean,0.32752293,0.32678318,1,C5
transistor1,transistor1::transistor1_0133_NG_ZW,transistor1::transistor1_0133_NG_ZW,1,five_view_mean,0.29700217,0.32678318,0,C4
transistor1,transistor1::transistor1_0133_OK,transistor1::transistor1_0133_OK,0,five_view_mean,0.25730696,0.32678318,0,C3
transistor1,transistor1::transistor1_0134_NG_BX,transistor1::transistor1_0134_NG_BX,1,five_view_mean,0.42849350,0.32678318,1,C3
transistor1,transistor1::transistor1_0134_NG_QS,transistor1::transistor1_0134_NG_QS,1,five_view_mean,0.36535528,0.32678318,1,C5
transistor1,transistor1::transistor1_0134_NG_ZW,transistor1::transistor1_0134_NG_ZW,1,five_view_mean,0.34906113,0.32678318,1,C4
transistor1,transistor1::transistor1_0134_OK,transistor1::transistor1_0134_OK,0,five_view_mean,0.25844637,0.32678318,0,C5
transistor1,transistor1::transistor1_0135_NG_BX,transistor1::transistor1_0135_NG_BX,1,five_view_mean,0.42381459,0.32678318,1,C3
transistor1,transistor1::transistor1_0135_NG_QS,transistor1::transistor1_0135_NG_QS,1,five_view_mean,0.33019805,0.32678318,1,C3
transistor1,transistor1::transistor1_0135_NG_ZW,transistor1::transistor1_0135_NG_ZW,1,five_view_mean,0.47202572,0.32678318,1,C2
transistor1,transistor1::transistor1_0135_OK,transistor1::transistor1_0135_OK,0,five_view_mean,0.27020198,0.32678318,0,C2
transistor1,transistor1::transistor1_0136_NG_BX,transistor1::transistor1_0136_NG_BX,1,five_view_mean,0.39533180,0.32678318,1,C3
transistor1,transistor1::transistor1_0136_NG_QS,transistor1::transistor1_0136_NG_QS,1,five_view_mean,0.33693630,0.32678318,1,C3
transistor1,transistor1::transistor1_0136_NG_ZW,transistor1::transistor1_0136_NG_ZW,1,five_view_mean,0.32141870,0.32678318,0,C2
transistor1,transistor1::transistor1_0136_OK,transistor1::transistor1_0136_OK,0,five_view_mean,0.26390547,0.32678318,0,C1
transistor1,transistor1::transistor1_0137_NG_BX,transistor1::transistor1_0137_NG_BX,1,five_view_mean,0.41374534,0.32678318,1,C5
transistor1,transistor1::transistor1_0137_NG_QS,transistor1::transistor1_0137_NG_QS,1,five_view_mean,0.32218817,0.32678318,0,C3
transistor1,transistor1::transistor1_0137_NG_ZW,transistor1::transistor1_0137_NG_ZW,1,five_view_mean,0.37469110,0.32678318,1,C5
transistor1,transistor1::transistor1_0137_OK,transistor1::transistor1_0137_OK,0,five_view_mean,0.26821694,0.32678318,0,C1
transistor1,transistor1::transistor1_0138_NG_BX,transistor1::transistor1_0138_NG_BX,1,five_view_mean,0.36527026,0.32678318,1,C3
transistor1,transistor1::transistor1_0138_NG_QS,transistor1::transistor1_0138_NG_QS,1,five_view_mean,0.36070192,0.32678318,1,C5
transistor1,transistor1::transistor1_0138_NG_ZW,transistor1::transistor1_0138_NG_ZW,1,five_view_mean,0.32151520,0.32678318,0,C1
transistor1,transistor1::transistor1_0138_OK,transistor1::transistor1_0138_OK,0,five_view_mean,0.26005167,0.32678318,0,C1
transistor1,transistor1::transistor1_0139_NG_BX,transistor1::transistor1_0139_NG_BX,1,five_view_mean,0.41606253,0.32678318,1,C3
transistor1,transistor1::transistor1_0139_NG_QS,transistor1::transistor1_0139_NG_QS,1,five_view_mean,0.33426914,0.32678318,1,C3
transistor1,transistor1::transistor1_0139_NG_ZW,transistor1::transistor1_0139_NG_ZW,1,five_view_mean,0.34320766,0.32678318,1,C3
transistor1,transistor1::transistor1_0139_OK,transistor1::transistor1_0139_OK,0,five_view_mean,0.25614601,0.32678318,0,C5
transistor1,transistor1::transistor1_0140_NG_BX,transistor1::transistor1_0140_NG_BX,1,five_view_mean,0.35612005,0.32678318,1,C2
transistor1,transistor1::transistor1_0140_NG_QS,transistor1::transistor1_0140_NG_QS,1,five_view_mean,0.35155645,0.32678318,1,C3
transistor1,transistor1::transistor1_0140_NG_ZW,transistor1::transistor1_0140_NG_ZW,1,five_view_mean,0.34267345,0.32678318,1,C4
transistor1,transistor1::transistor1_0140_OK,transistor1::transistor1_0140_OK,0,five_view_mean,0.26788673,0.32678318,0,C4
transistor1,transistor1::transistor1_0141_NG_BX,transistor1::transistor1_0141_NG_BX,1,five_view_mean,0.41106096,0.32678318,1,C3
transistor1,transistor1::transistor1_0141_NG_QS,transistor1::transistor1_0141_NG_QS,1,five_view_mean,0.29250926,0.32678318,0,C3
transistor1,transistor1::transistor1_0141_NG_ZW,transistor1::transistor1_0141_NG_ZW,1,five_view_mean,0.36116371,0.32678318,1,C4
transistor1,transistor1::transistor1_0142_NG_BX,transistor1::transistor1_0142_NG_BX,1,five_view_mean,0.38950029,0.32678318,1,C4
transistor1,transistor1::transistor1_0142_NG_QS,transistor1::transistor1_0142_NG_QS,1,five_view_mean,0.35348955,0.32678318,1,C3
transistor1,transistor1::transistor1_0142_NG_ZW,transistor1::transistor1_0142_NG_ZW,1,five_view_mean,0.33684739,0.32678318,1,C4
transistor1,transistor1::transistor1_0143_NG_BX,transistor1::transistor1_0143_NG_BX,1,five_view_mean,0.41457185,0.32678318,1,C3
transistor1,transistor1::transistor1_0143_NG_QS,transistor1::transistor1_0143_NG_QS,1,five_view_mean,0.30750659,0.32678318,0,C3
transistor1,transistor1::transistor1_0143_NG_ZW,transistor1::transistor1_0143_NG_ZW,1,five_view_mean,0.32191437,0.32678318,0,C1
transistor1,transistor1::transistor1_0143_OK,transistor1::transistor1_0143_OK,0,five_view_mean,0.30222082,0.32678318,0,C3
transistor1,transistor1::transistor1_0144_NG_BX,transistor1::transistor1_0144_NG_BX,1,five_view_mean,0.41088033,0.32678318,1,C3
transistor1,transistor1::transistor1_0144_NG_QS,transistor1::transistor1_0144_NG_QS,1,five_view_mean,0.34181899,0.32678318,1,C3
transistor1,transistor1::transistor1_0144_NG_ZW,transistor1::transistor1_0144_NG_ZW,1,five_view_mean,0.34811267,0.32678318,1,C1
transistor1,transistor1::transistor1_0144_OK,transistor1::transistor1_0144_OK,0,five_view_mean,0.26686615,0.32678318,0,C1
transistor1,transistor1::transistor1_0145_NG_BX,transistor1::transistor1_0145_NG_BX,1,five_view_mean,0.42073840,0.32678318,1,C5
transistor1,transistor1::transistor1_0145_NG_QS,transistor1::transistor1_0145_NG_QS,1,five_view_mean,0.36654824,0.32678318,1,C5
transistor1,transistor1::transistor1_0145_NG_ZW,transistor1::transistor1_0145_NG_ZW,1,five_view_mean,0.34721154,0.32678318,1,C2
transistor1,transistor1::transistor1_0146_NG_BX,transistor1::transistor1_0146_NG_BX,1,five_view_mean,0.40465277,0.32678318,1,C3
transistor1,transistor1::transistor1_0146_NG_QS,transistor1::transistor1_0146_NG_QS,1,five_view_mean,0.35754922,0.32678318,1,C3
transistor1,transistor1::transistor1_0146_NG_ZW,transistor1::transistor1_0146_NG_ZW,1,five_view_mean,0.57070661,0.32678318,1,C3
transistor1,transistor1::transistor1_0146_OK,transistor1::transistor1_0146_OK,0,five_view_mean,0.27306175,0.32678318,0,C4
transistor1,transistor1::transistor1_0147_NG_BX,transistor1::transistor1_0147_NG_BX,1,five_view_mean,0.36629581,0.32678318,1,C4
transistor1,transistor1::transistor1_0147_NG_QS,transistor1::transistor1_0147_NG_QS,1,five_view_mean,0.37259433,0.32678318,1,C5
transistor1,transistor1::transistor1_0147_NG_ZW,transistor1::transistor1_0147_NG_ZW,1,five_view_mean,0.36568102,0.32678318,1,C4
transistor1,transistor1::transistor1_0148_NG_BX,transistor1::transistor1_0148_NG_BX,1,five_view_mean,0.36193639,0.32678318,1,C4
transistor1,transistor1::transistor1_0148_NG_QS,transistor1::transistor1_0148_NG_QS,1,five_view_mean,0.38318539,0.32678318,1,C5
transistor1,transistor1::transistor1_0148_NG_ZW,transistor1::transistor1_0148_NG_ZW,1,five_view_mean,0.38640469,0.32678318,1,C4
transistor1,transistor1::transistor1_0148_OK,transistor1::transistor1_0148_OK,0,five_view_mean,0.26365632,0.32678318,0,C5
transistor1,transistor1::transistor1_0149_NG_BX,transistor1::transistor1_0149_NG_BX,1,five_view_mean,0.38882595,0.32678318,1,C3
transistor1,transistor1::transistor1_0149_NG_QS,transistor1::transistor1_0149_NG_QS,1,five_view_mean,0.35755268,0.32678318,1,C3
transistor1,transistor1::transistor1_0149_NG_ZW,transistor1::transistor1_0149_NG_ZW,1,five_view_mean,0.31996426,0.32678318,0,C1
transistor1,transistor1::transistor1_0149_OK,transistor1::transistor1_0149_OK,0,five_view_mean,0.28171474,0.32678318,0,C5
transistor1,transistor1::transistor1_0150_NG_BX,transistor1::transistor1_0150_NG_BX,1,five_view_mean,0.38625413,0.32678318,1,C3
transistor1,transistor1::transistor1_0150_NG_QS,transistor1::transistor1_0150_NG_QS,1,five_view_mean,0.33187413,0.32678318,1,C3
transistor1,transistor1::transistor1_0150_NG_ZW,transistor1::transistor1_0150_NG_ZW,1,five_view_mean,0.36451671,0.32678318,1,C1
transistor1,transistor1::transistor1_0150_OK,transistor1::transistor1_0150_OK,0,five_view_mean,0.27000862,0.32678318,0,C5
transistor1,transistor1::transistor1_0151_NG_BX,transistor1::transistor1_0151_NG_BX,1,five_view_mean,0.38738400,0.32678318,1,C4
transistor1,transistor1::transistor1_0151_NG_QS,transistor1::transistor1_0151_NG_QS,1,five_view_mean,0.36633480,0.32678318,1,C3
transistor1,transistor1::transistor1_0151_NG_ZW,transistor1::transistor1_0151_NG_ZW,1,five_view_mean,0.36825085,0.32678318,1,C4
transistor1,transistor1::transistor1_0151_OK,transistor1::transistor1_0151_OK,0,five_view_mean,0.27038306,0.32678318,0,C2
transistor1,transistor1::transistor1_0152_NG_BX,transistor1::transistor1_0152_NG_BX,1,five_view_mean,0.38360304,0.32678318,1,C3
transistor1,transistor1::transistor1_0152_NG_ZW,transistor1::transistor1_0152_NG_ZW,1,five_view_mean,0.33342397,0.32678318,1,C1
transistor1,transistor1::transistor1_0153_NG_BX,transistor1::transistor1_0153_NG_BX,1,five_view_mean,0.37887532,0.32678318,1,C3
transistor1,transistor1::transistor1_0153_NG_QS,transistor1::transistor1_0153_NG_QS,1,five_view_mean,0.31522310,0.32678318,0,C2
transistor1,transistor1::transistor1_0153_NG_ZW,transistor1::transistor1_0153_NG_ZW,1,five_view_mean,0.50337005,0.32678318,1,C3
transistor1,transistor1::transistor1_0153_OK,transistor1::transistor1_0153_OK,0,five_view_mean,0.29310951,0.32678318,0,C5
transistor1,transistor1::transistor1_0154_NG_BX,transistor1::transistor1_0154_NG_BX,1,five_view_mean,0.41094536,0.32678318,1,C5
transistor1,transistor1::transistor1_0154_NG_QS,transistor1::transistor1_0154_NG_QS,1,five_view_mean,0.33199126,0.32678318,1,C3
transistor1,transistor1::transistor1_0154_NG_ZW,transistor1::transistor1_0154_NG_ZW,1,five_view_mean,0.38470584,0.32678318,1,C2
transistor1,transistor1::transistor1_0155_NG_BX,transistor1::transistor1_0155_NG_BX,1,five_view_mean,0.39967436,0.32678318,1,C3
transistor1,transistor1::transistor1_0155_NG_QS,transistor1::transistor1_0155_NG_QS,1,five_view_mean,0.34311706,0.32678318,1,C5
transistor1,transistor1::transistor1_0155_NG_ZW,transistor1::transistor1_0155_NG_ZW,1,five_view_mean,0.37327310,0.32678318,1,C4
transistor1,transistor1::transistor1_0155_OK,transistor1::transistor1_0155_OK,0,five_view_mean,0.25982264,0.32678318,0,C5
transistor1,transistor1::transistor1_0156_NG_BX,transistor1::transistor1_0156_NG_BX,1,five_view_mean,0.39441645,0.32678318,1,C3
transistor1,transistor1::transistor1_0156_NG_QS,transistor1::transistor1_0156_NG_QS,1,five_view_mean,0.35337704,0.32678318,1,C3
transistor1,transistor1::transistor1_0156_NG_ZW,transistor1::transistor1_0156_NG_ZW,1,five_view_mean,0.36396456,0.32678318,1,C4
transistor1,transistor1::transistor1_0157_NG_BX,transistor1::transistor1_0157_NG_BX,1,five_view_mean,0.37410972,0.32678318,1,C2
transistor1,transistor1::transistor1_0157_NG_QS,transistor1::transistor1_0157_NG_QS,1,five_view_mean,0.35010082,0.32678318,1,C3
transistor1,transistor1::transistor1_0157_NG_ZW,transistor1::transistor1_0157_NG_ZW,1,five_view_mean,0.36946955,0.32678318,1,C4
transistor1,transistor1::transistor1_0158_NG_BX,transistor1::transistor1_0158_NG_BX,1,five_view_mean,0.41704020,0.32678318,1,C3
transistor1,transistor1::transistor1_0158_NG_QS,transistor1::transistor1_0158_NG_QS,1,five_view_mean,0.37517363,0.32678318,1,C3
transistor1,transistor1::transistor1_0158_NG_ZW,transistor1::transistor1_0158_NG_ZW,1,five_view_mean,0.34633344,0.32678318,1,C3
transistor1,transistor1::transistor1_0159_NG_BX,transistor1::transistor1_0159_NG_BX,1,five_view_mean,0.39157540,0.32678318,1,C3
transistor1,transistor1::transistor1_0159_NG_QS,transistor1::transistor1_0159_NG_QS,1,five_view_mean,0.39799088,0.32678318,1,C3
transistor1,transistor1::transistor1_0159_NG_ZW,transistor1::transistor1_0159_NG_ZW,1,five_view_mean,0.38039297,0.32678318,1,C5
transistor1,transistor1::transistor1_0159_OK,transistor1::transistor1_0159_OK,0,five_view_mean,0.27061251,0.32678318,0,C3
transistor1,transistor1::transistor1_0160_NG_BX,transistor1::transistor1_0160_NG_BX,1,five_view_mean,0.37956986,0.32678318,1,C3
transistor1,transistor1::transistor1_0160_NG_QS,transistor1::transistor1_0160_NG_QS,1,five_view_mean,0.30861112,0.32678318,0,C3
transistor1,transistor1::transistor1_0160_NG_ZW,transistor1::transistor1_0160_NG_ZW,1,five_view_mean,0.34476489,0.32678318,1,C4
transistor1,transistor1::transistor1_0161_NG_BX,transistor1::transistor1_0161_NG_BX,1,five_view_mean,0.38091391,0.32678318,1,C3
transistor1,transistor1::transistor1_0161_NG_QS,transistor1::transistor1_0161_NG_QS,1,five_view_mean,0.37505788,0.32678318,1,C3
transistor1,transistor1::transistor1_0161_NG_ZW,transistor1::transistor1_0161_NG_ZW,1,five_view_mean,0.34399551,0.32678318,1,C1
transistor1,transistor1::transistor1_0161_OK,transistor1::transistor1_0161_OK,0,five_view_mean,0.26753956,0.32678318,0,C5
transistor1,transistor1::transistor1_0162_NG_BX,transistor1::transistor1_0162_NG_BX,1,five_view_mean,0.40800351,0.32678318,1,C3
transistor1,transistor1::transistor1_0162_NG_QS,transistor1::transistor1_0162_NG_QS,1,five_view_mean,0.35498133,0.32678318,1,C3
transistor1,transistor1::transistor1_0162_NG_ZW,transistor1::transistor1_0162_NG_ZW,1,five_view_mean,0.47247076,0.32678318,1,C1
transistor1,transistor1::transistor1_0163_NG_BX,transistor1::transistor1_0163_NG_BX,1,five_view_mean,0.41094279,0.32678318,1,C3
transistor1,transistor1::transistor1_0163_NG_QS,transistor1::transistor1_0163_NG_QS,1,five_view_mean,0.36500335,0.32678318,1,C4
transistor1,transistor1::transistor1_0163_NG_ZW,transistor1::transistor1_0163_NG_ZW,1,five_view_mean,0.40631908,0.32678318,1,C3
transistor1,transistor1::transistor1_0164_NG_BX,transistor1::transistor1_0164_NG_BX,1,five_view_mean,0.39033598,0.32678318,1,C3
transistor1,transistor1::transistor1_0164_NG_QS,transistor1::transistor1_0164_NG_QS,1,five_view_mean,0.36435515,0.32678318,1,C3
transistor1,transistor1::transistor1_0164_NG_ZW,transistor1::transistor1_0164_NG_ZW,1,five_view_mean,0.42564097,0.32678318,1,C4
transistor1,transistor1::transistor1_0165_NG_BX,transistor1::transistor1_0165_NG_BX,1,five_view_mean,0.39004636,0.32678318,1,C3
transistor1,transistor1::transistor1_0165_NG_QS,transistor1::transistor1_0165_NG_QS,1,five_view_mean,0.35861564,0.32678318,1,C3
transistor1,transistor1::transistor1_0165_NG_ZW,transistor1::transistor1_0165_NG_ZW,1,five_view_mean,0.32640743,0.32678318,0,C1
transistor1,transistor1::transistor1_0166_NG_BX,transistor1::transistor1_0166_NG_BX,1,five_view_mean,0.40817881,0.32678318,1,C3
transistor1,transistor1::transistor1_0166_NG_ZW,transistor1::transistor1_0166_NG_ZW,1,five_view_mean,0.43326539,0.32678318,1,C3
transistor1,transistor1::transistor1_0166_OK,transistor1::transistor1_0166_OK,0,five_view_mean,0.27719837,0.32678318,0,C3
transistor1,transistor1::transistor1_0167_NG_BX,transistor1::transistor1_0167_NG_BX,1,five_view_mean,0.39767259,0.32678318,1,C3
transistor1,transistor1::transistor1_0168_NG_BX,transistor1::transistor1_0168_NG_BX,1,five_view_mean,0.38910007,0.32678318,1,C3
transistor1,transistor1::transistor1_0169_NG_BX,transistor1::transistor1_0169_NG_BX,1,five_view_mean,0.41168076,0.32678318,1,C3
transistor1,transistor1::transistor1_0170_NG_BX,transistor1::transistor1_0170_NG_BX,1,five_view_mean,0.41084510,0.32678318,1,C3
transistor1,transistor1::transistor1_0170_OK,transistor1::transistor1_0170_OK,0,five_view_mean,0.26814923,0.32678318,0,C3
transistor1,transistor1::transistor1_0172_OK,transistor1::transistor1_0172_OK,0,five_view_mean,0.27099654,0.32678318,0,C5
transistor1,transistor1::transistor1_0173_OK,transistor1::transistor1_0173_OK,0,five_view_mean,0.27030140,0.32678318,0,C3
transistor1,transistor1::transistor1_0174_OK,transistor1::transistor1_0174_OK,0,five_view_mean,0.29508072,0.32678318,0,C2
transistor1,transistor1::transistor1_0177_OK,transistor1::transistor1_0177_OK,0,five_view_mean,0.27331787,0.32678318,0,C3
transistor1,transistor1::transistor1_0178_OK,transistor1::transistor1_0178_OK,0,five_view_mean,0.26481751,0.32678318,0,C5
transistor1,transistor1::transistor1_0181_OK,transistor1::transistor1_0181_OK,0,five_view_mean,0.29789022,0.32678318,0,C3
transistor1,transistor1::transistor1_0182_OK,transistor1::transistor1_0182_OK,0,five_view_mean,0.30905119,0.32678318,0,C5
transistor1,transistor1::transistor1_0183_OK,transistor1::transistor1_0183_OK,0,five_view_mean,0.30783305,0.32678318,0,C5
transistor1,transistor1::transistor1_0185_OK,transistor1::transistor1_0185_OK,0,five_view_mean,0.28285736,0.32678318,0,C5
transistor1,transistor1::transistor1_0186_OK,transistor1::transistor1_0186_OK,0,five_view_mean,0.27265692,0.32678318,0,C5
transistor1,transistor1::transistor1_0189_OK,transistor1::transistor1_0189_OK,0,five_view_mean,0.28360051,0.32678318,0,C5
transistor1,transistor1::transistor1_0190_OK,transistor1::transistor1_0190_OK,0,five_view_mean,0.27088130,0.32678318,0,C5
transistor1,transistor1::transistor1_0191_OK,transistor1::transistor1_0191_OK,0,five_view_mean,0.28353113,0.32678318,0,C1
transistor1,transistor1::transistor1_0192_OK,transistor1::transistor1_0192_OK,0,five_view_mean,0.28028041,0.32678318,0,C5
transistor1,transistor1::transistor1_0193_OK,transistor1::transistor1_0193_OK,0,five_view_mean,0.28807855,0.32678318,0,C5
transistor1,transistor1::transistor1_0194_OK,transistor1::transistor1_0194_OK,0,five_view_mean,0.28866062,0.32678318,0,C3
transistor1,transistor1::transistor1_0195_OK,transistor1::transistor1_0195_OK,0,five_view_mean,0.28002459,0.32678318,0,C1
transistor1,transistor1::transistor1_0197_OK,transistor1::transistor1_0197_OK,0,five_view_mean,0.30149484,0.32678318,0,C5
transistor1,transistor1::transistor1_0205_OK,transistor1::transistor1_0205_OK,0,five_view_mean,0.25127643,0.32678318,0,C4
transistor1,transistor1::transistor1_0207_OK,transistor1::transistor1_0207_OK,0,five_view_mean,0.28095919,0.32678318,0,C4
transistor1,transistor1::transistor1_0208_OK,transistor1::transistor1_0208_OK,0,five_view_mean,0.26564550,0.32678318,0,C1
transistor1,transistor1::transistor1_0211_OK,transistor1::transistor1_0211_OK,0,five_view_mean,0.28979895,0.32678318,0,C3
transistor1,transistor1::transistor1_0214_OK,transistor1::transistor1_0214_OK,0,five_view_mean,0.32235470,0.32678318,0,C2
transistor1,transistor1::transistor1_0216_OK,transistor1::transistor1_0216_OK,0,five_view_mean,0.31505924,0.32678318,0,C3
transistor1,transistor1::transistor1_0217_OK,transistor1::transistor1_0217_OK,0,five_view_mean,0.25751582,0.32678318,0,C2
transistor1,transistor1::transistor1_0218_OK,transistor1::transistor1_0218_OK,0,five_view_mean,0.27327433,0.32678318,0,C2
transistor1,transistor1::transistor1_0221_OK,transistor1::transistor1_0221_OK,0,five_view_mean,0.24962625,0.32678318,0,C2
transistor1,transistor1::transistor1_0222_OK,transistor1::transistor1_0222_OK,0,five_view_mean,0.23819752,0.32678318,0,C1
transistor1,transistor1::transistor1_0224_OK,transistor1::transistor1_0224_OK,0,five_view_mean,0.28073284,0.32678318,0,C4
transistor1,transistor1::transistor1_0226_OK,transistor1::transistor1_0226_OK,0,five_view_mean,0.25339761,0.32678318,0,C3
transistor1,transistor1::transistor1_0227_OK,transistor1::transistor1_0227_OK,0,five_view_mean,0.27597770,0.32678318,0,C4
transistor1,transistor1::transistor1_0231_OK,transistor1::transistor1_0231_OK,0,five_view_mean,0.27347535,0.32678318,0,C4
transistor1,transistor1::transistor1_0232_OK,transistor1::transistor1_0232_OK,0,five_view_mean,0.27928776,0.32678318,0,C4
transistor1,transistor1::transistor1_0241_OK,transistor1::transistor1_0241_OK,0,five_view_mean,0.25310010,0.32678318,0,C5
transistor1,transistor1::transistor1_0245_OK,transistor1::transistor1_0245_OK,0,five_view_mean,0.26146597,0.32678318,0,C3
transistor1,transistor1::transistor1_0246_OK,transistor1::transistor1_0246_OK,0,five_view_mean,0.26448923,0.32678318,0,C4
transistor1,transistor1::transistor1_0247_OK,transistor1::transistor1_0247_OK,0,five_view_mean,0.25046962,0.32678318,0,C2
transistor1,transistor1::transistor1_0248_OK,transistor1::transistor1_0248_OK,0,five_view_mean,0.27245197,0.32678318,0,C1
transistor1,transistor1::transistor1_0250_OK,transistor1::transistor1_0250_OK,0,five_view_mean,0.27404624,0.32678318,0,C3
transistor1,transistor1::transistor1_0252_OK,transistor1::transistor1_0252_OK,0,five_view_mean,0.24716337,0.32678318,0,C1
transistor1,transistor1::transistor1_0254_OK,transistor1::transistor1_0254_OK,0,five_view_mean,0.26943976,0.32678318,0,C2
transistor1,transistor1::transistor1_0257_OK,transistor1::transistor1_0257_OK,0,five_view_mean,0.26489940,0.32678318,0,C1
transistor1,transistor1::transistor1_0258_OK,transistor1::transistor1_0258_OK,0,five_view_mean,0.25558099,0.32678318,0,C1
transistor1,transistor1::transistor1_0259_OK,transistor1::transistor1_0259_OK,0,five_view_mean,0.27102366,0.32678318,0,C1
transistor1,transistor1::transistor1_0261_OK,transistor1::transistor1_0261_OK,0,five_view_mean,0.26151165,0.32678318,0,C2
transistor1,transistor1::transistor1_0263_OK,transistor1::transistor1_0263_OK,0,five_view_mean,0.25828966,0.32678318,0,C2
transistor1,transistor1::transistor1_0264_OK,transistor1::transistor1_0264_OK,0,five_view_mean,0.25540739,0.32678318,0,C5
transistor1,transistor1::transistor1_0265_OK,transistor1::transistor1_0265_OK,0,five_view_mean,0.27002990,0.32678318,0,C2
transistor1,transistor1::transistor1_0267_OK,transistor1::transistor1_0267_OK,0,five_view_mean,0.25389946,0.32678318,0,C2
transistor1,transistor1::transistor1_0269_OK,transistor1::transistor1_0269_OK,0,five_view_mean,0.24195261,0.32678318,0,C5
transistor1,transistor1::transistor1_0274_OK,transistor1::transistor1_0274_OK,0,five_view_mean,0.28378928,0.32678318,0,C2
transistor1,transistor1::transistor1_0275_OK,transistor1::transistor1_0275_OK,0,five_view_mean,0.25930768,0.32678318,0,C2
transistor1,transistor1::transistor1_0276_OK,transistor1::transistor1_0276_OK,0,five_view_mean,0.26508850,0.32678318,0,C2
transistor1,transistor1::transistor1_0277_OK,transistor1::transistor1_0277_OK,0,five_view_mean,0.25542074,0.32678318,0,C1
transistor1,transistor1::transistor1_0278_OK,transistor1::transistor1_0278_OK,0,five_view_mean,0.28796798,0.32678318,0,C3
transistor1,transistor1::transistor1_0279_OK,transistor1::transistor1_0279_OK,0,five_view_mean,0.25543660,0.32678318,0,C3
transistor1,transistor1::transistor1_0284_OK,transistor1::transistor1_0284_OK,0,five_view_mean,0.24246392,0.32678318,0,C1
transistor1,transistor1::transistor1_0286_OK,transistor1::transistor1_0286_OK,0,five_view_mean,0.27178481,0.32678318,0,C1
transistor1,transistor1::transistor1_0289_OK,transistor1::transistor1_0289_OK,0,five_view_mean,0.27259859,0.32678318,0,C3
transistor1,transistor1::transistor1_0291_OK,transistor1::transistor1_0291_OK,0,five_view_mean,0.24689260,0.32678318,0,C1
transistor1,transistor1::transistor1_0294_OK,transistor1::transistor1_0294_OK,0,five_view_mean,0.24750225,0.32678318,0,C2
transistor1,transistor1::transistor1_0296_OK,transistor1::transistor1_0296_OK,0,five_view_mean,0.28426823,0.32678318,0,C1
transistor1,transistor1::transistor1_0300_OK,transistor1::transistor1_0300_OK,0,five_view_mean,0.24383214,0.32678318,0,C3
transistor1,transistor1::transistor1_0301_OK,transistor1::transistor1_0301_OK,0,five_view_mean,0.25967795,0.32678318,0,C5
transistor1,transistor1::transistor1_0304_OK,transistor1::transistor1_0304_OK,0,five_view_mean,0.24467805,0.32678318,0,C5
transistor1,transistor1::transistor1_0308_OK,transistor1::transistor1_0308_OK,0,five_view_mean,0.27040803,0.32678318,0,C4
transistor1,transistor1::transistor1_0310_OK,transistor1::transistor1_0310_OK,0,five_view_mean,0.25126460,0.32678318,0,C3
transistor1,transistor1::transistor1_0313_OK,transistor1::transistor1_0313_OK,0,five_view_mean,0.25023058,0.32678318,0,C2
transistor1,transistor1::transistor1_0314_OK,transistor1::transistor1_0314_OK,0,five_view_mean,0.26437768,0.32678318,0,C1
transistor1,transistor1::transistor1_0319_OK,transistor1::transistor1_0319_OK,0,five_view_mean,0.24222319,0.32678318,0,C5
transistor1,transistor1::transistor1_0320_OK,transistor1::transistor1_0320_OK,0,five_view_mean,0.25440049,0.32678318,0,C2
transistor1,transistor1::transistor1_0321_OK,transistor1::transistor1_0321_OK,0,five_view_mean,0.26785359,0.32678318,0,C1
transistor1,transistor1::transistor1_0323_OK,transistor1::transistor1_0323_OK,0,five_view_mean,0.24440721,0.32678318,0,C5
transistor1,transistor1::transistor1_0324_OK,transistor1::transistor1_0324_OK,0,five_view_mean,0.24593568,0.32678318,0,C2
transistor1,transistor1::transistor1_0331_OK,transistor1::transistor1_0331_OK,0,five_view_mean,0.25939733,0.32678318,0,C4
transistor1,transistor1::transistor1_0332_OK,transistor1::transistor1_0332_OK,0,five_view_mean,0.27559531,0.32678318,0,C3
transistor1,transistor1::transistor1_0333_OK,transistor1::transistor1_0333_OK,0,five_view_mean,0.29965249,0.32678318,0,C2
transistor1,transistor1::transistor1_0336_OK,transistor1::transistor1_0336_OK,0,five_view_mean,0.27603048,0.32678318,0,C1
transistor1,transistor1::transistor1_0337_OK,transistor1::transistor1_0337_OK,0,five_view_mean,0.28896448,0.32678318,0,C2
transistor1,transistor1::transistor1_0338_OK,transistor1::transistor1_0338_OK,0,five_view_mean,0.28319722,0.32678318,0,C1
transistor1,transistor1::transistor1_0339_OK,transistor1::transistor1_0339_OK,0,five_view_mean,0.28655940,0.32678318,0,C1
transistor1,transistor1::transistor1_0342_OK,transistor1::transistor1_0342_OK,0,five_view_mean,0.29940945,0.32678318,0,C3
transistor1,transistor1::transistor1_0343_OK,transistor1::transistor1_0343_OK,0,five_view_mean,0.26745930,0.32678318,0,C1
transistor1,transistor1::transistor1_0346_OK,transistor1::transistor1_0346_OK,0,five_view_mean,0.28514862,0.32678318,0,C3
transistor1,transistor1::transistor1_0347_OK,transistor1::transistor1_0347_OK,0,five_view_mean,0.27579623,0.32678318,0,C1
transistor1,transistor1::transistor1_0348_OK,transistor1::transistor1_0348_OK,0,five_view_mean,0.31768435,0.32678318,0,C1
transistor1,transistor1::transistor1_0349_OK,transistor1::transistor1_0349_OK,0,five_view_mean,0.26268107,0.32678318,0,C5
transistor1,transistor1::transistor1_0350_OK,transistor1::transistor1_0350_OK,0,five_view_mean,0.26377213,0.32678318,0,C3
transistor1,transistor1::transistor1_0352_OK,transistor1::transistor1_0352_OK,0,five_view_mean,0.26816231,0.32678318,0,C2
transistor1,transistor1::transistor1_0353_OK,transistor1::transistor1_0353_OK,0,five_view_mean,0.26838601,0.32678318,0,C1
transistor1,transistor1::transistor1_0354_OK,transistor1::transistor1_0354_OK,0,five_view_mean,0.26934242,0.32678318,0,C3
transistor1,transistor1::transistor1_0355_OK,transistor1::transistor1_0355_OK,0,five_view_mean,0.24473743,0.32678318,0,C5
transistor1,transistor1::transistor1_0358_OK,transistor1::transistor1_0358_OK,0,five_view_mean,0.26111814,0.32678318,0,C1
transistor1,transistor1::transistor1_0361_OK,transistor1::transistor1_0361_OK,0,five_view_mean,0.27597937,0.32678318,0,C3
transistor1,transistor1::transistor1_0363_OK,transistor1::transistor1_0363_OK,0,five_view_mean,0.25267017,0.32678318,0,C1
transistor1,transistor1::transistor1_0364_OK,transistor1::transistor1_0364_OK,0,five_view_mean,0.28522986,0.32678318,0,C2
transistor1,transistor1::transistor1_0367_OK,transistor1::transistor1_0367_OK,0,five_view_mean,0.25498953,0.32678318,0,C1
transistor1,transistor1::transistor1_0371_OK,transistor1::transistor1_0371_OK,0,five_view_mean,0.28279182,0.32678318,0,C4
transistor1,transistor1::transistor1_0372_OK,transistor1::transistor1_0372_OK,0,five_view_mean,0.27940735,0.32678318,0,C3
transistor1,transistor1::transistor1_0375_OK,transistor1::transistor1_0375_OK,0,five_view_mean,0.26874539,0.32678318,0,C1
transistor1,transistor1::transistor1_0376_OK,transistor1::transistor1_0376_OK,0,five_view_mean,0.27349877,0.32678318,0,C5
transistor1,transistor1::transistor1_0383_OK,transistor1::transistor1_0383_OK,0,five_view_mean,0.25608057,0.32678318,0,C5
transistor1,transistor1::transistor1_0384_OK,transistor1::transistor1_0384_OK,0,five_view_mean,0.25910297,0.32678318,0,C3
transistor1,transistor1::transistor1_0386_OK,transistor1::transistor1_0386_OK,0,five_view_mean,0.27272987,0.32678318,0,C2
transistor1,transistor1::transistor1_0387_OK,transistor1::transistor1_0387_OK,0,five_view_mean,0.25221717,0.32678318,0,C3
transistor1,transistor1::transistor1_0390_OK,transistor1::transistor1_0390_OK,0,five_view_mean,0.34903461,0.32678318,1,C1
transistor1,transistor1::transistor1_0392_OK,transistor1::transistor1_0392_OK,0,five_view_mean,0.28729609,0.32678318,0,C3
transistor1,transistor1::transistor1_0393_OK,transistor1::transistor1_0393_OK,0,five_view_mean,0.26016730,0.32678318,0,C1
transistor1,transistor1::transistor1_0397_OK,transistor1::transistor1_0397_OK,0,five_view_mean,0.26482618,0.32678318,0,C1
transistor1,transistor1::transistor1_0399_OK,transistor1::transistor1_0399_OK,0,five_view_mean,0.25094929,0.32678318,0,C1
transistor1,transistor1::transistor1_0400_OK,transistor1::transistor1_0400_OK,0,five_view_mean,0.26073834,0.32678318,0,C2
transistor1,transistor1::transistor1_0401_OK,transistor1::transistor1_0401_OK,0,five_view_mean,0.26913083,0.32678318,0,C2
transistor1,transistor1::transistor1_0403_OK,transistor1::transistor1_0403_OK,0,five_view_mean,0.26407996,0.32678318,0,C1
transistor1,transistor1::transistor1_0410_OK,transistor1::transistor1_0410_OK,0,five_view_mean,0.26239124,0.32678318,0,C3
transistor1,transistor1::transistor1_0411_OK,transistor1::transistor1_0411_OK,0,five_view_mean,0.25558707,0.32678318,0,C1
transistor1,transistor1::transistor1_0413_OK,transistor1::transistor1_0413_OK,0,five_view_mean,0.24988945,0.32678318,0,C1
transistor1,transistor1::transistor1_0414_OK,transistor1::transistor1_0414_OK,0,five_view_mean,0.26065767,0.32678318,0,C2
transistor1,transistor1::transistor1_0415_OK,transistor1::transistor1_0415_OK,0,five_view_mean,0.25422686,0.32678318,0,C5
transistor1,transistor1::transistor1_0421_OK,transistor1::transistor1_0421_OK,0,five_view_mean,0.25598881,0.32678318,0,C5
transistor1,transistor1::transistor1_0424_OK,transistor1::transistor1_0424_OK,0,five_view_mean,0.24384208,0.32678318,0,C1
transistor1,transistor1::transistor1_0426_OK,transistor1::transistor1_0426_OK,0,five_view_mean,0.25555006,0.32678318,0,C1
transistor1,transistor1::transistor1_0427_OK,transistor1::transistor1_0427_OK,0,five_view_mean,0.27084750,0.32678318,0,C3
transistor1,transistor1::transistor1_0428_OK,transistor1::transistor1_0428_OK,0,five_view_mean,0.25043458,0.32678318,0,C3
transistor1,transistor1::transistor1_0429_OK,transistor1::transistor1_0429_OK,0,five_view_mean,0.25348842,0.32678318,0,C2
transistor1,transistor1::transistor1_0435_OK,transistor1::transistor1_0435_OK,0,five_view_mean,0.26225245,0.32678318,0,C5
transistor1,transistor1::transistor1_0438_OK,transistor1::transistor1_0438_OK,0,five_view_mean,0.27990666,0.32678318,0,C1
transistor1,transistor1::transistor1_0444_OK,transistor1::transistor1_0444_OK,0,five_view_mean,0.25369507,0.32678318,0,C2
transistor1,transistor1::transistor1_0445_OK,transistor1::transistor1_0445_OK,0,five_view_mean,0.26746234,0.32678318,0,C1
transistor1,transistor1::transistor1_0446_OK,transistor1::transistor1_0446_OK,0,five_view_mean,0.30505902,0.32678318,0,C4
transistor1,transistor1::transistor1_0448_OK,transistor1::transistor1_0448_OK,0,five_view_mean,0.26409748,0.32678318,0,C1
transistor1,transistor1::transistor1_0450_OK,transistor1::transistor1_0450_OK,0,five_view_mean,0.24822274,0.32678318,0,C3
transistor1,transistor1::transistor1_0451_OK,transistor1::transistor1_0451_OK,0,five_view_mean,0.27595448,0.32678318,0,C1
transistor1,transistor1::transistor1_0452_OK,transistor1::transistor1_0452_OK,0,five_view_mean,0.37060103,0.32678318,1,C3
transistor1,transistor1::transistor1_0453_OK,transistor1::transistor1_0453_OK,0,five_view_mean,0.25852820,0.32678318,0,C1
transistor1,transistor1::transistor1_0456_OK,transistor1::transistor1_0456_OK,0,five_view_mean,0.25668555,0.32678318,0,C3
transistor1,transistor1::transistor1_0458_OK,transistor1::transistor1_0458_OK,0,five_view_mean,0.25093016,0.32678318,0,C5
transistor1,transistor1::transistor1_0463_OK,transistor1::transistor1_0463_OK,0,five_view_mean,0.26145071,0.32678318,0,C4
transistor1,transistor1::transistor1_0464_OK,transistor1::transistor1_0464_OK,0,five_view_mean,0.27653456,0.32678318,0,C3
transistor1,transistor1::transistor1_0465_OK,transistor1::transistor1_0465_OK,0,five_view_mean,0.24842720,0.32678318,0,C4
transistor1,transistor1::transistor1_0470_OK,transistor1::transistor1_0470_OK,0,five_view_mean,0.26187906,0.32678318,0,C4
transistor1,transistor1::transistor1_0472_OK,transistor1::transistor1_0472_OK,0,five_view_mean,0.26047909,0.32678318,0,C4
transistor1,transistor1::transistor1_0473_OK,transistor1::transistor1_0473_OK,0,five_view_mean,0.27273831,0.32678318,0,C5
transistor1,transistor1::transistor1_0474_OK,transistor1::transistor1_0474_OK,0,five_view_mean,0.25302631,0.32678318,0,C5
transistor1,transistor1::transistor1_0475_OK,transistor1::transistor1_0475_OK,0,five_view_mean,0.25805873,0.32678318,0,C1
transistor1,transistor1::transistor1_0476_OK,transistor1::transistor1_0476_OK,0,five_view_mean,0.25605693,0.32678318,0,C1
transistor1,transistor1::transistor1_0482_OK,transistor1::transistor1_0482_OK,0,five_view_mean,0.29812852,0.32678318,0,C1
transistor1,transistor1::transistor1_0483_OK,transistor1::transistor1_0483_OK,0,five_view_mean,0.25692123,0.32678318,0,C4
transistor1,transistor1::transistor1_0484_OK,transistor1::transistor1_0484_OK,0,five_view_mean,0.26854223,0.32678318,0,C5
transistor1,transistor1::transistor1_0486_OK,transistor1::transistor1_0486_OK,0,five_view_mean,0.25329405,0.32678318,0,C5
transistor1,transistor1::transistor1_0490_OK,transistor1::transistor1_0490_OK,0,five_view_mean,0.25993705,0.32678318,0,C4
transistor1,transistor1::transistor1_0491_OK,transistor1::transistor1_0491_OK,0,five_view_mean,0.32410884,0.32678318,0,C4
transistor1,transistor1::transistor1_0492_OK,transistor1::transistor1_0492_OK,0,five_view_mean,0.26923689,0.32678318,0,C1
transistor1,transistor1::transistor1_0493_OK,transistor1::transistor1_0493_OK,0,five_view_mean,0.24151126,0.32678318,0,C3
transistor1,transistor1::transistor1_0494_OK,transistor1::transistor1_0494_OK,0,five_view_mean,0.25986639,0.32678318,0,C4
transistor1,transistor1::transistor1_0497_OK,transistor1::transistor1_0497_OK,0,five_view_mean,0.26530027,0.32678318,0,C5
transistor1,transistor1::transistor1_0499_OK,transistor1::transistor1_0499_OK,0,five_view_mean,0.26001936,0.32678318,0,C2
transistor1,transistor1::transistor1_0500_OK,transistor1::transistor1_0500_OK,0,five_view_mean,0.27254865,0.32678318,0,C5
transistor1,transistor1::transistor1_1042_NG_BX,transistor1::transistor1_1042_NG_BX,1,five_view_mean,0.28561172,0.32678318,0,C3
transistor1,transistor1::transistor1_1083_NG_BX,transistor1::transistor1_1083_NG_BX,1,five_view_mean,0.29746419,0.32678318,0,C3
transistor1,transistor1::transistor1_1388_NG_BX,transistor1::transistor1_1388_NG_BX,1,five_view_mean,0.27223641,0.32678318,0,C2
plastic_nut,plastic_nut::plastic_nut_0001_NG_AK,plastic_nut::plastic_nut_0001_NG_AK,1,five_view_mean,0.36209869,0.29319733,1,C5
plastic_nut,plastic_nut::plastic_nut_0001_NG_HS,plastic_nut::plastic_nut_0001_NG_HS,1,five_view_mean,0.33628884,0.29319733,1,C3
plastic_nut,plastic_nut::plastic_nut_0001_NG_QS,plastic_nut::plastic_nut_0001_NG_QS,1,five_view_mean,0.31525987,0.29319733,1,C2
plastic_nut,plastic_nut::plastic_nut_0001_NG_ZW,plastic_nut::plastic_nut_0001_NG_ZW,1,five_view_mean,0.34525436,0.29319733,1,C3
plastic_nut,plastic_nut::plastic_nut_0001_OK,plastic_nut::plastic_nut_0001_OK,0,five_view_mean,0.27175289,0.29319733,0,C5
plastic_nut,plastic_nut::plastic_nut_0002_NG_AK,plastic_nut::plastic_nut_0002_NG_AK,1,five_view_mean,0.35941142,0.29319733,1,C5
plastic_nut,plastic_nut::plastic_nut_0002_NG_HS,plastic_nut::plastic_nut_0002_NG_HS,1,five_view_mean,0.33380780,0.29319733,1,C3
plastic_nut,plastic_nut::plastic_nut_0002_NG_QS,plastic_nut::plastic_nut_0002_NG_QS,1,five_view_mean,0.31679425,0.29319733,1,C2
plastic_nut,plastic_nut::plastic_nut_0002_NG_ZW,plastic_nut::plastic_nut_0002_NG_ZW,1,five_view_mean,0.36909732,0.29319733,1,C3
plastic_nut,plastic_nut::plastic_nut_0002_OK,plastic_nut::plastic_nut_0002_OK,0,five_view_mean,0.27543265,0.29319733,0,C3
plastic_nut,plastic_nut::plastic_nut_0003_NG_AK,plastic_nut::plastic_nut_0003_NG_AK,1,five_view_mean,0.37112752,0.29319733,1,C5
plastic_nut,plastic_nut::plastic_nut_0003_NG_HS,plastic_nut::plastic_nut_0003_NG_HS,1,five_view_mean,0.33059242,0.29319733,1,C5
plastic_nut,plastic_nut::plastic_nut_0003_NG_QS,plastic_nut::plastic_nut_0003_NG_QS,1,five_view_mean,0.33716336,0.29319733,1,C5
plastic_nut,plastic_nut::plastic_nut_0003_NG_ZW,plastic_nut::plastic_nut_0003_NG_ZW,1,five_view_mean,0.35723838,0.29319733,1,C5
plastic_nut,plastic_nut::plastic_nut_0003_OK,plastic_nut::plastic_nut_0003_OK,0,five_view_mean,0.27639756,0.29319733,0,C5
plastic_nut,plastic_nut::plastic_nut_0004_NG_AK,plastic_nut::plastic_nut_0004_NG_AK,1,five_view_mean,0.34893274,0.29319733,1,C5
plastic_nut,plastic_nut::plastic_nut_0004_NG_HS,plastic_nut::plastic_nut_0004_NG_HS,1,five_view_mean,0.33784562,0.29319733,1,C5
plastic_nut,plastic_nut::plastic_nut_0004_NG_QS,plastic_nut::plastic_nut_0004_NG_QS,1,five_view_mean,0.34225914,0.29319733,1,C3
plastic_nut,plastic_nut::plastic_nut_0004_NG_ZW,plastic_nut::plastic_nut_0004_NG_ZW,1,five_view_mean,0.39943647,0.29319733,1,C5
plastic_nut,plastic_nut::plastic_nut_0004_OK,plastic_nut::plastic_nut_0004_OK,0,five_view_mean,0.29295155,0.29319733,0,C1
plastic_nut,plastic_nut::plastic_nut_0005_NG_AK,plastic_nut::plastic_nut_0005_NG_AK,1,five_view_mean,0.35768509,0.29319733,1,C5
plastic_nut,plastic_nut::plastic_nut_0005_NG_HS,plastic_nut::plastic_nut_0005_NG_HS,1,five_view_mean,0.33609855,0.29319733,1,C5
plastic_nut,plastic_nut::plastic_nut_0005_NG_QS,plastic_nut::plastic_nut_0005_NG_QS,1,five_view_mean,0.32284001,0.29319733,1,C1
plastic_nut,plastic_nut::plastic_nut_0005_NG_ZW,plastic_nut::plastic_nut_0005_NG_ZW,1,five_view_mean,0.34661019,0.29319733,1,C3
plastic_nut,plastic_nut::plastic_nut_0006_NG_AK,plastic_nut::plastic_nut_0006_NG_AK,1,five_view_mean,0.35325888,0.29319733,1,C5
plastic_nut,plastic_nut::plastic_nut_0006_NG_HS,plastic_nut::plastic_nut_0006_NG_HS,1,five_view_mean,0.35935822,0.29319733,1,C5
plastic_nut,plastic_nut::plastic_nut_0006_NG_QS,plastic_nut::plastic_nut_0006_NG_QS,1,five_view_mean,0.34908912,0.29319733,1,C3
plastic_nut,plastic_nut::plastic_nut_0006_NG_ZW,plastic_nut::plastic_nut_0006_NG_ZW,1,five_view_mean,0.34888321,0.29319733,1,C5
plastic_nut,plastic_nut::plastic_nut_0007_NG_AK,plastic_nut::plastic_nut_0007_NG_AK,1,five_view_mean,0.35903522,0.29319733,1,C5
plastic_nut,plastic_nut::plastic_nut_0007_NG_HS,plastic_nut::plastic_nut_0007_NG_HS,1,five_view_mean,0.34304175,0.29319733,1,C2
plastic_nut,plastic_nut::plastic_nut_0007_NG_QS,plastic_nut::plastic_nut_0007_NG_QS,1,five_view_mean,0.31169659,0.29319733,1,C5
plastic_nut,plastic_nut::plastic_nut_0007_NG_ZW,plastic_nut::plastic_nut_0007_NG_ZW,1,five_view_mean,0.39925784,0.29319733,1,C5
plastic_nut,plastic_nut::plastic_nut_0008_NG_AK,plastic_nut::plastic_nut_0008_NG_AK,1,five_view_mean,0.34918746,0.29319733,1,C5
plastic_nut,plastic_nut::plastic_nut_0008_NG_HS,plastic_nut::plastic_nut_0008_NG_HS,1,five_view_mean,0.35119990,0.29319733,1,C2
plastic_nut,plastic_nut::plastic_nut_0008_NG_QS,plastic_nut::plastic_nut_0008_NG_QS,1,five_view_mean,0.36793953,0.29319733,1,C5
plastic_nut,plastic_nut::plastic_nut_0008_NG_ZW,plastic_nut::plastic_nut_0008_NG_ZW,1,five_view_mean,0.35688561,0.29319733,1,C3
plastic_nut,plastic_nut::plastic_nut_0009_NG_AK,plastic_nut::plastic_nut_0009_NG_AK,1,five_view_mean,0.34832716,0.29319733,1,C5
plastic_nut,plastic_nut::plastic_nut_0009_NG_HS,plastic_nut::plastic_nut_0009_NG_HS,1,five_view_mean,0.33946633,0.29319733,1,C5
plastic_nut,plastic_nut::plastic_nut_0009_NG_QS,plastic_nut::plastic_nut_0009_NG_QS,1,five_view_mean,0.31829843,0.29319733,1,C2
plastic_nut,plastic_nut::plastic_nut_0009_NG_ZW,plastic_nut::plastic_nut_0009_NG_ZW,1,five_view_mean,0.36774135,0.29319733,1,C2
plastic_nut,plastic_nut::plastic_nut_0009_OK,plastic_nut::plastic_nut_0009_OK,0,five_view_mean,0.32005817,0.29319733,1,C5
plastic_nut,plastic_nut::plastic_nut_0010_NG_AK,plastic_nut::plastic_nut_0010_NG_AK,1,five_view_mean,0.35118550,0.29319733,1,C5
plastic_nut,plastic_nut::plastic_nut_0010_NG_HS,plastic_nut::plastic_nut_0010_NG_HS,1,five_view_mean,0.35331789,0.29319733,1,C3
plastic_nut,plastic_nut::plastic_nut_0010_NG_QS,plastic_nut::plastic_nut_0010_NG_QS,1,five_view_mean,0.36915514,0.29319733,1,C2
plastic_nut,plastic_nut::plastic_nut_0010_NG_ZW,plastic_nut::plastic_nut_0010_NG_ZW,1,five_view_mean,0.38957912,0.29319733,1,C2
plastic_nut,plastic_nut::plastic_nut_0010_OK,plastic_nut::plastic_nut_0010_OK,0,five_view_mean,0.29060045,0.29319733,0,C1
plastic_nut,plastic_nut::plastic_nut_0011_NG_AK,plastic_nut::plastic_nut_0011_NG_AK,1,five_view_mean,0.35770053,0.29319733,1,C5
plastic_nut,plastic_nut::plastic_nut_0011_NG_HS,plastic_nut::plastic_nut_0011_NG_HS,1,five_view_mean,0.33773479,0.29319733,1,C5
plastic_nut,plastic_nut::plastic_nut_0011_NG_QS,plastic_nut::plastic_nut_0011_NG_QS,1,five_view_mean,0.34911114,0.29319733,1,C5
plastic_nut,plastic_nut::plastic_nut_0011_NG_ZW,plastic_nut::plastic_nut_0011_NG_ZW,1,five_view_mean,0.33881205,0.29319733,1,C5
plastic_nut,plastic_nut::plastic_nut_0011_OK,plastic_nut::plastic_nut_0011_OK,0,five_view_mean,0.28619832,0.29319733,0,C5
plastic_nut,plastic_nut::plastic_nut_0012_NG_AK,plastic_nut::plastic_nut_0012_NG_AK,1,five_view_mean,0.37272120,0.29319733,1,C5
plastic_nut,plastic_nut::plastic_nut_0012_NG_HS,plastic_nut::plastic_nut_0012_NG_HS,1,five_view_mean,0.32449794,0.29319733,1,C5
plastic_nut,plastic_nut::plastic_nut_0012_NG_QS,plastic_nut::plastic_nut_0012_NG_QS,1,five_view_mean,0.31016755,0.29319733,1,C2
plastic_nut,plastic_nut::plastic_nut_0012_NG_ZW,plastic_nut::plastic_nut_0012_NG_ZW,1,five_view_mean,0.39447841,0.29319733,1,C2
plastic_nut,plastic_nut::plastic_nut_0012_OK,plastic_nut::plastic_nut_0012_OK,0,five_view_mean,0.27365431,0.29319733,0,C4
plastic_nut,plastic_nut::plastic_nut_0013_NG_AK,plastic_nut::plastic_nut_0013_NG_AK,1,five_view_mean,0.34177500,0.29319733,1,C5
plastic_nut,plastic_nut::plastic_nut_0013_NG_HS,plastic_nut::plastic_nut_0013_NG_HS,1,five_view_mean,0.34069434,0.29319733,1,C5
plastic_nut,plastic_nut::plastic_nut_0013_NG_QS,plastic_nut::plastic_nut_0013_NG_QS,1,five_view_mean,0.32548553,0.29319733,1,C5
plastic_nut,plastic_nut::plastic_nut_0013_NG_ZW,plastic_nut::plastic_nut_0013_NG_ZW,1,five_view_mean,0.34709734,0.29319733,1,C1
plastic_nut,plastic_nut::plastic_nut_0013_OK,plastic_nut::plastic_nut_0013_OK,0,five_view_mean,0.28203923,0.29319733,0,C4
plastic_nut,plastic_nut::plastic_nut_0014_NG_AK,plastic_nut::plastic_nut_0014_NG_AK,1,five_view_mean,0.37113944,0.29319733,1,C5
plastic_nut,plastic_nut::plastic_nut_0014_NG_HS,plastic_nut::plastic_nut_0014_NG_HS,1,five_view_mean,0.32917696,0.29319733,1,C2
plastic_nut,plastic_nut::plastic_nut_0014_NG_QS,plastic_nut::plastic_nut_0014_NG_QS,1,five_view_mean,0.33588114,0.29319733,1,C5
plastic_nut,plastic_nut::plastic_nut_0014_NG_ZW,plastic_nut::plastic_nut_0014_NG_ZW,1,five_view_mean,0.47419366,0.29319733,1,C1
plastic_nut,plastic_nut::plastic_nut_0014_OK,plastic_nut::plastic_nut_0014_OK,0,five_view_mean,0.25783738,0.29319733,0,C4
plastic_nut,plastic_nut::plastic_nut_0015_NG_AK,plastic_nut::plastic_nut_0015_NG_AK,1,five_view_mean,0.39030224,0.29319733,1,C1
plastic_nut,plastic_nut::plastic_nut_0015_NG_HS,plastic_nut::plastic_nut_0015_NG_HS,1,five_view_mean,0.33711091,0.29319733,1,C2
plastic_nut,plastic_nut::plastic_nut_0015_NG_QS,plastic_nut::plastic_nut_0015_NG_QS,1,five_view_mean,0.34739310,0.29319733,1,C2
plastic_nut,plastic_nut::plastic_nut_0015_NG_ZW,plastic_nut::plastic_nut_0015_NG_ZW,1,five_view_mean,0.40194148,0.29319733,1,C5
plastic_nut,plastic_nut::plastic_nut_0015_OK,plastic_nut::plastic_nut_0015_OK,0,five_view_mean,0.28079486,0.29319733,0,C4
plastic_nut,plastic_nut::plastic_nut_0016_NG_AK,plastic_nut::plastic_nut_0016_NG_AK,1,five_view_mean,0.36693004,0.29319733,1,C5
plastic_nut,plastic_nut::plastic_nut_0016_NG_HS,plastic_nut::plastic_nut_0016_NG_HS,1,five_view_mean,0.31284472,0.29319733,1,C2
plastic_nut,plastic_nut::plastic_nut_0016_NG_QS,plastic_nut::plastic_nut_0016_NG_QS,1,five_view_mean,0.31118256,0.29319733,1,C5
plastic_nut,plastic_nut::plastic_nut_0016_NG_ZW,plastic_nut::plastic_nut_0016_NG_ZW,1,five_view_mean,0.40660223,0.29319733,1,C3
plastic_nut,plastic_nut::plastic_nut_0017_NG_AK,plastic_nut::plastic_nut_0017_NG_AK,1,five_view_mean,0.34635073,0.29319733,1,C5
plastic_nut,plastic_nut::plastic_nut_0017_NG_HS,plastic_nut::plastic_nut_0017_NG_HS,1,five_view_mean,0.35150957,0.29319733,1,C5
plastic_nut,plastic_nut::plastic_nut_0017_NG_QS,plastic_nut::plastic_nut_0017_NG_QS,1,five_view_mean,0.32330668,0.29319733,1,C2
plastic_nut,plastic_nut::plastic_nut_0017_NG_ZW,plastic_nut::plastic_nut_0017_NG_ZW,1,five_view_mean,0.35421726,0.29319733,1,C3
plastic_nut,plastic_nut::plastic_nut_0017_OK,plastic_nut::plastic_nut_0017_OK,0,five_view_mean,0.31066358,0.29319733,1,C5
plastic_nut,plastic_nut::plastic_nut_0018_NG_AK,plastic_nut::plastic_nut_0018_NG_AK,1,five_view_mean,0.34482902,0.29319733,1,C5
plastic_nut,plastic_nut::plastic_nut_0018_NG_HS,plastic_nut::plastic_nut_0018_NG_HS,1,five_view_mean,0.37242848,0.29319733,1,C5
plastic_nut,plastic_nut::plastic_nut_0018_NG_QS,plastic_nut::plastic_nut_0018_NG_QS,1,five_view_mean,0.33325830,0.29319733,1,C1
plastic_nut,plastic_nut::plastic_nut_0018_NG_ZW,plastic_nut::plastic_nut_0018_NG_ZW,1,five_view_mean,0.34624189,0.29319733,1,C5
plastic_nut,plastic_nut::plastic_nut_0018_OK,plastic_nut::plastic_nut_0018_OK,0,five_view_mean,0.27836996,0.29319733,0,C4
plastic_nut,plastic_nut::plastic_nut_0019_NG_AK,plastic_nut::plastic_nut_0019_NG_AK,1,five_view_mean,0.33930480,0.29319733,1,C5
plastic_nut,plastic_nut::plastic_nut_0019_NG_HS,plastic_nut::plastic_nut_0019_NG_HS,1,five_view_mean,0.34401935,0.29319733,1,C2
plastic_nut,plastic_nut::plastic_nut_0019_NG_QS,plastic_nut::plastic_nut_0019_NG_QS,1,five_view_mean,0.33432442,0.29319733,1,C1
plastic_nut,plastic_nut::plastic_nut_0019_NG_ZW,plastic_nut::plastic_nut_0019_NG_ZW,1,five_view_mean,0.35689455,0.29319733,1,C5
plastic_nut,plastic_nut::plastic_nut_0019_OK,plastic_nut::plastic_nut_0019_OK,0,five_view_mean,0.28282005,0.29319733,0,C4
plastic_nut,plastic_nut::plastic_nut_0020_NG_AK,plastic_nut::plastic_nut_0020_NG_AK,1,five_view_mean,0.35339445,0.29319733,1,C5
plastic_nut,plastic_nut::plastic_nut_0020_NG_HS,plastic_nut::plastic_nut_0020_NG_HS,1,five_view_mean,0.37739629,0.29319733,1,C5
plastic_nut,plastic_nut::plastic_nut_0020_NG_QS,plastic_nut::plastic_nut_0020_NG_QS,1,five_view_mean,0.32450104,0.29319733,1,C2
plastic_nut,plastic_nut::plastic_nut_0020_NG_ZW,plastic_nut::plastic_nut_0020_NG_ZW,1,five_view_mean,0.39247307,0.29319733,1,C1
plastic_nut,plastic_nut::plastic_nut_0020_OK,plastic_nut::plastic_nut_0020_OK,0,five_view_mean,0.28436819,0.29319733,0,C4
plastic_nut,plastic_nut::plastic_nut_0021_NG_AK,plastic_nut::plastic_nut_0021_NG_AK,1,five_view_mean,0.34297127,0.29319733,1,C5
plastic_nut,plastic_nut::plastic_nut_0021_NG_HS,plastic_nut::plastic_nut_0021_NG_HS,1,five_view_mean,0.31679153,0.29319733,1,C2
plastic_nut,plastic_nut::plastic_nut_0021_NG_QS,plastic_nut::plastic_nut_0021_NG_QS,1,five_view_mean,0.31548816,0.29319733,1,C2
plastic_nut,plastic_nut::plastic_nut_0021_NG_ZW,plastic_nut::plastic_nut_0021_NG_ZW,1,five_view_mean,0.33743295,0.29319733,1,C5
plastic_nut,plastic_nut::plastic_nut_0021_OK,plastic_nut::plastic_nut_0021_OK,0,five_view_mean,0.26860836,0.29319733,0,C1
plastic_nut,plastic_nut::plastic_nut_0022_NG_AK,plastic_nut::plastic_nut_0022_NG_AK,1,five_view_mean,0.35424399,0.29319733,1,C5
plastic_nut,plastic_nut::plastic_nut_0022_NG_HS,plastic_nut::plastic_nut_0022_NG_HS,1,five_view_mean,0.35376522,0.29319733,1,C3
plastic_nut,plastic_nut::plastic_nut_0022_NG_QS,plastic_nut::plastic_nut_0022_NG_QS,1,five_view_mean,0.31783634,0.29319733,1,C2
plastic_nut,plastic_nut::plastic_nut_0022_NG_ZW,plastic_nut::plastic_nut_0022_NG_ZW,1,five_view_mean,0.36049804,0.29319733,1,C3
plastic_nut,plastic_nut::plastic_nut_0022_OK,plastic_nut::plastic_nut_0022_OK,0,five_view_mean,0.26815385,0.29319733,0,C1
plastic_nut,plastic_nut::plastic_nut_0023_NG_AK,plastic_nut::plastic_nut_0023_NG_AK,1,five_view_mean,0.36753044,0.29319733,1,C5
plastic_nut,plastic_nut::plastic_nut_0023_NG_HS,plastic_nut::plastic_nut_0023_NG_HS,1,five_view_mean,0.32119140,0.29319733,1,C2
plastic_nut,plastic_nut::plastic_nut_0023_NG_QS,plastic_nut::plastic_nut_0023_NG_QS,1,five_view_mean,0.35596627,0.29319733,1,C5
plastic_nut,plastic_nut::plastic_nut_0023_NG_ZW,plastic_nut::plastic_nut_0023_NG_ZW,1,five_view_mean,0.35757747,0.29319733,1,C5
plastic_nut,plastic_nut::plastic_nut_0024_NG_AK,plastic_nut::plastic_nut_0024_NG_AK,1,five_view_mean,0.33989602,0.29319733,1,C5
plastic_nut,plastic_nut::plastic_nut_0024_NG_HS,plastic_nut::plastic_nut_0024_NG_HS,1,five_view_mean,0.34714347,0.29319733,1,C5
plastic_nut,plastic_nut::plastic_nut_0024_NG_QS,plastic_nut::plastic_nut_0024_NG_QS,1,five_view_mean,0.33761927,0.29319733,1,C2
plastic_nut,plastic_nut::plastic_nut_0024_NG_ZW,plastic_nut::plastic_nut_0024_NG_ZW,1,five_view_mean,0.40229583,0.29319733,1,C3
plastic_nut,plastic_nut::plastic_nut_0025_NG_AK,plastic_nut::plastic_nut_0025_NG_AK,1,five_view_mean,0.35138577,0.29319733,1,C5
plastic_nut,plastic_nut::plastic_nut_0025_NG_HS,plastic_nut::plastic_nut_0025_NG_HS,1,five_view_mean,0.35117900,0.29319733,1,C5
plastic_nut,plastic_nut::plastic_nut_0025_NG_QS,plastic_nut::plastic_nut_0025_NG_QS,1,five_view_mean,0.35132769,0.29319733,1,C5
plastic_nut,plastic_nut::plastic_nut_0025_NG_ZW,plastic_nut::plastic_nut_0025_NG_ZW,1,five_view_mean,0.33323097,0.29319733,1,C5
plastic_nut,plastic_nut::plastic_nut_0025_OK,plastic_nut::plastic_nut_0025_OK,0,five_view_mean,0.27284184,0.29319733,0,C2
plastic_nut,plastic_nut::plastic_nut_0026_NG_AK,plastic_nut::plastic_nut_0026_NG_AK,1,five_view_mean,0.34551409,0.29319733,1,C5
plastic_nut,plastic_nut::plastic_nut_0026_NG_HS,plastic_nut::plastic_nut_0026_NG_HS,1,five_view_mean,0.37910065,0.29319733,1,C5
plastic_nut,plastic_nut::plastic_nut_0026_NG_QS,plastic_nut::plastic_nut_0026_NG_QS,1,five_view_mean,0.32436311,0.29319733,1,C5
plastic_nut,plastic_nut::plastic_nut_0026_NG_ZW,plastic_nut::plastic_nut_0026_NG_ZW,1,five_view_mean,0.38493842,0.29319733,1,C3
plastic_nut,plastic_nut::plastic_nut_0027_NG_AK,plastic_nut::plastic_nut_0027_NG_AK,1,five_view_mean,0.33913824,0.29319733,1,C5
plastic_nut,plastic_nut::plastic_nut_0027_NG_HS,plastic_nut::plastic_nut_0027_NG_HS,1,five_view_mean,0.38842052,0.29319733,1,C1
plastic_nut,plastic_nut::plastic_nut_0027_NG_QS,plastic_nut::plastic_nut_0027_NG_QS,1,five_view_mean,0.33934671,0.29319733,1,C5
plastic_nut,plastic_nut::plastic_nut_0027_NG_ZW,plastic_nut::plastic_nut_0027_NG_ZW,1,five_view_mean,0.36388987,0.29319733,1,C2
plastic_nut,plastic_nut::plastic_nut_0027_OK,plastic_nut::plastic_nut_0027_OK,0,five_view_mean,0.25578189,0.29319733,0,C2
plastic_nut,plastic_nut::plastic_nut_0028_NG_AK,plastic_nut::plastic_nut_0028_NG_AK,1,five_view_mean,0.37462777,0.29319733,1,C2
plastic_nut,plastic_nut::plastic_nut_0028_NG_HS,plastic_nut::plastic_nut_0028_NG_HS,1,five_view_mean,0.38896543,0.29319733,1,C1
plastic_nut,plastic_nut::plastic_nut_0028_NG_QS,plastic_nut::plastic_nut_0028_NG_QS,1,five_view_mean,0.34801030,0.29319733,1,C5
plastic_nut,plastic_nut::plastic_nut_0028_NG_ZW,plastic_nut::plastic_nut_0028_NG_ZW,1,five_view_mean,0.36699364,0.29319733,1,C5
plastic_nut,plastic_nut::plastic_nut_0029_NG_AK,plastic_nut::plastic_nut_0029_NG_AK,1,five_view_mean,0.35728654,0.29319733,1,C5
plastic_nut,plastic_nut::plastic_nut_0029_NG_HS,plastic_nut::plastic_nut_0029_NG_HS,1,five_view_mean,0.38930711,0.29319733,1,C5
plastic_nut,plastic_nut::plastic_nut_0029_NG_QS,plastic_nut::plastic_nut_0029_NG_QS,1,five_view_mean,0.33772233,0.29319733,1,C2
plastic_nut,plastic_nut::plastic_nut_0029_NG_ZW,plastic_nut::plastic_nut_0029_NG_ZW,1,five_view_mean,0.34934741,0.29319733,1,C5
plastic_nut,plastic_nut::plastic_nut_0030_NG_AK,plastic_nut::plastic_nut_0030_NG_AK,1,five_view_mean,0.39316571,0.29319733,1,C1
plastic_nut,plastic_nut::plastic_nut_0030_NG_HS,plastic_nut::plastic_nut_0030_NG_HS,1,five_view_mean,0.36892825,0.29319733,1,C1
plastic_nut,plastic_nut::plastic_nut_0030_NG_QS,plastic_nut::plastic_nut_0030_NG_QS,1,five_view_mean,0.35271150,0.29319733,1,C5
plastic_nut,plastic_nut::plastic_nut_0030_NG_ZW,plastic_nut::plastic_nut_0030_NG_ZW,1,five_view_mean,0.34701675,0.29319733,1,C5
plastic_nut,plastic_nut::plastic_nut_0031_NG_AK,plastic_nut::plastic_nut_0031_NG_AK,1,five_view_mean,0.34795618,0.29319733,1,C5
plastic_nut,plastic_nut::plastic_nut_0031_NG_HS,plastic_nut::plastic_nut_0031_NG_HS,1,five_view_mean,0.38400251,0.29319733,1,C5
plastic_nut,plastic_nut::plastic_nut_0031_NG_QS,plastic_nut::plastic_nut_0031_NG_QS,1,five_view_mean,0.32362646,0.29319733,1,C5
plastic_nut,plastic_nut::plastic_nut_0031_NG_ZW,plastic_nut::plastic_nut_0031_NG_ZW,1,five_view_mean,0.32028359,0.29319733,1,C5
plastic_nut,plastic_nut::plastic_nut_0031_OK,plastic_nut::plastic_nut_0031_OK,0,five_view_mean,0.27223960,0.29319733,0,C3
plastic_nut,plastic_nut::plastic_nut_0032_NG_AK,plastic_nut::plastic_nut_0032_NG_AK,1,five_view_mean,0.34449327,0.29319733,1,C5
plastic_nut,plastic_nut::plastic_nut_0032_NG_HS,plastic_nut::plastic_nut_0032_NG_HS,1,five_view_mean,0.34169659,0.29319733,1,C5
plastic_nut,plastic_nut::plastic_nut_0032_NG_QS,plastic_nut::plastic_nut_0032_NG_QS,1,five_view_mean,0.34981629,0.29319733,1,C1
plastic_nut,plastic_nut::plastic_nut_0032_NG_ZW,plastic_nut::plastic_nut_0032_NG_ZW,1,five_view_mean,0.35634342,0.29319733,1,C5
plastic_nut,plastic_nut::plastic_nut_0032_OK,plastic_nut::plastic_nut_0032_OK,0,five_view_mean,0.30199426,0.29319733,1,C5
plastic_nut,plastic_nut::plastic_nut_0033_NG_AK,plastic_nut::plastic_nut_0033_NG_AK,1,five_view_mean,0.34426913,0.29319733,1,C5
plastic_nut,plastic_nut::plastic_nut_0033_NG_HS,plastic_nut::plastic_nut_0033_NG_HS,1,five_view_mean,0.33633977,0.29319733,1,C2
plastic_nut,plastic_nut::plastic_nut_0033_NG_QS,plastic_nut::plastic_nut_0033_NG_QS,1,five_view_mean,0.32922846,0.29319733,1,C5
plastic_nut,plastic_nut::plastic_nut_0033_NG_ZW,plastic_nut::plastic_nut_0033_NG_ZW,1,five_view_mean,0.34826624,0.29319733,1,C3
plastic_nut,plastic_nut::plastic_nut_0034_NG_AK,plastic_nut::plastic_nut_0034_NG_AK,1,five_view_mean,0.35169259,0.29319733,1,C5
plastic_nut,plastic_nut::plastic_nut_0034_NG_HS,plastic_nut::plastic_nut_0034_NG_HS,1,five_view_mean,0.33529034,0.29319733,1,C2
plastic_nut,plastic_nut::plastic_nut_0034_NG_QS,plastic_nut::plastic_nut_0034_NG_QS,1,five_view_mean,0.32562137,0.29319733,1,C2
plastic_nut,plastic_nut::plastic_nut_0034_NG_ZW,plastic_nut::plastic_nut_0034_NG_ZW,1,five_view_mean,0.36336973,0.29319733,1,C3
plastic_nut,plastic_nut::plastic_nut_0034_OK,plastic_nut::plastic_nut_0034_OK,0,five_view_mean,0.26559144,0.29319733,0,C1
plastic_nut,plastic_nut::plastic_nut_0035_NG_AK,plastic_nut::plastic_nut_0035_NG_AK,1,five_view_mean,0.36327475,0.29319733,1,C5
plastic_nut,plastic_nut::plastic_nut_0035_NG_HS,plastic_nut::plastic_nut_0035_NG_HS,1,five_view_mean,0.35820740,0.29319733,1,C5
plastic_nut,plastic_nut::plastic_nut_0035_NG_QS,plastic_nut::plastic_nut_0035_NG_QS,1,five_view_mean,0.30711484,0.29319733,1,C2
plastic_nut,plastic_nut::plastic_nut_0035_NG_ZW,plastic_nut::plastic_nut_0035_NG_ZW,1,five_view_mean,0.34060127,0.29319733,1,C5
plastic_nut,plastic_nut::plastic_nut_0036_NG_AK,plastic_nut::plastic_nut_0036_NG_AK,1,five_view_mean,0.35085279,0.29319733,1,C5
plastic_nut,plastic_nut::plastic_nut_0036_NG_HS,plastic_nut::plastic_nut_0036_NG_HS,1,five_view_mean,0.39093328,0.29319733,1,C2
plastic_nut,plastic_nut::plastic_nut_0036_NG_QS,plastic_nut::plastic_nut_0036_NG_QS,1,five_view_mean,0.34905297,0.29319733,1,C5
plastic_nut,plastic_nut::plastic_nut_0036_NG_ZW,plastic_nut::plastic_nut_0036_NG_ZW,1,five_view_mean,0.33410433,0.29319733,1,C2
plastic_nut,plastic_nut::plastic_nut_0037_NG_AK,plastic_nut::plastic_nut_0037_NG_AK,1,five_view_mean,0.35027212,0.29319733,1,C5
plastic_nut,plastic_nut::plastic_nut_0037_NG_HS,plastic_nut::plastic_nut_0037_NG_HS,1,five_view_mean,0.35807273,0.29319733,1,C5
plastic_nut,plastic_nut::plastic_nut_0037_NG_QS,plastic_nut::plastic_nut_0037_NG_QS,1,five_view_mean,0.34023592,0.29319733,1,C5
plastic_nut,plastic_nut::plastic_nut_0037_NG_ZW,plastic_nut::plastic_nut_0037_NG_ZW,1,five_view_mean,0.33834186,0.29319733,1,C5
plastic_nut,plastic_nut::plastic_nut_0037_OK,plastic_nut::plastic_nut_0037_OK,0,five_view_mean,0.27826375,0.29319733,0,C3
plastic_nut,plastic_nut::plastic_nut_0038_NG_AK,plastic_nut::plastic_nut_0038_NG_AK,1,five_view_mean,0.35996872,0.29319733,1,C5
plastic_nut,plastic_nut::plastic_nut_0038_NG_HS,plastic_nut::plastic_nut_0038_NG_HS,1,five_view_mean,0.36228073,0.29319733,1,C5
plastic_nut,plastic_nut::plastic_nut_0038_NG_QS,plastic_nut::plastic_nut_0038_NG_QS,1,five_view_mean,0.35029554,0.29319733,1,C5
plastic_nut,plastic_nut::plastic_nut_0038_NG_ZW,plastic_nut::plastic_nut_0038_NG_ZW,1,five_view_mean,0.35782078,0.29319733,1,C1
plastic_nut,plastic_nut::plastic_nut_0038_OK,plastic_nut::plastic_nut_0038_OK,0,five_view_mean,0.26770279,0.29319733,0,C4
plastic_nut,plastic_nut::plastic_nut_0039_NG_AK,plastic_nut::plastic_nut_0039_NG_AK,1,five_view_mean,0.35310361,0.29319733,1,C5
plastic_nut,plastic_nut::plastic_nut_0039_NG_HS,plastic_nut::plastic_nut_0039_NG_HS,1,five_view_mean,0.36587259,0.29319733,1,C2
plastic_nut,plastic_nut::plastic_nut_0039_NG_QS,plastic_nut::plastic_nut_0039_NG_QS,1,five_view_mean,0.34199446,0.29319733,1,C1
plastic_nut,plastic_nut::plastic_nut_0039_NG_ZW,plastic_nut::plastic_nut_0039_NG_ZW,1,five_view_mean,0.39838916,0.29319733,1,C2
plastic_nut,plastic_nut::plastic_nut_0039_OK,plastic_nut::plastic_nut_0039_OK,0,five_view_mean,0.26927316,0.29319733,0,C3
plastic_nut,plastic_nut::plastic_nut_0040_NG_AK,plastic_nut::plastic_nut_0040_NG_AK,1,five_view_mean,0.35591111,0.29319733,1,C5
plastic_nut,plastic_nut::plastic_nut_0040_NG_HS,plastic_nut::plastic_nut_0040_NG_HS,1,five_view_mean,0.36187115,0.29319733,1,C5
plastic_nut,plastic_nut::plastic_nut_0040_NG_QS,plastic_nut::plastic_nut_0040_NG_QS,1,five_view_mean,0.33224407,0.29319733,1,C2
plastic_nut,plastic_nut::plastic_nut_0040_NG_ZW,plastic_nut::plastic_nut_0040_NG_ZW,1,five_view_mean,0.34301439,0.29319733,1,C3
plastic_nut,plastic_nut::plastic_nut_0040_OK,plastic_nut::plastic_nut_0040_OK,0,five_view_mean,0.28106251,0.29319733,0,C2
plastic_nut,plastic_nut::plastic_nut_0041_NG_AK,plastic_nut::plastic_nut_0041_NG_AK,1,five_view_mean,0.34857345,0.29319733,1,C5
plastic_nut,plastic_nut::plastic_nut_0041_NG_HS,plastic_nut::plastic_nut_0041_NG_HS,1,five_view_mean,0.34134445,0.29319733,1,C2
plastic_nut,plastic_nut::plastic_nut_0041_NG_QS,plastic_nut::plastic_nut_0041_NG_QS,1,five_view_mean,0.39843467,0.29319733,1,C5
plastic_nut,plastic_nut::plastic_nut_0041_NG_ZW,plastic_nut::plastic_nut_0041_NG_ZW,1,five_view_mean,0.39994040,0.29319733,1,C2
plastic_nut,plastic_nut::plastic_nut_0041_OK,plastic_nut::plastic_nut_0041_OK,0,five_view_mean,0.27965298,0.29319733,0,C3
plastic_nut,plastic_nut::plastic_nut_0042_NG_AK,plastic_nut::plastic_nut_0042_NG_AK,1,five_view_mean,0.35451692,0.29319733,1,C5
plastic_nut,plastic_nut::plastic_nut_0042_NG_HS,plastic_nut::plastic_nut_0042_NG_HS,1,five_view_mean,0.33902210,0.29319733,1,C5
plastic_nut,plastic_nut::plastic_nut_0042_NG_QS,plastic_nut::plastic_nut_0042_NG_QS,1,five_view_mean,0.32236290,0.29319733,1,C2
plastic_nut,plastic_nut::plastic_nut_0042_NG_ZW,plastic_nut::plastic_nut_0042_NG_ZW,1,five_view_mean,0.35041833,0.29319733,1,C5
plastic_nut,plastic_nut::plastic_nut_0043_NG_AK,plastic_nut::plastic_nut_0043_NG_AK,1,five_view_mean,0.35247308,0.29319733,1,C5
plastic_nut,plastic_nut::plastic_nut_0043_NG_HS,plastic_nut::plastic_nut_0043_NG_HS,1,five_view_mean,0.36175686,0.29319733,1,C3
plastic_nut,plastic_nut::plastic_nut_0043_NG_QS,plastic_nut::plastic_nut_0043_NG_QS,1,five_view_mean,0.34280586,0.29319733,1,C2
plastic_nut,plastic_nut::plastic_nut_0043_NG_ZW,plastic_nut::plastic_nut_0043_NG_ZW,1,five_view_mean,0.36323866,0.29319733,1,C5
plastic_nut,plastic_nut::plastic_nut_0043_OK,plastic_nut::plastic_nut_0043_OK,0,five_view_mean,0.28180629,0.29319733,0,C3
plastic_nut,plastic_nut::plastic_nut_0044_NG_AK,plastic_nut::plastic_nut_0044_NG_AK,1,five_view_mean,0.37296620,0.29319733,1,C5
plastic_nut,plastic_nut::plastic_nut_0044_NG_HS,plastic_nut::plastic_nut_0044_NG_HS,1,five_view_mean,0.35662016,0.29319733,1,C5
plastic_nut,plastic_nut::plastic_nut_0044_NG_QS,plastic_nut::plastic_nut_0044_NG_QS,1,five_view_mean,0.33763987,0.29319733,1,C3
plastic_nut,plastic_nut::plastic_nut_0044_NG_ZW,plastic_nut::plastic_nut_0044_NG_ZW,1,five_view_mean,0.37868658,0.29319733,1,C3
plastic_nut,plastic_nut::plastic_nut_0045_NG_AK,plastic_nut::plastic_nut_0045_NG_AK,1,five_view_mean,0.36146924,0.29319733,1,C5
plastic_nut,plastic_nut::plastic_nut_0045_NG_HS,plastic_nut::plastic_nut_0045_NG_HS,1,five_view_mean,0.34384602,0.29319733,1,C5
plastic_nut,plastic_nut::plastic_nut_0045_NG_QS,plastic_nut::plastic_nut_0045_NG_QS,1,five_view_mean,0.32157832,0.29319733,1,C2
plastic_nut,plastic_nut::plastic_nut_0045_NG_ZW,plastic_nut::plastic_nut_0045_NG_ZW,1,five_view_mean,0.36362499,0.29319733,1,C5
plastic_nut,plastic_nut::plastic_nut_0045_OK,plastic_nut::plastic_nut_0045_OK,0,five_view_mean,0.28666425,0.29319733,0,C3
plastic_nut,plastic_nut::plastic_nut_0046_NG_AK,plastic_nut::plastic_nut_0046_NG_AK,1,five_view_mean,0.34661368,0.29319733,1,C5
plastic_nut,plastic_nut::plastic_nut_0046_NG_HS,plastic_nut::plastic_nut_0046_NG_HS,1,five_view_mean,0.34873945,0.29319733,1,C2
plastic_nut,plastic_nut::plastic_nut_0046_NG_QS,plastic_nut::plastic_nut_0046_NG_QS,1,five_view_mean,0.29856896,0.29319733,1,C2
plastic_nut,plastic_nut::plastic_nut_0046_NG_ZW,plastic_nut::plastic_nut_0046_NG_ZW,1,five_view_mean,0.34581381,0.29319733,1,C5
plastic_nut,plastic_nut::plastic_nut_0046_OK,plastic_nut::plastic_nut_0046_OK,0,five_view_mean,0.26668170,0.29319733,0,C2
plastic_nut,plastic_nut::plastic_nut_0047_NG_AK,plastic_nut::plastic_nut_0047_NG_AK,1,five_view_mean,0.35037944,0.29319733,1,C5
plastic_nut,plastic_nut::plastic_nut_0047_NG_HS,plastic_nut::plastic_nut_0047_NG_HS,1,five_view_mean,0.39538318,0.29319733,1,C5
plastic_nut,plastic_nut::plastic_nut_0047_NG_QS,plastic_nut::plastic_nut_0047_NG_QS,1,five_view_mean,0.33878773,0.29319733,1,C5
plastic_nut,plastic_nut::plastic_nut_0047_NG_ZW,plastic_nut::plastic_nut_0047_NG_ZW,1,five_view_mean,0.38526601,0.29319733,1,C2
plastic_nut,plastic_nut::plastic_nut_0048_NG_AK,plastic_nut::plastic_nut_0048_NG_AK,1,five_view_mean,0.34397051,0.29319733,1,C5
plastic_nut,plastic_nut::plastic_nut_0048_NG_HS,plastic_nut::plastic_nut_0048_NG_HS,1,five_view_mean,0.32749489,0.29319733,1,C2
plastic_nut,plastic_nut::plastic_nut_0048_NG_QS,plastic_nut::plastic_nut_0048_NG_QS,1,five_view_mean,0.34629148,0.29319733,1,C3
plastic_nut,plastic_nut::plastic_nut_0048_NG_ZW,plastic_nut::plastic_nut_0048_NG_ZW,1,five_view_mean,0.35893768,0.29319733,1,C3
plastic_nut,plastic_nut::plastic_nut_0049_NG_AK,plastic_nut::plastic_nut_0049_NG_AK,1,five_view_mean,0.34782106,0.29319733,1,C5
plastic_nut,plastic_nut::plastic_nut_0049_NG_HS,plastic_nut::plastic_nut_0049_NG_HS,1,five_view_mean,0.34812427,0.29319733,1,C2
plastic_nut,plastic_nut::plastic_nut_0049_NG_QS,plastic_nut::plastic_nut_0049_NG_QS,1,five_view_mean,0.31404719,0.29319733,1,C2
plastic_nut,plastic_nut::plastic_nut_0049_NG_ZW,plastic_nut::plastic_nut_0049_NG_ZW,1,five_view_mean,0.37488490,0.29319733,1,C5
plastic_nut,plastic_nut::plastic_nut_0049_OK,plastic_nut::plastic_nut_0049_OK,0,five_view_mean,0.24779026,0.29319733,0,C4
plastic_nut,plastic_nut::plastic_nut_0050_NG_AK,plastic_nut::plastic_nut_0050_NG_AK,1,five_view_mean,0.35209435,0.29319733,1,C5
plastic_nut,plastic_nut::plastic_nut_0050_NG_HS,plastic_nut::plastic_nut_0050_NG_HS,1,five_view_mean,0.35830146,0.29319733,1,C2
plastic_nut,plastic_nut::plastic_nut_0050_NG_QS,plastic_nut::plastic_nut_0050_NG_QS,1,five_view_mean,0.32603112,0.29319733,1,C3
plastic_nut,plastic_nut::plastic_nut_0050_NG_ZW,plastic_nut::plastic_nut_0050_NG_ZW,1,five_view_mean,0.35218954,0.29319733,1,C1
plastic_nut,plastic_nut::plastic_nut_0051_NG_AK,plastic_nut::plastic_nut_0051_NG_AK,1,five_view_mean,0.31253633,0.29319733,1,C2
plastic_nut,plastic_nut::plastic_nut_0051_NG_HS,plastic_nut::plastic_nut_0051_NG_HS,1,five_view_mean,0.34797716,0.29319733,1,C5
plastic_nut,plastic_nut::plastic_nut_0051_NG_QS,plastic_nut::plastic_nut_0051_NG_QS,1,five_view_mean,0.32497257,0.29319733,1,C2
plastic_nut,plastic_nut::plastic_nut_0051_NG_ZW,plastic_nut::plastic_nut_0051_NG_ZW,1,five_view_mean,0.37239814,0.29319733,1,C5
plastic_nut,plastic_nut::plastic_nut_0051_OK,plastic_nut::plastic_nut_0051_OK,0,five_view_mean,0.28430945,0.29319733,0,C3
plastic_nut,plastic_nut::plastic_nut_0052_NG_AK,plastic_nut::plastic_nut_0052_NG_AK,1,five_view_mean,0.35698467,0.29319733,1,C5
plastic_nut,plastic_nut::plastic_nut_0052_NG_HS,plastic_nut::plastic_nut_0052_NG_HS,1,five_view_mean,0.33573806,0.29319733,1,C2
plastic_nut,plastic_nut::plastic_nut_0052_NG_QS,plastic_nut::plastic_nut_0052_NG_QS,1,five_view_mean,0.36341852,0.29319733,1,C5
plastic_nut,plastic_nut::plastic_nut_0052_NG_ZW,plastic_nut::plastic_nut_0052_NG_ZW,1,five_view_mean,0.37894836,0.29319733,1,C3
plastic_nut,plastic_nut::plastic_nut_0052_OK,plastic_nut::plastic_nut_0052_OK,0,five_view_mean,0.26714319,0.29319733,0,C4
plastic_nut,plastic_nut::plastic_nut_0053_NG_AK,plastic_nut::plastic_nut_0053_NG_AK,1,five_view_mean,0.37048972,0.29319733,1,C2
plastic_nut,plastic_nut::plastic_nut_0053_NG_HS,plastic_nut::plastic_nut_0053_NG_HS,1,five_view_mean,0.34701282,0.29319733,1,C3
plastic_nut,plastic_nut::plastic_nut_0053_NG_QS,plastic_nut::plastic_nut_0053_NG_QS,1,five_view_mean,0.41181225,0.29319733,1,C5
plastic_nut,plastic_nut::plastic_nut_0053_NG_ZW,plastic_nut::plastic_nut_0053_NG_ZW,1,five_view_mean,0.43099624,0.29319733,1,C5
plastic_nut,plastic_nut::plastic_nut_0054_NG_AK,plastic_nut::plastic_nut_0054_NG_AK,1,five_view_mean,0.35420442,0.29319733,1,C5
plastic_nut,plastic_nut::plastic_nut_0054_NG_HS,plastic_nut::plastic_nut_0054_NG_HS,1,five_view_mean,0.32737949,0.29319733,1,C5
plastic_nut,plastic_nut::plastic_nut_0054_NG_QS,plastic_nut::plastic_nut_0054_NG_QS,1,five_view_mean,0.33940420,0.29319733,1,C5
plastic_nut,plastic_nut::plastic_nut_0054_NG_ZW,plastic_nut::plastic_nut_0054_NG_ZW,1,five_view_mean,0.37097612,0.29319733,1,C3
plastic_nut,plastic_nut::plastic_nut_0055_NG_AK,plastic_nut::plastic_nut_0055_NG_AK,1,five_view_mean,0.35789466,0.29319733,1,C5
plastic_nut,plastic_nut::plastic_nut_0055_NG_HS,plastic_nut::plastic_nut_0055_NG_HS,1,five_view_mean,0.33625871,0.29319733,1,C5
plastic_nut,plastic_nut::plastic_nut_0055_NG_QS,plastic_nut::plastic_nut_0055_NG_QS,1,five_view_mean,0.33460730,0.29319733,1,C1
plastic_nut,plastic_nut::plastic_nut_0055_NG_ZW,plastic_nut::plastic_nut_0055_NG_ZW,1,five_view_mean,0.33690292,0.29319733,1,C1
plastic_nut,plastic_nut::plastic_nut_0056_NG_AK,plastic_nut::plastic_nut_0056_NG_AK,1,five_view_mean,0.34746441,0.29319733,1,C5
plastic_nut,plastic_nut::plastic_nut_0056_NG_HS,plastic_nut::plastic_nut_0056_NG_HS,1,five_view_mean,0.35871834,0.29319733,1,C5
plastic_nut,plastic_nut::plastic_nut_0056_NG_QS,plastic_nut::plastic_nut_0056_NG_QS,1,five_view_mean,0.31753686,0.29319733,1,C2
plastic_nut,plastic_nut::plastic_nut_0056_NG_ZW,plastic_nut::plastic_nut_0056_NG_ZW,1,five_view_mean,0.46266633,0.29319733,1,C3
plastic_nut,plastic_nut::plastic_nut_0056_OK,plastic_nut::plastic_nut_0056_OK,0,five_view_mean,0.26644832,0.29319733,0,C1
plastic_nut,plastic_nut::plastic_nut_0057_NG_AK,plastic_nut::plastic_nut_0057_NG_AK,1,five_view_mean,0.36340433,0.29319733,1,C5
plastic_nut,plastic_nut::plastic_nut_0057_NG_HS,plastic_nut::plastic_nut_0057_NG_HS,1,five_view_mean,0.34989953,0.29319733,1,C5
plastic_nut,plastic_nut::plastic_nut_0057_NG_QS,plastic_nut::plastic_nut_0057_NG_QS,1,five_view_mean,0.32599896,0.29319733,1,C2
plastic_nut,plastic_nut::plastic_nut_0057_NG_ZW,plastic_nut::plastic_nut_0057_NG_ZW,1,five_view_mean,0.39933199,0.29319733,1,C5
plastic_nut,plastic_nut::plastic_nut_0057_OK,plastic_nut::plastic_nut_0057_OK,0,five_view_mean,0.27409679,0.29319733,0,C5
plastic_nut,plastic_nut::plastic_nut_0058_NG_AK,plastic_nut::plastic_nut_0058_NG_AK,1,five_view_mean,0.35668027,0.29319733,1,C5
plastic_nut,plastic_nut::plastic_nut_0058_NG_HS,plastic_nut::plastic_nut_0058_NG_HS,1,five_view_mean,0.36056095,0.29319733,1,C1
plastic_nut,plastic_nut::plastic_nut_0058_NG_QS,plastic_nut::plastic_nut_0058_NG_QS,1,five_view_mean,0.35600853,0.29319733,1,C5
plastic_nut,plastic_nut::plastic_nut_0058_NG_ZW,plastic_nut::plastic_nut_0058_NG_ZW,1,five_view_mean,0.37569270,0.29319733,1,C3
plastic_nut,plastic_nut::plastic_nut_0059_NG_AK,plastic_nut::plastic_nut_0059_NG_AK,1,five_view_mean,0.34769434,0.29319733,1,C5
plastic_nut,plastic_nut::plastic_nut_0059_NG_HS,plastic_nut::plastic_nut_0059_NG_HS,1,five_view_mean,0.30863065,0.29319733,1,C2
plastic_nut,plastic_nut::plastic_nut_0059_NG_QS,plastic_nut::plastic_nut_0059_NG_QS,1,five_view_mean,0.32238621,0.29319733,1,C2
plastic_nut,plastic_nut::plastic_nut_0059_NG_ZW,plastic_nut::plastic_nut_0059_NG_ZW,1,five_view_mean,0.37862706,0.29319733,1,C3
plastic_nut,plastic_nut::plastic_nut_0059_OK,plastic_nut::plastic_nut_0059_OK,0,five_view_mean,0.24612227,0.29319733,0,C3
plastic_nut,plastic_nut::plastic_nut_0060_NG_AK,plastic_nut::plastic_nut_0060_NG_AK,1,five_view_mean,0.35214010,0.29319733,1,C5
plastic_nut,plastic_nut::plastic_nut_0060_NG_HS,plastic_nut::plastic_nut_0060_NG_HS,1,five_view_mean,0.32551280,0.29319733,1,C2
plastic_nut,plastic_nut::plastic_nut_0060_NG_QS,plastic_nut::plastic_nut_0060_NG_QS,1,five_view_mean,0.35241151,0.29319733,1,C5
plastic_nut,plastic_nut::plastic_nut_0060_NG_ZW,plastic_nut::plastic_nut_0060_NG_ZW,1,five_view_mean,0.38638562,0.29319733,1,C5
plastic_nut,plastic_nut::plastic_nut_0060_OK,plastic_nut::plastic_nut_0060_OK,0,five_view_mean,0.23700404,0.29319733,0,C1
plastic_nut,plastic_nut::plastic_nut_0061_NG_AK,plastic_nut::plastic_nut_0061_NG_AK,1,five_view_mean,0.35254675,0.29319733,1,C5
plastic_nut,plastic_nut::plastic_nut_0061_NG_HS,plastic_nut::plastic_nut_0061_NG_HS,1,five_view_mean,0.30823171,0.29319733,1,C5
plastic_nut,plastic_nut::plastic_nut_0061_NG_QS,plastic_nut::plastic_nut_0061_NG_QS,1,five_view_mean,0.31626183,0.29319733,1,C2
plastic_nut,plastic_nut::plastic_nut_0061_NG_ZW,plastic_nut::plastic_nut_0061_NG_ZW,1,five_view_mean,0.40339923,0.29319733,1,C5
plastic_nut,plastic_nut::plastic_nut_0062_NG_AK,plastic_nut::plastic_nut_0062_NG_AK,1,five_view_mean,0.36544544,0.29319733,1,C5
plastic_nut,plastic_nut::plastic_nut_0062_NG_HS,plastic_nut::plastic_nut_0062_NG_HS,1,five_view_mean,0.33739686,0.29319733,1,C5
plastic_nut,plastic_nut::plastic_nut_0062_NG_QS,plastic_nut::plastic_nut_0062_NG_QS,1,five_view_mean,0.31417924,0.29319733,1,C2
plastic_nut,plastic_nut::plastic_nut_0062_NG_ZW,plastic_nut::plastic_nut_0062_NG_ZW,1,five_view_mean,0.35710341,0.29319733,1,C5
plastic_nut,plastic_nut::plastic_nut_0062_OK,plastic_nut::plastic_nut_0062_OK,0,five_view_mean,0.25004679,0.29319733,0,C3
plastic_nut,plastic_nut::plastic_nut_0063_NG_AK,plastic_nut::plastic_nut_0063_NG_AK,1,five_view_mean,0.35939407,0.29319733,1,C5
plastic_nut,plastic_nut::plastic_nut_0063_NG_HS,plastic_nut::plastic_nut_0063_NG_HS,1,five_view_mean,0.33980003,0.29319733,1,C2
plastic_nut,plastic_nut::plastic_nut_0063_NG_QS,plastic_nut::plastic_nut_0063_NG_QS,1,five_view_mean,0.31794864,0.29319733,1,C2
plastic_nut,plastic_nut::plastic_nut_0063_NG_ZW,plastic_nut::plastic_nut_0063_NG_ZW,1,five_view_mean,0.34479040,0.29319733,1,C5
plastic_nut,plastic_nut::plastic_nut_0063_OK,plastic_nut::plastic_nut_0063_OK,0,five_view_mean,0.24207091,0.29319733,0,C4
plastic_nut,plastic_nut::plastic_nut_0064_NG_AK,plastic_nut::plastic_nut_0064_NG_AK,1,five_view_mean,0.35442370,0.29319733,1,C5
plastic_nut,plastic_nut::plastic_nut_0064_NG_HS,plastic_nut::plastic_nut_0064_NG_HS,1,five_view_mean,0.35808021,0.29319733,1,C3
plastic_nut,plastic_nut::plastic_nut_0064_NG_QS,plastic_nut::plastic_nut_0064_NG_QS,1,five_view_mean,0.34668559,0.29319733,1,C5
plastic_nut,plastic_nut::plastic_nut_0064_NG_ZW,plastic_nut::plastic_nut_0064_NG_ZW,1,five_view_mean,0.32289582,0.29319733,1,C5
plastic_nut,plastic_nut::plastic_nut_0064_OK,plastic_nut::plastic_nut_0064_OK,0,five_view_mean,0.24901989,0.29319733,0,C5
plastic_nut,plastic_nut::plastic_nut_0065_NG_AK,plastic_nut::plastic_nut_0065_NG_AK,1,five_view_mean,0.34912977,0.29319733,1,C5
plastic_nut,plastic_nut::plastic_nut_0065_NG_HS,plastic_nut::plastic_nut_0065_NG_HS,1,five_view_mean,0.34188420,0.29319733,1,C5
plastic_nut,plastic_nut::plastic_nut_0065_NG_QS,plastic_nut::plastic_nut_0065_NG_QS,1,five_view_mean,0.34148777,0.29319733,1,C2
plastic_nut,plastic_nut::plastic_nut_0065_NG_ZW,plastic_nut::plastic_nut_0065_NG_ZW,1,five_view_mean,0.32867876,0.29319733,1,C5
plastic_nut,plastic_nut::plastic_nut_0065_OK,plastic_nut::plastic_nut_0065_OK,0,five_view_mean,0.26128873,0.29319733,0,C1
plastic_nut,plastic_nut::plastic_nut_0066_NG_AK,plastic_nut::plastic_nut_0066_NG_AK,1,five_view_mean,0.35590586,0.29319733,1,C5
plastic_nut,plastic_nut::plastic_nut_0066_NG_HS,plastic_nut::plastic_nut_0066_NG_HS,1,five_view_mean,0.31655863,0.29319733,1,C5
plastic_nut,plastic_nut::plastic_nut_0066_NG_QS,plastic_nut::plastic_nut_0066_NG_QS,1,five_view_mean,0.40398329,0.29319733,1,C5
plastic_nut,plastic_nut::plastic_nut_0066_NG_ZW,plastic_nut::plastic_nut_0066_NG_ZW,1,five_view_mean,0.37019545,0.29319733,1,C5
plastic_nut,plastic_nut::plastic_nut_0066_OK,plastic_nut::plastic_nut_0066_OK,0,five_view_mean,0.24346945,0.29319733,0,C5
plastic_nut,plastic_nut::plastic_nut_0067_NG_AK,plastic_nut::plastic_nut_0067_NG_AK,1,five_view_mean,0.35008299,0.29319733,1,C5
plastic_nut,plastic_nut::plastic_nut_0067_NG_HS,plastic_nut::plastic_nut_0067_NG_HS,1,five_view_mean,0.34529620,0.29319733,1,C2
plastic_nut,plastic_nut::plastic_nut_0067_NG_QS,plastic_nut::plastic_nut_0067_NG_QS,1,five_view_mean,0.33744591,0.29319733,1,C1
plastic_nut,plastic_nut::plastic_nut_0067_NG_ZW,plastic_nut::plastic_nut_0067_NG_ZW,1,five_view_mean,0.36248487,0.29319733,1,C5
plastic_nut,plastic_nut::plastic_nut_0068_NG_AK,plastic_nut::plastic_nut_0068_NG_AK,1,five_view_mean,0.35280651,0.29319733,1,C5
plastic_nut,plastic_nut::plastic_nut_0068_NG_HS,plastic_nut::plastic_nut_0068_NG_HS,1,five_view_mean,0.34254244,0.29319733,1,C3
plastic_nut,plastic_nut::plastic_nut_0068_NG_QS,plastic_nut::plastic_nut_0068_NG_QS,1,five_view_mean,0.35192591,0.29319733,1,C2
plastic_nut,plastic_nut::plastic_nut_0068_NG_ZW,plastic_nut::plastic_nut_0068_NG_ZW,1,five_view_mean,0.39683521,0.29319733,1,C2
plastic_nut,plastic_nut::plastic_nut_0069_NG_AK,plastic_nut::plastic_nut_0069_NG_AK,1,five_view_mean,0.35794333,0.29319733,1,C5
plastic_nut,plastic_nut::plastic_nut_0069_NG_HS,plastic_nut::plastic_nut_0069_NG_HS,1,five_view_mean,0.33780989,0.29319733,1,C2
plastic_nut,plastic_nut::plastic_nut_0069_NG_QS,plastic_nut::plastic_nut_0069_NG_QS,1,five_view_mean,0.34284025,0.29319733,1,C5
plastic_nut,plastic_nut::plastic_nut_0069_NG_ZW,plastic_nut::plastic_nut_0069_NG_ZW,1,five_view_mean,0.40028411,0.29319733,1,C1
plastic_nut,plastic_nut::plastic_nut_0070_NG_AK,plastic_nut::plastic_nut_0070_NG_AK,1,five_view_mean,0.34623969,0.29319733,1,C5
plastic_nut,plastic_nut::plastic_nut_0070_NG_HS,plastic_nut::plastic_nut_0070_NG_HS,1,five_view_mean,0.38512719,0.29319733,1,C5
plastic_nut,plastic_nut::plastic_nut_0070_NG_QS,plastic_nut::plastic_nut_0070_NG_QS,1,five_view_mean,0.34530923,0.29319733,1,C1
plastic_nut,plastic_nut::plastic_nut_0070_NG_ZW,plastic_nut::plastic_nut_0070_NG_ZW,1,five_view_mean,0.43070251,0.29319733,1,C1
plastic_nut,plastic_nut::plastic_nut_0070_OK,plastic_nut::plastic_nut_0070_OK,0,five_view_mean,0.26112109,0.29319733,0,C1
plastic_nut,plastic_nut::plastic_nut_0071_NG_AK,plastic_nut::plastic_nut_0071_NG_AK,1,five_view_mean,0.35203633,0.29319733,1,C5
plastic_nut,plastic_nut::plastic_nut_0071_NG_HS,plastic_nut::plastic_nut_0071_NG_HS,1,five_view_mean,0.30591559,0.29319733,1,C2
plastic_nut,plastic_nut::plastic_nut_0071_NG_QS,plastic_nut::plastic_nut_0071_NG_QS,1,five_view_mean,0.36959392,0.29319733,1,C5
plastic_nut,plastic_nut::plastic_nut_0071_NG_ZW,plastic_nut::plastic_nut_0071_NG_ZW,1,five_view_mean,0.39122167,0.29319733,1,C2
plastic_nut,plastic_nut::plastic_nut_0071_OK,plastic_nut::plastic_nut_0071_OK,0,five_view_mean,0.25514632,0.29319733,0,C1
plastic_nut,plastic_nut::plastic_nut_0072_NG_AK,plastic_nut::plastic_nut_0072_NG_AK,1,five_view_mean,0.34411016,0.29319733,1,C5
plastic_nut,plastic_nut::plastic_nut_0072_NG_HS,plastic_nut::plastic_nut_0072_NG_HS,1,five_view_mean,0.34978509,0.29319733,1,C3
plastic_nut,plastic_nut::plastic_nut_0072_NG_QS,plastic_nut::plastic_nut_0072_NG_QS,1,five_view_mean,0.34273061,0.29319733,1,C1
plastic_nut,plastic_nut::plastic_nut_0072_NG_ZW,plastic_nut::plastic_nut_0072_NG_ZW,1,five_view_mean,0.39390701,0.29319733,1,C5
plastic_nut,plastic_nut::plastic_nut_0072_OK,plastic_nut::plastic_nut_0072_OK,0,five_view_mean,0.26630941,0.29319733,0,C1
plastic_nut,plastic_nut::plastic_nut_0073_NG_AK,plastic_nut::plastic_nut_0073_NG_AK,1,five_view_mean,0.36852169,0.29319733,1,C5
plastic_nut,plastic_nut::plastic_nut_0073_NG_HS,plastic_nut::plastic_nut_0073_NG_HS,1,five_view_mean,0.34328654,0.29319733,1,C2
plastic_nut,plastic_nut::plastic_nut_0073_NG_QS,plastic_nut::plastic_nut_0073_NG_QS,1,five_view_mean,0.32828853,0.29319733,1,C1
plastic_nut,plastic_nut::plastic_nut_0073_NG_ZW,plastic_nut::plastic_nut_0073_NG_ZW,1,five_view_mean,0.44097430,0.29319733,1,C3
plastic_nut,plastic_nut::plastic_nut_0073_OK,plastic_nut::plastic_nut_0073_OK,0,five_view_mean,0.25479120,0.29319733,0,C5
plastic_nut,plastic_nut::plastic_nut_0074_NG_AK,plastic_nut::plastic_nut_0074_NG_AK,1,five_view_mean,0.35038543,0.29319733,1,C5
plastic_nut,plastic_nut::plastic_nut_0074_NG_HS,plastic_nut::plastic_nut_0074_NG_HS,1,five_view_mean,0.30356991,0.29319733,1,C2
plastic_nut,plastic_nut::plastic_nut_0074_NG_QS,plastic_nut::plastic_nut_0074_NG_QS,1,five_view_mean,0.34936434,0.29319733,1,C5
plastic_nut,plastic_nut::plastic_nut_0074_NG_ZW,plastic_nut::plastic_nut_0074_NG_ZW,1,five_view_mean,0.41164199,0.29319733,1,C3
plastic_nut,plastic_nut::plastic_nut_0074_OK,plastic_nut::plastic_nut_0074_OK,0,five_view_mean,0.28637737,0.29319733,0,C5
plastic_nut,plastic_nut::plastic_nut_0075_NG_AK,plastic_nut::plastic_nut_0075_NG_AK,1,five_view_mean,0.33933219,0.29319733,1,C5
plastic_nut,plastic_nut::plastic_nut_0075_NG_HS,plastic_nut::plastic_nut_0075_NG_HS,1,five_view_mean,0.31712210,0.29319733,1,C2
plastic_nut,plastic_nut::plastic_nut_0075_NG_QS,plastic_nut::plastic_nut_0075_NG_QS,1,five_view_mean,0.38393122,0.29319733,1,C5
plastic_nut,plastic_nut::plastic_nut_0075_NG_ZW,plastic_nut::plastic_nut_0075_NG_ZW,1,five_view_mean,0.36422211,0.29319733,1,C2
plastic_nut,plastic_nut::plastic_nut_0075_OK,plastic_nut::plastic_nut_0075_OK,0,five_view_mean,0.27048355,0.29319733,0,C2
plastic_nut,plastic_nut::plastic_nut_0076_NG_AK,plastic_nut::plastic_nut_0076_NG_AK,1,five_view_mean,0.34357226,0.29319733,1,C2
plastic_nut,plastic_nut::plastic_nut_0076_NG_HS,plastic_nut::plastic_nut_0076_NG_HS,1,five_view_mean,0.31157559,0.29319733,1,C2
plastic_nut,plastic_nut::plastic_nut_0076_NG_QS,plastic_nut::plastic_nut_0076_NG_QS,1,five_view_mean,0.36741358,0.29319733,1,C5
plastic_nut,plastic_nut::plastic_nut_0076_NG_ZW,plastic_nut::plastic_nut_0076_NG_ZW,1,five_view_mean,0.36777490,0.29319733,1,C5
plastic_nut,plastic_nut::plastic_nut_0077_NG_AK,plastic_nut::plastic_nut_0077_NG_AK,1,five_view_mean,0.34233001,0.29319733,1,C1
plastic_nut,plastic_nut::plastic_nut_0077_NG_HS,plastic_nut::plastic_nut_0077_NG_HS,1,five_view_mean,0.31543574,0.29319733,1,C2
plastic_nut,plastic_nut::plastic_nut_0077_NG_QS,plastic_nut::plastic_nut_0077_NG_QS,1,five_view_mean,0.35885891,0.29319733,1,C5
plastic_nut,plastic_nut::plastic_nut_0077_NG_ZW,plastic_nut::plastic_nut_0077_NG_ZW,1,five_view_mean,0.35740995,0.29319733,1,C2
plastic_nut,plastic_nut::plastic_nut_0078_NG_AK,plastic_nut::plastic_nut_0078_NG_AK,1,five_view_mean,0.34588045,0.29319733,1,C5
plastic_nut,plastic_nut::plastic_nut_0078_NG_HS,plastic_nut::plastic_nut_0078_NG_HS,1,five_view_mean,0.30154347,0.29319733,1,C5
plastic_nut,plastic_nut::plastic_nut_0078_NG_QS,plastic_nut::plastic_nut_0078_NG_QS,1,five_view_mean,0.33820790,0.29319733,1,C2
plastic_nut,plastic_nut::plastic_nut_0078_NG_ZW,plastic_nut::plastic_nut_0078_NG_ZW,1,five_view_mean,0.36870494,0.29319733,1,C5
plastic_nut,plastic_nut::plastic_nut_0079_NG_AK,plastic_nut::plastic_nut_0079_NG_AK,1,five_view_mean,0.34549612,0.29319733,1,C1
plastic_nut,plastic_nut::plastic_nut_0079_NG_HS,plastic_nut::plastic_nut_0079_NG_HS,1,five_view_mean,0.33581227,0.29319733,1,C3
plastic_nut,plastic_nut::plastic_nut_0079_NG_QS,plastic_nut::plastic_nut_0079_NG_QS,1,five_view_mean,0.36935574,0.29319733,1,C5
plastic_nut,plastic_nut::plastic_nut_0079_NG_ZW,plastic_nut::plastic_nut_0079_NG_ZW,1,five_view_mean,0.33463749,0.29319733,1,C2
plastic_nut,plastic_nut::plastic_nut_0079_OK,plastic_nut::plastic_nut_0079_OK,0,five_view_mean,0.26007858,0.29319733,0,C3
plastic_nut,plastic_nut::plastic_nut_0080_NG_AK,plastic_nut::plastic_nut_0080_NG_AK,1,five_view_mean,0.33972454,0.29319733,1,C5
plastic_nut,plastic_nut::plastic_nut_0080_NG_HS,plastic_nut::plastic_nut_0080_NG_HS,1,five_view_mean,0.34997725,0.29319733,1,C5
plastic_nut,plastic_nut::plastic_nut_0080_NG_QS,plastic_nut::plastic_nut_0080_NG_QS,1,five_view_mean,0.39880413,0.29319733,1,C5
plastic_nut,plastic_nut::plastic_nut_0080_NG_ZW,plastic_nut::plastic_nut_0080_NG_ZW,1,five_view_mean,0.35954699,0.29319733,1,C5
plastic_nut,plastic_nut::plastic_nut_0081_NG_AK,plastic_nut::plastic_nut_0081_NG_AK,1,five_view_mean,0.33761591,0.29319733,1,C5
plastic_nut,plastic_nut::plastic_nut_0081_NG_HS,plastic_nut::plastic_nut_0081_NG_HS,1,five_view_mean,0.31921276,0.29319733,1,C2
plastic_nut,plastic_nut::plastic_nut_0081_NG_QS,plastic_nut::plastic_nut_0081_NG_QS,1,five_view_mean,0.35077277,0.29319733,1,C2
plastic_nut,plastic_nut::plastic_nut_0081_NG_ZW,plastic_nut::plastic_nut_0081_NG_ZW,1,five_view_mean,0.38865244,0.29319733,1,C5
plastic_nut,plastic_nut::plastic_nut_0081_OK,plastic_nut::plastic_nut_0081_OK,0,five_view_mean,0.30486253,0.29319733,1,C1
plastic_nut,plastic_nut::plastic_nut_0082_NG_AK,plastic_nut::plastic_nut_0082_NG_AK,1,five_view_mean,0.31647190,0.29319733,1,C2
plastic_nut,plastic_nut::plastic_nut_0082_NG_HS,plastic_nut::plastic_nut_0082_NG_HS,1,five_view_mean,0.37136903,0.29319733,1,C5
plastic_nut,plastic_nut::plastic_nut_0082_NG_QS,plastic_nut::plastic_nut_0082_NG_QS,1,five_view_mean,0.34147695,0.29319733,1,C5
plastic_nut,plastic_nut::plastic_nut_0082_NG_ZW,plastic_nut::plastic_nut_0082_NG_ZW,1,five_view_mean,0.37394047,0.29319733,1,C5
plastic_nut,plastic_nut::plastic_nut_0083_NG_AK,plastic_nut::plastic_nut_0083_NG_AK,1,five_view_mean,0.31366992,0.29319733,1,C2
plastic_nut,plastic_nut::plastic_nut_0083_NG_HS,plastic_nut::plastic_nut_0083_NG_HS,1,five_view_mean,0.32306668,0.29319733,1,C1
plastic_nut,plastic_nut::plastic_nut_0083_NG_QS,plastic_nut::plastic_nut_0083_NG_QS,1,five_view_mean,0.36254019,0.29319733,1,C3
plastic_nut,plastic_nut::plastic_nut_0083_NG_ZW,plastic_nut::plastic_nut_0083_NG_ZW,1,five_view_mean,0.35817784,0.29319733,1,C5
plastic_nut,plastic_nut::plastic_nut_0084_NG_AK,plastic_nut::plastic_nut_0084_NG_AK,1,five_view_mean,0.34503111,0.29319733,1,C5
plastic_nut,plastic_nut::plastic_nut_0084_NG_HS,plastic_nut::plastic_nut_0084_NG_HS,1,five_view_mean,0.33382735,0.29319733,1,C2
plastic_nut,plastic_nut::plastic_nut_0084_NG_QS,plastic_nut::plastic_nut_0084_NG_QS,1,five_view_mean,0.35767639,0.29319733,1,C5
plastic_nut,plastic_nut::plastic_nut_0084_NG_ZW,plastic_nut::plastic_nut_0084_NG_ZW,1,five_view_mean,0.36498725,0.29319733,1,C3
plastic_nut,plastic_nut::plastic_nut_0085_NG_AK,plastic_nut::plastic_nut_0085_NG_AK,1,five_view_mean,0.31858546,0.29319733,1,C2
plastic_nut,plastic_nut::plastic_nut_0085_NG_HS,plastic_nut::plastic_nut_0085_NG_HS,1,five_view_mean,0.33946675,0.29319733,1,C1
plastic_nut,plastic_nut::plastic_nut_0085_NG_QS,plastic_nut::plastic_nut_0085_NG_QS,1,five_view_mean,0.37530437,0.29319733,1,C5
plastic_nut,plastic_nut::plastic_nut_0085_NG_ZW,plastic_nut::plastic_nut_0085_NG_ZW,1,five_view_mean,0.36385447,0.29319733,1,C5
plastic_nut,plastic_nut::plastic_nut_0086_NG_AK,plastic_nut::plastic_nut_0086_NG_AK,1,five_view_mean,0.37881088,0.29319733,1,C5
plastic_nut,plastic_nut::plastic_nut_0086_NG_HS,plastic_nut::plastic_nut_0086_NG_HS,1,five_view_mean,0.32019442,0.29319733,1,C2
plastic_nut,plastic_nut::plastic_nut_0086_NG_QS,plastic_nut::plastic_nut_0086_NG_QS,1,five_view_mean,0.36296239,0.29319733,1,C5
plastic_nut,plastic_nut::plastic_nut_0086_NG_ZW,plastic_nut::plastic_nut_0086_NG_ZW,1,five_view_mean,0.37733960,0.29319733,1,C3
plastic_nut,plastic_nut::plastic_nut_0086_OK,plastic_nut::plastic_nut_0086_OK,0,five_view_mean,0.26974142,0.29319733,0,C2
plastic_nut,plastic_nut::plastic_nut_0087_NG_AK,plastic_nut::plastic_nut_0087_NG_AK,1,five_view_mean,0.37713173,0.29319733,1,C5
plastic_nut,plastic_nut::plastic_nut_0087_NG_HS,plastic_nut::plastic_nut_0087_NG_HS,1,five_view_mean,0.32668185,0.29319733,1,C2
plastic_nut,plastic_nut::plastic_nut_0087_NG_QS,plastic_nut::plastic_nut_0087_NG_QS,1,five_view_mean,0.34689468,0.29319733,1,C5
plastic_nut,plastic_nut::plastic_nut_0087_NG_ZW,plastic_nut::plastic_nut_0087_NG_ZW,1,five_view_mean,0.35988668,0.29319733,1,C1
plastic_nut,plastic_nut::plastic_nut_0088_NG_AK,plastic_nut::plastic_nut_0088_NG_AK,1,five_view_mean,0.35596806,0.29319733,1,C2
plastic_nut,plastic_nut::plastic_nut_0088_NG_HS,plastic_nut::plastic_nut_0088_NG_HS,1,five_view_mean,0.33330205,0.29319733,1,C2
plastic_nut,plastic_nut::plastic_nut_0088_NG_QS,plastic_nut::plastic_nut_0088_NG_QS,1,five_view_mean,0.34827805,0.29319733,1,C5
plastic_nut,plastic_nut::plastic_nut_0088_NG_ZW,plastic_nut::plastic_nut_0088_NG_ZW,1,five_view_mean,0.32967123,0.29319733,1,C2
plastic_nut,plastic_nut::plastic_nut_0088_OK,plastic_nut::plastic_nut_0088_OK,0,five_view_mean,0.27515808,0.29319733,0,C5
plastic_nut,plastic_nut::plastic_nut_0089_NG_AK,plastic_nut::plastic_nut_0089_NG_AK,1,five_view_mean,0.38062769,0.29319733,1,C5
plastic_nut,plastic_nut::plastic_nut_0089_NG_HS,plastic_nut::plastic_nut_0089_NG_HS,1,five_view_mean,0.34309539,0.29319733,1,C3
plastic_nut,plastic_nut::plastic_nut_0089_NG_QS,plastic_nut::plastic_nut_0089_NG_QS,1,five_view_mean,0.35432005,0.29319733,1,C5
plastic_nut,plastic_nut::plastic_nut_0089_NG_ZW,plastic_nut::plastic_nut_0089_NG_ZW,1,five_view_mean,0.41387445,0.29319733,1,C5
plastic_nut,plastic_nut::plastic_nut_0089_OK,plastic_nut::plastic_nut_0089_OK,0,five_view_mean,0.24547859,0.29319733,0,C1
plastic_nut,plastic_nut::plastic_nut_0090_NG_AK,plastic_nut::plastic_nut_0090_NG_AK,1,five_view_mean,0.31898743,0.29319733,1,C5
plastic_nut,plastic_nut::plastic_nut_0090_NG_HS,plastic_nut::plastic_nut_0090_NG_HS,1,five_view_mean,0.35771528,0.29319733,1,C2
plastic_nut,plastic_nut::plastic_nut_0090_NG_QS,plastic_nut::plastic_nut_0090_NG_QS,1,five_view_mean,0.33771151,0.29319733,1,C5
plastic_nut,plastic_nut::plastic_nut_0090_NG_ZW,plastic_nut::plastic_nut_0090_NG_ZW,1,five_view_mean,0.45292610,0.29319733,1,C2
plastic_nut,plastic_nut::plastic_nut_0091_NG_AK,plastic_nut::plastic_nut_0091_NG_AK,1,five_view_mean,0.37360620,0.29319733,1,C1
plastic_nut,plastic_nut::plastic_nut_0091_NG_HS,plastic_nut::plastic_nut_0091_NG_HS,1,five_view_mean,0.32679200,0.29319733,1,C5
plastic_nut,plastic_nut::plastic_nut_0091_NG_QS,plastic_nut::plastic_nut_0091_NG_QS,1,five_view_mean,0.36473754,0.29319733,1,C5
plastic_nut,plastic_nut::plastic_nut_0091_NG_ZW,plastic_nut::plastic_nut_0091_NG_ZW,1,five_view_mean,0.41218472,0.29319733,1,C5
plastic_nut,plastic_nut::plastic_nut_0092_NG_AK,plastic_nut::plastic_nut_0092_NG_AK,1,five_view_mean,0.33053279,0.29319733,1,C2
plastic_nut,plastic_nut::plastic_nut_0092_NG_HS,plastic_nut::plastic_nut_0092_NG_HS,1,five_view_mean,0.32387942,0.29319733,1,C5
plastic_nut,plastic_nut::plastic_nut_0092_NG_QS,plastic_nut::plastic_nut_0092_NG_QS,1,five_view_mean,0.34594432,0.29319733,1,C1
plastic_nut,plastic_nut::plastic_nut_0092_NG_ZW,plastic_nut::plastic_nut_0092_NG_ZW,1,five_view_mean,0.37712035,0.29319733,1,C5
plastic_nut,plastic_nut::plastic_nut_0093_NG_AK,plastic_nut::plastic_nut_0093_NG_AK,1,five_view_mean,0.35849208,0.29319733,1,C2
plastic_nut,plastic_nut::plastic_nut_0093_NG_HS,plastic_nut::plastic_nut_0093_NG_HS,1,five_view_mean,0.35232845,0.29319733,1,C2
plastic_nut,plastic_nut::plastic_nut_0093_NG_QS,plastic_nut::plastic_nut_0093_NG_QS,1,five_view_mean,0.36803377,0.29319733,1,C5
plastic_nut,plastic_nut::plastic_nut_0093_NG_ZW,plastic_nut::plastic_nut_0093_NG_ZW,1,five_view_mean,0.47701102,0.29319733,1,C5
plastic_nut,plastic_nut::plastic_nut_0094_NG_AK,plastic_nut::plastic_nut_0094_NG_AK,1,five_view_mean,0.31936488,0.29319733,1,C2
plastic_nut,plastic_nut::plastic_nut_0094_NG_HS,plastic_nut::plastic_nut_0094_NG_HS,1,five_view_mean,0.34656674,0.29319733,1,C5
plastic_nut,plastic_nut::plastic_nut_0094_NG_QS,plastic_nut::plastic_nut_0094_NG_QS,1,five_view_mean,0.32966888,0.29319733,1,C1
plastic_nut,plastic_nut::plastic_nut_0094_NG_ZW,plastic_nut::plastic_nut_0094_NG_ZW,1,five_view_mean,0.39763242,0.29319733,1,C5
plastic_nut,plastic_nut::plastic_nut_0095_NG_AK,plastic_nut::plastic_nut_0095_NG_AK,1,five_view_mean,0.33364931,0.29319733,1,C2
plastic_nut,plastic_nut::plastic_nut_0095_NG_HS,plastic_nut::plastic_nut_0095_NG_HS,1,five_view_mean,0.35089722,0.29319733,1,C3
plastic_nut,plastic_nut::plastic_nut_0095_NG_QS,plastic_nut::plastic_nut_0095_NG_QS,1,five_view_mean,0.33769241,0.29319733,1,C1
plastic_nut,plastic_nut::plastic_nut_0095_NG_ZW,plastic_nut::plastic_nut_0095_NG_ZW,1,five_view_mean,0.36359933,0.29319733,1,C5
plastic_nut,plastic_nut::plastic_nut_0095_OK,plastic_nut::plastic_nut_0095_OK,0,five_view_mean,0.26895785,0.29319733,0,C3
plastic_nut,plastic_nut::plastic_nut_0096_NG_AK,plastic_nut::plastic_nut_0096_NG_AK,1,five_view_mean,0.35659474,0.29319733,1,C2
plastic_nut,plastic_nut::plastic_nut_0096_NG_HS,plastic_nut::plastic_nut_0096_NG_HS,1,five_view_mean,0.34622684,0.29319733,1,C2
plastic_nut,plastic_nut::plastic_nut_0096_NG_QS,plastic_nut::plastic_nut_0096_NG_QS,1,five_view_mean,0.38592577,0.29319733,1,C2
plastic_nut,plastic_nut::plastic_nut_0096_NG_ZW,plastic_nut::plastic_nut_0096_NG_ZW,1,five_view_mean,0.38500929,0.29319733,1,C3
plastic_nut,plastic_nut::plastic_nut_0096_OK,plastic_nut::plastic_nut_0096_OK,0,five_view_mean,0.25881237,0.29319733,0,C3
plastic_nut,plastic_nut::plastic_nut_0097_NG_AK,plastic_nut::plastic_nut_0097_NG_AK,1,five_view_mean,0.35593981,0.29319733,1,C2
plastic_nut,plastic_nut::plastic_nut_0097_NG_HS,plastic_nut::plastic_nut_0097_NG_HS,1,five_view_mean,0.37087303,0.29319733,1,C5
plastic_nut,plastic_nut::plastic_nut_0097_NG_QS,plastic_nut::plastic_nut_0097_NG_QS,1,five_view_mean,0.34499738,0.29319733,1,C1
plastic_nut,plastic_nut::plastic_nut_0097_NG_ZW,plastic_nut::plastic_nut_0097_NG_ZW,1,five_view_mean,0.36916003,0.29319733,1,C5
plastic_nut,plastic_nut::plastic_nut_0098_NG_AK,plastic_nut::plastic_nut_0098_NG_AK,1,five_view_mean,0.35268432,0.29319733,1,C5
plastic_nut,plastic_nut::plastic_nut_0098_NG_HS,plastic_nut::plastic_nut_0098_NG_HS,1,five_view_mean,0.36126882,0.29319733,1,C5
plastic_nut,plastic_nut::plastic_nut_0098_NG_QS,plastic_nut::plastic_nut_0098_NG_QS,1,five_view_mean,0.32294908,0.29319733,1,C2
plastic_nut,plastic_nut::plastic_nut_0098_NG_ZW,plastic_nut::plastic_nut_0098_NG_ZW,1,five_view_mean,0.42230958,0.29319733,1,C2
plastic_nut,plastic_nut::plastic_nut_0099_NG_AK,plastic_nut::plastic_nut_0099_NG_AK,1,five_view_mean,0.34761000,0.29319733,1,C2
plastic_nut,plastic_nut::plastic_nut_0099_NG_HS,plastic_nut::plastic_nut_0099_NG_HS,1,five_view_mean,0.34257510,0.29319733,1,C5
plastic_nut,plastic_nut::plastic_nut_0099_NG_QS,plastic_nut::plastic_nut_0099_NG_QS,1,five_view_mean,0.34080425,0.29319733,1,C2
plastic_nut,plastic_nut::plastic_nut_0099_NG_ZW,plastic_nut::plastic_nut_0099_NG_ZW,1,five_view_mean,0.38115495,0.29319733,1,C5
plastic_nut,plastic_nut::plastic_nut_0099_OK,plastic_nut::plastic_nut_0099_OK,0,five_view_mean,0.27437982,0.29319733,0,C4
plastic_nut,plastic_nut::plastic_nut_0100_NG_AK,plastic_nut::plastic_nut_0100_NG_AK,1,five_view_mean,0.34973401,0.29319733,1,C5
plastic_nut,plastic_nut::plastic_nut_0100_NG_HS,plastic_nut::plastic_nut_0100_NG_HS,1,five_view_mean,0.33839577,0.29319733,1,C5
plastic_nut,plastic_nut::plastic_nut_0100_NG_QS,plastic_nut::plastic_nut_0100_NG_QS,1,five_view_mean,0.33623445,0.29319733,1,C2
plastic_nut,plastic_nut::plastic_nut_0100_NG_ZW,plastic_nut::plastic_nut_0100_NG_ZW,1,five_view_mean,0.46360511,0.29319733,1,C5
plastic_nut,plastic_nut::plastic_nut_0101_NG_AK,plastic_nut::plastic_nut_0101_NG_AK,1,five_view_mean,0.35568374,0.29319733,1,C2
plastic_nut,plastic_nut::plastic_nut_0101_NG_HS,plastic_nut::plastic_nut_0101_NG_HS,1,five_view_mean,0.33709621,0.29319733,1,C5
plastic_nut,plastic_nut::plastic_nut_0101_NG_QS,plastic_nut::plastic_nut_0101_NG_QS,1,five_view_mean,0.32156622,0.29319733,1,C2
plastic_nut,plastic_nut::plastic_nut_0101_NG_ZW,plastic_nut::plastic_nut_0101_NG_ZW,1,five_view_mean,0.35634664,0.29319733,1,C5
plastic_nut,plastic_nut::plastic_nut_0101_OK,plastic_nut::plastic_nut_0101_OK,0,five_view_mean,0.25976923,0.29319733,0,C4
plastic_nut,plastic_nut::plastic_nut_0102_NG_AK,plastic_nut::plastic_nut_0102_NG_AK,1,five_view_mean,0.32658905,0.29319733,1,C2
plastic_nut,plastic_nut::plastic_nut_0102_NG_HS,plastic_nut::plastic_nut_0102_NG_HS,1,five_view_mean,0.33254394,0.29319733,1,C2
plastic_nut,plastic_nut::plastic_nut_0102_NG_QS,plastic_nut::plastic_nut_0102_NG_QS,1,five_view_mean,0.31283918,0.29319733,1,C5
plastic_nut,plastic_nut::plastic_nut_0102_NG_ZW,plastic_nut::plastic_nut_0102_NG_ZW,1,five_view_mean,0.39206767,0.29319733,1,C5
plastic_nut,plastic_nut::plastic_nut_0103_NG_AK,plastic_nut::plastic_nut_0103_NG_AK,1,five_view_mean,0.38651863,0.29319733,1,C5
plastic_nut,plastic_nut::plastic_nut_0103_NG_HS,plastic_nut::plastic_nut_0103_NG_HS,1,five_view_mean,0.33080491,0.29319733,1,C2
plastic_nut,plastic_nut::plastic_nut_0103_NG_QS,plastic_nut::plastic_nut_0103_NG_QS,1,five_view_mean,0.32334077,0.29319733,1,C2
plastic_nut,plastic_nut::plastic_nut_0103_NG_ZW,plastic_nut::plastic_nut_0103_NG_ZW,1,five_view_mean,0.38579506,0.29319733,1,C2
plastic_nut,plastic_nut::plastic_nut_0103_OK,plastic_nut::plastic_nut_0103_OK,0,five_view_mean,0.26024559,0.29319733,0,C4
plastic_nut,plastic_nut::plastic_nut_0104_NG_AK,plastic_nut::plastic_nut_0104_NG_AK,1,five_view_mean,0.33789533,0.29319733,1,C2
plastic_nut,plastic_nut::plastic_nut_0104_NG_HS,plastic_nut::plastic_nut_0104_NG_HS,1,five_view_mean,0.32993168,0.29319733,1,C5
plastic_nut,plastic_nut::plastic_nut_0104_NG_QS,plastic_nut::plastic_nut_0104_NG_QS,1,five_view_mean,0.32166827,0.29319733,1,C2
plastic_nut,plastic_nut::plastic_nut_0104_NG_ZW,plastic_nut::plastic_nut_0104_NG_ZW,1,five_view_mean,0.35581741,0.29319733,1,C5
plastic_nut,plastic_nut::plastic_nut_0104_OK,plastic_nut::plastic_nut_0104_OK,0,five_view_mean,0.25084442,0.29319733,0,C5
plastic_nut,plastic_nut::plastic_nut_0105_NG_AK,plastic_nut::plastic_nut_0105_NG_AK,1,five_view_mean,0.38101524,0.29319733,1,C5
plastic_nut,plastic_nut::plastic_nut_0105_NG_HS,plastic_nut::plastic_nut_0105_NG_HS,1,five_view_mean,0.33552480,0.29319733,1,C5
plastic_nut,plastic_nut::plastic_nut_0105_NG_QS,plastic_nut::plastic_nut_0105_NG_QS,1,five_view_mean,0.30596918,0.29319733,1,C5
plastic_nut,plastic_nut::plastic_nut_0105_NG_ZW,plastic_nut::plastic_nut_0105_NG_ZW,1,five_view_mean,0.40316933,0.29319733,1,C5
plastic_nut,plastic_nut::plastic_nut_0105_OK,plastic_nut::plastic_nut_0105_OK,0,five_view_mean,0.25612459,0.29319733,0,C5
plastic_nut,plastic_nut::plastic_nut_0106_NG_AK,plastic_nut::plastic_nut_0106_NG_AK,1,five_view_mean,0.32789159,0.29319733,1,C2
plastic_nut,plastic_nut::plastic_nut_0106_NG_HS,plastic_nut::plastic_nut_0106_NG_HS,1,five_view_mean,0.33321184,0.29319733,1,C5
plastic_nut,plastic_nut::plastic_nut_0106_NG_QS,plastic_nut::plastic_nut_0106_NG_QS,1,five_view_mean,0.35257679,0.29319733,1,C5
plastic_nut,plastic_nut::plastic_nut_0106_NG_ZW,plastic_nut::plastic_nut_0106_NG_ZW,1,five_view_mean,0.37073639,0.29319733,1,C3
plastic_nut,plastic_nut::plastic_nut_0106_OK,plastic_nut::plastic_nut_0106_OK,0,five_view_mean,0.26826569,0.29319733,0,C5
plastic_nut,plastic_nut::plastic_nut_0107_NG_AK,plastic_nut::plastic_nut_0107_NG_AK,1,five_view_mean,0.32250065,0.29319733,1,C2
plastic_nut,plastic_nut::plastic_nut_0107_NG_HS,plastic_nut::plastic_nut_0107_NG_HS,1,five_view_mean,0.33353314,0.29319733,1,C5
plastic_nut,plastic_nut::plastic_nut_0107_NG_QS,plastic_nut::plastic_nut_0107_NG_QS,1,five_view_mean,0.36271346,0.29319733,1,C5
plastic_nut,plastic_nut::plastic_nut_0107_NG_ZW,plastic_nut::plastic_nut_0107_NG_ZW,1,five_view_mean,0.38378829,0.29319733,1,C3
plastic_nut,plastic_nut::plastic_nut_0108_NG_AK,plastic_nut::plastic_nut_0108_NG_AK,1,five_view_mean,0.31587791,0.29319733,1,C2
plastic_nut,plastic_nut::plastic_nut_0108_NG_HS,plastic_nut::plastic_nut_0108_NG_HS,1,five_view_mean,0.34443262,0.29319733,1,C2
plastic_nut,plastic_nut::plastic_nut_0108_NG_QS,plastic_nut::plastic_nut_0108_NG_QS,1,five_view_mean,0.36018330,0.29319733,1,C5
plastic_nut,plastic_nut::plastic_nut_0108_NG_ZW,plastic_nut::plastic_nut_0108_NG_ZW,1,five_view_mean,0.38641450,0.29319733,1,C3
plastic_nut,plastic_nut::plastic_nut_0109_NG_AK,plastic_nut::plastic_nut_0109_NG_AK,1,five_view_mean,0.32475209,0.29319733,1,C2
plastic_nut,plastic_nut::plastic_nut_0109_NG_HS,plastic_nut::plastic_nut_0109_NG_HS,1,five_view_mean,0.33093068,0.29319733,1,C2
plastic_nut,plastic_nut::plastic_nut_0109_NG_QS,plastic_nut::plastic_nut_0109_NG_QS,1,five_view_mean,0.34721217,0.29319733,1,C5
plastic_nut,plastic_nut::plastic_nut_0109_NG_ZW,plastic_nut::plastic_nut_0109_NG_ZW,1,five_view_mean,0.41311175,0.29319733,1,C5
plastic_nut,plastic_nut::plastic_nut_0109_OK,plastic_nut::plastic_nut_0109_OK,0,five_view_mean,0.24776895,0.29319733,0,C5
plastic_nut,plastic_nut::plastic_nut_0110_NG_AK,plastic_nut::plastic_nut_0110_NG_AK,1,five_view_mean,0.33539391,0.29319733,1,C2
plastic_nut,plastic_nut::plastic_nut_0110_NG_HS,plastic_nut::plastic_nut_0110_NG_HS,1,five_view_mean,0.37829918,0.29319733,1,C1
plastic_nut,plastic_nut::plastic_nut_0110_NG_QS,plastic_nut::plastic_nut_0110_NG_QS,1,five_view_mean,0.38044491,0.29319733,1,C5
plastic_nut,plastic_nut::plastic_nut_0110_NG_ZW,plastic_nut::plastic_nut_0110_NG_ZW,1,five_view_mean,0.36065596,0.29319733,1,C1
plastic_nut,plastic_nut::plastic_nut_0110_OK,plastic_nut::plastic_nut_0110_OK,0,five_view_mean,0.24495606,0.29319733,0,C2
plastic_nut,plastic_nut::plastic_nut_0111_NG_HS,plastic_nut::plastic_nut_0111_NG_HS,1,five_view_mean,0.33218795,0.29319733,1,C2
plastic_nut,plastic_nut::plastic_nut_0111_NG_QS,plastic_nut::plastic_nut_0111_NG_QS,1,five_view_mean,0.34339905,0.29319733,1,C5
plastic_nut,plastic_nut::plastic_nut_0111_NG_ZW,plastic_nut::plastic_nut_0111_NG_ZW,1,five_view_mean,0.42987186,0.29319733,1,C2
plastic_nut,plastic_nut::plastic_nut_0111_OK,plastic_nut::plastic_nut_0111_OK,0,five_view_mean,0.24196580,0.29319733,0,C1
plastic_nut,plastic_nut::plastic_nut_0112_NG_HS,plastic_nut::plastic_nut_0112_NG_HS,1,five_view_mean,0.34407711,0.29319733,1,C5
plastic_nut,plastic_nut::plastic_nut_0112_NG_QS,plastic_nut::plastic_nut_0112_NG_QS,1,five_view_mean,0.34637862,0.29319733,1,C5
plastic_nut,plastic_nut::plastic_nut_0112_NG_ZW,plastic_nut::plastic_nut_0112_NG_ZW,1,five_view_mean,0.32526168,0.29319733,1,C2
plastic_nut,plastic_nut::plastic_nut_0112_OK,plastic_nut::plastic_nut_0112_OK,0,five_view_mean,0.24678031,0.29319733,0,C3
plastic_nut,plastic_nut::plastic_nut_0113_NG_HS,plastic_nut::plastic_nut_0113_NG_HS,1,five_view_mean,0.35043445,0.29319733,1,C2
plastic_nut,plastic_nut::plastic_nut_0113_NG_QS,plastic_nut::plastic_nut_0113_NG_QS,1,five_view_mean,0.34565940,0.29319733,1,C5
plastic_nut,plastic_nut::plastic_nut_0113_NG_ZW,plastic_nut::plastic_nut_0113_NG_ZW,1,five_view_mean,0.39876771,0.29319733,1,C2
plastic_nut,plastic_nut::plastic_nut_0114_NG_HS,plastic_nut::plastic_nut_0114_NG_HS,1,five_view_mean,0.36157858,0.29319733,1,C5
plastic_nut,plastic_nut::plastic_nut_0114_NG_QS,plastic_nut::plastic_nut_0114_NG_QS,1,five_view_mean,0.34948444,0.29319733,1,C5
plastic_nut,plastic_nut::plastic_nut_0114_NG_ZW,plastic_nut::plastic_nut_0114_NG_ZW,1,five_view_mean,0.34132117,0.29319733,1,C5
plastic_nut,plastic_nut::plastic_nut_0114_OK,plastic_nut::plastic_nut_0114_OK,0,five_view_mean,0.24138084,0.29319733,0,C5
plastic_nut,plastic_nut::plastic_nut_0115_NG_HS,plastic_nut::plastic_nut_0115_NG_HS,1,five_view_mean,0.36902833,0.29319733,1,C5
plastic_nut,plastic_nut::plastic_nut_0115_NG_QS,plastic_nut::plastic_nut_0115_NG_QS,1,five_view_mean,0.36866841,0.29319733,1,C5
plastic_nut,plastic_nut::plastic_nut_0115_NG_ZW,plastic_nut::plastic_nut_0115_NG_ZW,1,five_view_mean,0.35223272,0.29319733,1,C3
plastic_nut,plastic_nut::plastic_nut_0115_OK,plastic_nut::plastic_nut_0115_OK,0,five_view_mean,0.23077054,0.29319733,0,C1
plastic_nut,plastic_nut::plastic_nut_0116_NG_HS,plastic_nut::plastic_nut_0116_NG_HS,1,five_view_mean,0.38775611,0.29319733,1,C2
plastic_nut,plastic_nut::plastic_nut_0116_NG_QS,plastic_nut::plastic_nut_0116_NG_QS,1,five_view_mean,0.34804454,0.29319733,1,C5
plastic_nut,plastic_nut::plastic_nut_0116_NG_ZW,plastic_nut::plastic_nut_0116_NG_ZW,1,five_view_mean,0.33942527,0.29319733,1,C5
plastic_nut,plastic_nut::plastic_nut_0116_OK,plastic_nut::plastic_nut_0116_OK,0,five_view_mean,0.25231677,0.29319733,0,C3
plastic_nut,plastic_nut::plastic_nut_0117_NG_HS,plastic_nut::plastic_nut_0117_NG_HS,1,five_view_mean,0.36897859,0.29319733,1,C5
plastic_nut,plastic_nut::plastic_nut_0117_NG_QS,plastic_nut::plastic_nut_0117_NG_QS,1,five_view_mean,0.34064552,0.29319733,1,C5
plastic_nut,plastic_nut::plastic_nut_0117_NG_ZW,plastic_nut::plastic_nut_0117_NG_ZW,1,five_view_mean,0.38904700,0.29319733,1,C5
plastic_nut,plastic_nut::plastic_nut_0118_NG_HS,plastic_nut::plastic_nut_0118_NG_HS,1,five_view_mean,0.34555703,0.29319733,1,C5
plastic_nut,plastic_nut::plastic_nut_0118_NG_QS,plastic_nut::plastic_nut_0118_NG_QS,1,five_view_mean,0.36159423,0.29319733,1,C5
plastic_nut,plastic_nut::plastic_nut_0118_NG_ZW,plastic_nut::plastic_nut_0118_NG_ZW,1,five_view_mean,0.31941944,0.29319733,1,C5
plastic_nut,plastic_nut::plastic_nut_0118_OK,plastic_nut::plastic_nut_0118_OK,0,five_view_mean,0.26491857,0.29319733,0,C1
plastic_nut,plastic_nut::plastic_nut_0119_NG_HS,plastic_nut::plastic_nut_0119_NG_HS,1,five_view_mean,0.34058046,0.29319733,1,C3
plastic_nut,plastic_nut::plastic_nut_0119_NG_QS,plastic_nut::plastic_nut_0119_NG_QS,1,five_view_mean,0.35560617,0.29319733,1,C5
plastic_nut,plastic_nut::plastic_nut_0119_NG_ZW,plastic_nut::plastic_nut_0119_NG_ZW,1,five_view_mean,0.36681324,0.29319733,1,C3
plastic_nut,plastic_nut::plastic_nut_0120_NG_HS,plastic_nut::plastic_nut_0120_NG_HS,1,five_view_mean,0.35085577,0.29319733,1,C5
plastic_nut,plastic_nut::plastic_nut_0120_NG_QS,plastic_nut::plastic_nut_0120_NG_QS,1,five_view_mean,0.35752004,0.29319733,1,C5
plastic_nut,plastic_nut::plastic_nut_0120_NG_ZW,plastic_nut::plastic_nut_0120_NG_ZW,1,five_view_mean,0.45958719,0.29319733,1,C1
plastic_nut,plastic_nut::plastic_nut_0121_NG_HS,plastic_nut::plastic_nut_0121_NG_HS,1,five_view_mean,0.35297418,0.29319733,1,C3
plastic_nut,plastic_nut::plastic_nut_0121_NG_QS,plastic_nut::plastic_nut_0121_NG_QS,1,five_view_mean,0.35023388,0.29319733,1,C5
plastic_nut,plastic_nut::plastic_nut_0121_NG_ZW,plastic_nut::plastic_nut_0121_NG_ZW,1,five_view_mean,0.34369686,0.29319733,1,C2
plastic_nut,plastic_nut::plastic_nut_0122_NG_HS,plastic_nut::plastic_nut_0122_NG_HS,1,five_view_mean,0.33298206,0.29319733,1,C5
plastic_nut,plastic_nut::plastic_nut_0122_NG_QS,plastic_nut::plastic_nut_0122_NG_QS,1,five_view_mean,0.34587699,0.29319733,1,C5
plastic_nut,plastic_nut::plastic_nut_0122_NG_ZW,plastic_nut::plastic_nut_0122_NG_ZW,1,five_view_mean,0.34296420,0.29319733,1,C3
plastic_nut,plastic_nut::plastic_nut_0122_OK,plastic_nut::plastic_nut_0122_OK,0,five_view_mean,0.24078056,0.29319733,0,C1
plastic_nut,plastic_nut::plastic_nut_0123_NG_HS,plastic_nut::plastic_nut_0123_NG_HS,1,five_view_mean,0.31037301,0.29319733,1,C2
plastic_nut,plastic_nut::plastic_nut_0123_NG_QS,plastic_nut::plastic_nut_0123_NG_QS,1,five_view_mean,0.33860856,0.29319733,1,C5
plastic_nut,plastic_nut::plastic_nut_0123_NG_ZW,plastic_nut::plastic_nut_0123_NG_ZW,1,five_view_mean,0.39563867,0.29319733,1,C5
plastic_nut,plastic_nut::plastic_nut_0124_NG_HS,plastic_nut::plastic_nut_0124_NG_HS,1,five_view_mean,0.35125607,0.29319733,1,C3
plastic_nut,plastic_nut::plastic_nut_0124_NG_QS,plastic_nut::plastic_nut_0124_NG_QS,1,five_view_mean,0.34407908,0.29319733,1,C5
plastic_nut,plastic_nut::plastic_nut_0124_NG_ZW,plastic_nut::plastic_nut_0124_NG_ZW,1,five_view_mean,0.33528930,0.29319733,1,C2
plastic_nut,plastic_nut::plastic_nut_0124_OK,plastic_nut::plastic_nut_0124_OK,0,five_view_mean,0.27323335,0.29319733,0,C2
plastic_nut,plastic_nut::plastic_nut_0125_NG_HS,plastic_nut::plastic_nut_0125_NG_HS,1,five_view_mean,0.31240019,0.29319733,1,C5
plastic_nut,plastic_nut::plastic_nut_0125_NG_QS,plastic_nut::plastic_nut_0125_NG_QS,1,five_view_mean,0.34591240,0.29319733,1,C5
plastic_nut,plastic_nut::plastic_nut_0125_NG_ZW,plastic_nut::plastic_nut_0125_NG_ZW,1,five_view_mean,0.36019078,0.29319733,1,C5
plastic_nut,plastic_nut::plastic_nut_0125_OK,plastic_nut::plastic_nut_0125_OK,0,five_view_mean,0.24132328,0.29319733,0,C2
plastic_nut,plastic_nut::plastic_nut_0126_NG_HS,plastic_nut::plastic_nut_0126_NG_HS,1,five_view_mean,0.33645821,0.29319733,1,C3
plastic_nut,plastic_nut::plastic_nut_0126_NG_QS,plastic_nut::plastic_nut_0126_NG_QS,1,five_view_mean,0.35681432,0.29319733,1,C5
plastic_nut,plastic_nut::plastic_nut_0126_NG_ZW,plastic_nut::plastic_nut_0126_NG_ZW,1,five_view_mean,0.34607777,0.29319733,1,C3
plastic_nut,plastic_nut::plastic_nut_0126_OK,plastic_nut::plastic_nut_0126_OK,0,five_view_mean,0.23524597,0.29319733,0,C2
plastic_nut,plastic_nut::plastic_nut_0127_NG_HS,plastic_nut::plastic_nut_0127_NG_HS,1,five_view_mean,0.33242288,0.29319733,1,C5
plastic_nut,plastic_nut::plastic_nut_0127_NG_QS,plastic_nut::plastic_nut_0127_NG_QS,1,five_view_mean,0.34986374,0.29319733,1,C5
plastic_nut,plastic_nut::plastic_nut_0127_NG_ZW,plastic_nut::plastic_nut_0127_NG_ZW,1,five_view_mean,0.35650751,0.29319733,1,C5
plastic_nut,plastic_nut::plastic_nut_0128_NG_HS,plastic_nut::plastic_nut_0128_NG_HS,1,five_view_mean,0.33018643,0.29319733,1,C3
plastic_nut,plastic_nut::plastic_nut_0128_NG_ZW,plastic_nut::plastic_nut_0128_NG_ZW,1,five_view_mean,0.33620664,0.29319733,1,C5
plastic_nut,plastic_nut::plastic_nut_0128_OK,plastic_nut::plastic_nut_0128_OK,0,five_view_mean,0.24472651,0.29319733,0,C5
plastic_nut,plastic_nut::plastic_nut_0129_NG_HS,plastic_nut::plastic_nut_0129_NG_HS,1,five_view_mean,0.34026667,0.29319733,1,C5
plastic_nut,plastic_nut::plastic_nut_0130_NG_HS,plastic_nut::plastic_nut_0130_NG_HS,1,five_view_mean,0.34198177,0.29319733,1,C3
plastic_nut,plastic_nut::plastic_nut_0130_OK,plastic_nut::plastic_nut_0130_OK,0,five_view_mean,0.25983271,0.29319733,0,C1
plastic_nut,plastic_nut::plastic_nut_0131_NG_HS,plastic_nut::plastic_nut_0131_NG_HS,1,five_view_mean,0.33166304,0.29319733,1,C5
plastic_nut,plastic_nut::plastic_nut_0132_NG_HS,plastic_nut::plastic_nut_0132_NG_HS,1,five_view_mean,0.34011728,0.29319733,1,C2
plastic_nut,plastic_nut::plastic_nut_0132_OK,plastic_nut::plastic_nut_0132_OK,0,five_view_mean,0.25428733,0.29319733,0,C2
plastic_nut,plastic_nut::plastic_nut_0133_NG_HS,plastic_nut::plastic_nut_0133_NG_HS,1,five_view_mean,0.34245363,0.29319733,1,C5
plastic_nut,plastic_nut::plastic_nut_0134_NG_HS,plastic_nut::plastic_nut_0134_NG_HS,1,five_view_mean,0.36322716,0.29319733,1,C2
plastic_nut,plastic_nut::plastic_nut_0135_NG_HS,plastic_nut::plastic_nut_0135_NG_HS,1,five_view_mean,0.33799905,0.29319733,1,C5
plastic_nut,plastic_nut::plastic_nut_0135_OK,plastic_nut::plastic_nut_0135_OK,0,five_view_mean,0.24673569,0.29319733,0,C2
plastic_nut,plastic_nut::plastic_nut_0139_OK,plastic_nut::plastic_nut_0139_OK,0,five_view_mean,0.24397758,0.29319733,0,C5
plastic_nut,plastic_nut::plastic_nut_0140_OK,plastic_nut::plastic_nut_0140_OK,0,five_view_mean,0.24672523,0.29319733,0,C5
plastic_nut,plastic_nut::plastic_nut_0141_OK,plastic_nut::plastic_nut_0141_OK,0,five_view_mean,0.27853453,0.29319733,0,C3
plastic_nut,plastic_nut::plastic_nut_0143_OK,plastic_nut::plastic_nut_0143_OK,0,five_view_mean,0.26969680,0.29319733,0,C5
plastic_nut,plastic_nut::plastic_nut_0144_OK,plastic_nut::plastic_nut_0144_OK,0,five_view_mean,0.26698217,0.29319733,0,C3
plastic_nut,plastic_nut::plastic_nut_0147_OK,plastic_nut::plastic_nut_0147_OK,0,five_view_mean,0.24212337,0.29319733,0,C2
plastic_nut,plastic_nut::plastic_nut_0148_OK,plastic_nut::plastic_nut_0148_OK,0,five_view_mean,0.24146578,0.29319733,0,C3
plastic_nut,plastic_nut::plastic_nut_0149_OK,plastic_nut::plastic_nut_0149_OK,0,five_view_mean,0.23524232,0.29319733,0,C3
plastic_nut,plastic_nut::plastic_nut_0155_OK,plastic_nut::plastic_nut_0155_OK,0,five_view_mean,0.26960194,0.29319733,0,C2
plastic_nut,plastic_nut::plastic_nut_0158_OK,plastic_nut::plastic_nut_0158_OK,0,five_view_mean,0.25077218,0.29319733,0,C5
plastic_nut,plastic_nut::plastic_nut_0161_OK,plastic_nut::plastic_nut_0161_OK,0,five_view_mean,0.25273609,0.29319733,0,C3
plastic_nut,plastic_nut::plastic_nut_0165_OK,plastic_nut::plastic_nut_0165_OK,0,five_view_mean,0.25554103,0.29319733,0,C5
plastic_nut,plastic_nut::plastic_nut_0166_OK,plastic_nut::plastic_nut_0166_OK,0,five_view_mean,0.24213883,0.29319733,0,C3
plastic_nut,plastic_nut::plastic_nut_0169_OK,plastic_nut::plastic_nut_0169_OK,0,five_view_mean,0.27727938,0.29319733,0,C1
plastic_nut,plastic_nut::plastic_nut_0171_OK,plastic_nut::plastic_nut_0171_OK,0,five_view_mean,0.25123286,0.29319733,0,C1
plastic_nut,plastic_nut::plastic_nut_0172_OK,plastic_nut::plastic_nut_0172_OK,0,five_view_mean,0.26103374,0.29319733,0,C1
plastic_nut,plastic_nut::plastic_nut_0173_OK,plastic_nut::plastic_nut_0173_OK,0,five_view_mean,0.25906333,0.29319733,0,C1
plastic_nut,plastic_nut::plastic_nut_0178_OK,plastic_nut::plastic_nut_0178_OK,0,five_view_mean,0.26869515,0.29319733,0,C2
plastic_nut,plastic_nut::plastic_nut_0180_OK,plastic_nut::plastic_nut_0180_OK,0,five_view_mean,0.26633707,0.29319733,0,C1
plastic_nut,plastic_nut::plastic_nut_0182_OK,plastic_nut::plastic_nut_0182_OK,0,five_view_mean,0.27047926,0.29319733,0,C5
plastic_nut,plastic_nut::plastic_nut_0183_OK,plastic_nut::plastic_nut_0183_OK,0,five_view_mean,0.25929111,0.29319733,0,C5
plastic_nut,plastic_nut::plastic_nut_0184_OK,plastic_nut::plastic_nut_0184_OK,0,five_view_mean,0.26585490,0.29319733,0,C1
plastic_nut,plastic_nut::plastic_nut_0185_OK,plastic_nut::plastic_nut_0185_OK,0,five_view_mean,0.25686154,0.29319733,0,C5
plastic_nut,plastic_nut::plastic_nut_0189_OK,plastic_nut::plastic_nut_0189_OK,0,five_view_mean,0.27020198,0.29319733,0,C5
plastic_nut,plastic_nut::plastic_nut_0193_OK,plastic_nut::plastic_nut_0193_OK,0,five_view_mean,0.25102094,0.29319733,0,C1
plastic_nut,plastic_nut::plastic_nut_0195_OK,plastic_nut::plastic_nut_0195_OK,0,five_view_mean,0.25832501,0.29319733,0,C5
plastic_nut,plastic_nut::plastic_nut_0197_OK,plastic_nut::plastic_nut_0197_OK,0,five_view_mean,0.24501804,0.29319733,0,C3
plastic_nut,plastic_nut::plastic_nut_0198_OK,plastic_nut::plastic_nut_0198_OK,0,five_view_mean,0.29766372,0.29319733,1,C5
plastic_nut,plastic_nut::plastic_nut_0201_OK,plastic_nut::plastic_nut_0201_OK,0,five_view_mean,0.24461985,0.29319733,0,C3
plastic_nut,plastic_nut::plastic_nut_0202_OK,plastic_nut::plastic_nut_0202_OK,0,five_view_mean,0.26688272,0.29319733,0,C3
plastic_nut,plastic_nut::plastic_nut_0203_OK,plastic_nut::plastic_nut_0203_OK,0,five_view_mean,0.25908574,0.29319733,0,C3
plastic_nut,plastic_nut::plastic_nut_0205_OK,plastic_nut::plastic_nut_0205_OK,0,five_view_mean,0.26102301,0.29319733,0,C1
plastic_nut,plastic_nut::plastic_nut_0207_OK,plastic_nut::plastic_nut_0207_OK,0,five_view_mean,0.25617772,0.29319733,0,C3
plastic_nut,plastic_nut::plastic_nut_0208_OK,plastic_nut::plastic_nut_0208_OK,0,five_view_mean,0.27908903,0.29319733,0,C1
plastic_nut,plastic_nut::plastic_nut_0210_OK,plastic_nut::plastic_nut_0210_OK,0,five_view_mean,0.26104039,0.29319733,0,C2
plastic_nut,plastic_nut::plastic_nut_0211_OK,plastic_nut::plastic_nut_0211_OK,0,five_view_mean,0.28582853,0.29319733,0,C5
plastic_nut,plastic_nut::plastic_nut_0212_OK,plastic_nut::plastic_nut_0212_OK,0,five_view_mean,0.27075946,0.29319733,0,C2
plastic_nut,plastic_nut::plastic_nut_0213_OK,plastic_nut::plastic_nut_0213_OK,0,five_view_mean,0.27348632,0.29319733,0,C5
plastic_nut,plastic_nut::plastic_nut_0215_OK,plastic_nut::plastic_nut_0215_OK,0,five_view_mean,0.24916816,0.29319733,0,C3
plastic_nut,plastic_nut::plastic_nut_0218_OK,plastic_nut::plastic_nut_0218_OK,0,five_view_mean,0.26700276,0.29319733,0,C5
plastic_nut,plastic_nut::plastic_nut_0220_OK,plastic_nut::plastic_nut_0220_OK,0,five_view_mean,0.25690323,0.29319733,0,C2
plastic_nut,plastic_nut::plastic_nut_0221_OK,plastic_nut::plastic_nut_0221_OK,0,five_view_mean,0.26446420,0.29319733,0,C3
plastic_nut,plastic_nut::plastic_nut_0224_OK,plastic_nut::plastic_nut_0224_OK,0,five_view_mean,0.27800003,0.29319733,0,C5
plastic_nut,plastic_nut::plastic_nut_0227_OK,plastic_nut::plastic_nut_0227_OK,0,five_view_mean,0.25127971,0.29319733,0,C3
plastic_nut,plastic_nut::plastic_nut_0231_OK,plastic_nut::plastic_nut_0231_OK,0,five_view_mean,0.25388402,0.29319733,0,C5
plastic_nut,plastic_nut::plastic_nut_0232_OK,plastic_nut::plastic_nut_0232_OK,0,five_view_mean,0.27727616,0.29319733,0,C2
plastic_nut,plastic_nut::plastic_nut_0233_OK,plastic_nut::plastic_nut_0233_OK,0,five_view_mean,0.25998777,0.29319733,0,C1
plastic_nut,plastic_nut::plastic_nut_0237_OK,plastic_nut::plastic_nut_0237_OK,0,five_view_mean,0.25661555,0.29319733,0,C4
plastic_nut,plastic_nut::plastic_nut_0239_OK,plastic_nut::plastic_nut_0239_OK,0,five_view_mean,0.25240999,0.29319733,0,C3
plastic_nut,plastic_nut::plastic_nut_0241_OK,plastic_nut::plastic_nut_0241_OK,0,five_view_mean,0.25759634,0.29319733,0,C5
plastic_nut,plastic_nut::plastic_nut_0242_OK,plastic_nut::plastic_nut_0242_OK,0,five_view_mean,0.26802891,0.29319733,0,C1
plastic_nut,plastic_nut::plastic_nut_0243_OK,plastic_nut::plastic_nut_0243_OK,0,five_view_mean,0.23999019,0.29319733,0,C3
plastic_nut,plastic_nut::plastic_nut_0249_OK,plastic_nut::plastic_nut_0249_OK,0,five_view_mean,0.26608777,0.29319733,0,C1
plastic_nut,plastic_nut::plastic_nut_0251_OK,plastic_nut::plastic_nut_0251_OK,0,five_view_mean,0.23980229,0.29319733,0,C2
plastic_nut,plastic_nut::plastic_nut_0252_OK,plastic_nut::plastic_nut_0252_OK,0,five_view_mean,0.24612880,0.29319733,0,C2
plastic_nut,plastic_nut::plastic_nut_0254_OK,plastic_nut::plastic_nut_0254_OK,0,five_view_mean,0.23385093,0.29319733,0,C1
plastic_nut,plastic_nut::plastic_nut_0255_OK,plastic_nut::plastic_nut_0255_OK,0,five_view_mean,0.25117472,0.29319733,0,C2
plastic_nut,plastic_nut::plastic_nut_0257_OK,plastic_nut::plastic_nut_0257_OK,0,five_view_mean,0.28000563,0.29319733,0,C1
plastic_nut,plastic_nut::plastic_nut_0261_OK,plastic_nut::plastic_nut_0261_OK,0,five_view_mean,0.25758338,0.29319733,0,C1
plastic_nut,plastic_nut::plastic_nut_0264_OK,plastic_nut::plastic_nut_0264_OK,0,five_view_mean,0.24417286,0.29319733,0,C5
plastic_nut,plastic_nut::plastic_nut_0266_OK,plastic_nut::plastic_nut_0266_OK,0,five_view_mean,0.25004259,0.29319733,0,C1
plastic_nut,plastic_nut::plastic_nut_0267_OK,plastic_nut::plastic_nut_0267_OK,0,five_view_mean,0.24877521,0.29319733,0,C1
plastic_nut,plastic_nut::plastic_nut_0270_OK,plastic_nut::plastic_nut_0270_OK,0,five_view_mean,0.23808086,0.29319733,0,C3
plastic_nut,plastic_nut::plastic_nut_0271_OK,plastic_nut::plastic_nut_0271_OK,0,five_view_mean,0.25789067,0.29319733,0,C5
plastic_nut,plastic_nut::plastic_nut_0274_OK,plastic_nut::plastic_nut_0274_OK,0,five_view_mean,0.29907840,0.29319733,1,C5
plastic_nut,plastic_nut::plastic_nut_0279_OK,plastic_nut::plastic_nut_0279_OK,0,five_view_mean,0.25691682,0.29319733,0,C2
plastic_nut,plastic_nut::plastic_nut_0280_OK,plastic_nut::plastic_nut_0280_OK,0,five_view_mean,0.28206661,0.29319733,0,C5
plastic_nut,plastic_nut::plastic_nut_0283_OK,plastic_nut::plastic_nut_0283_OK,0,five_view_mean,0.24867311,0.29319733,0,C1
plastic_nut,plastic_nut::plastic_nut_0288_OK,plastic_nut::plastic_nut_0288_OK,0,five_view_mean,0.25906128,0.29319733,0,C5
plastic_nut,plastic_nut::plastic_nut_0290_OK,plastic_nut::plastic_nut_0290_OK,0,five_view_mean,0.27658799,0.29319733,0,C5
plastic_nut,plastic_nut::plastic_nut_0291_OK,plastic_nut::plastic_nut_0291_OK,0,five_view_mean,0.24179649,0.29319733,0,C5
plastic_nut,plastic_nut::plastic_nut_0292_OK,plastic_nut::plastic_nut_0292_OK,0,five_view_mean,0.24219117,0.29319733,0,C5
plastic_nut,plastic_nut::plastic_nut_0294_OK,plastic_nut::plastic_nut_0294_OK,0,five_view_mean,0.25714594,0.29319733,0,C2
plastic_nut,plastic_nut::plastic_nut_0299_OK,plastic_nut::plastic_nut_0299_OK,0,five_view_mean,0.24758354,0.29319733,0,C5
plastic_nut,plastic_nut::plastic_nut_0300_OK,plastic_nut::plastic_nut_0300_OK,0,five_view_mean,0.27029914,0.29319733,0,C2
plastic_nut,plastic_nut::plastic_nut_0302_OK,plastic_nut::plastic_nut_0302_OK,0,five_view_mean,0.25919646,0.29319733,0,C5
plastic_nut,plastic_nut::plastic_nut_0303_OK,plastic_nut::plastic_nut_0303_OK,0,five_view_mean,0.25781685,0.29319733,0,C1
plastic_nut,plastic_nut::plastic_nut_0304_OK,plastic_nut::plastic_nut_0304_OK,0,five_view_mean,0.24885014,0.29319733,0,C5
plastic_nut,plastic_nut::plastic_nut_0306_OK,plastic_nut::plastic_nut_0306_OK,0,five_view_mean,0.24320512,0.29319733,0,C1
plastic_nut,plastic_nut::plastic_nut_0309_OK,plastic_nut::plastic_nut_0309_OK,0,five_view_mean,0.27900997,0.29319733,0,C5
plastic_nut,plastic_nut::plastic_nut_0311_OK,plastic_nut::plastic_nut_0311_OK,0,five_view_mean,0.28215796,0.29319733,0,C1
plastic_nut,plastic_nut::plastic_nut_0314_OK,plastic_nut::plastic_nut_0314_OK,0,five_view_mean,0.27964896,0.29319733,0,C1
plastic_nut,plastic_nut::plastic_nut_0318_OK,plastic_nut::plastic_nut_0318_OK,0,five_view_mean,0.26499009,0.29319733,0,C3
plastic_nut,plastic_nut::plastic_nut_0320_OK,plastic_nut::plastic_nut_0320_OK,0,five_view_mean,0.25171781,0.29319733,0,C2
plastic_nut,plastic_nut::plastic_nut_0321_OK,plastic_nut::plastic_nut_0321_OK,0,five_view_mean,0.31336981,0.29319733,1,C2
plastic_nut,plastic_nut::plastic_nut_0323_OK,plastic_nut::plastic_nut_0323_OK,0,five_view_mean,0.28713825,0.29319733,0,C5
plastic_nut,plastic_nut::plastic_nut_0324_OK,plastic_nut::plastic_nut_0324_OK,0,five_view_mean,0.31235239,0.29319733,1,C5
plastic_nut,plastic_nut::plastic_nut_0325_OK,plastic_nut::plastic_nut_0325_OK,0,five_view_mean,0.30189186,0.29319733,1,C5
plastic_nut,plastic_nut::plastic_nut_0328_OK,plastic_nut::plastic_nut_0328_OK,0,five_view_mean,0.28210264,0.29319733,0,C1
plastic_nut,plastic_nut::plastic_nut_0330_OK,plastic_nut::plastic_nut_0330_OK,0,five_view_mean,0.37240764,0.29319733,1,C5
plastic_nut,plastic_nut::plastic_nut_0337_OK,plastic_nut::plastic_nut_0337_OK,0,five_view_mean,0.25496182,0.29319733,0,C3
plastic_nut,plastic_nut::plastic_nut_0341_OK,plastic_nut::plastic_nut_0341_OK,0,five_view_mean,0.25474051,0.29319733,0,C5
plastic_nut,plastic_nut::plastic_nut_0343_OK,plastic_nut::plastic_nut_0343_OK,0,five_view_mean,0.25485149,0.29319733,0,C1
plastic_nut,plastic_nut::plastic_nut_0344_OK,plastic_nut::plastic_nut_0344_OK,0,five_view_mean,0.25082940,0.29319733,0,C5
plastic_nut,plastic_nut::plastic_nut_0345_OK,plastic_nut::plastic_nut_0345_OK,0,five_view_mean,0.24257430,0.29319733,0,C1
plastic_nut,plastic_nut::plastic_nut_0348_OK,plastic_nut::plastic_nut_0348_OK,0,five_view_mean,0.25234070,0.29319733,0,C2
plastic_nut,plastic_nut::plastic_nut_0350_OK,plastic_nut::plastic_nut_0350_OK,0,five_view_mean,0.28190389,0.29319733,0,C5
plastic_nut,plastic_nut::plastic_nut_0351_OK,plastic_nut::plastic_nut_0351_OK,0,five_view_mean,0.26403633,0.29319733,0,C5
plastic_nut,plastic_nut::plastic_nut_0353_OK,plastic_nut::plastic_nut_0353_OK,0,five_view_mean,0.25902241,0.29319733,0,C1
plastic_nut,plastic_nut::plastic_nut_0354_OK,plastic_nut::plastic_nut_0354_OK,0,five_view_mean,0.24126534,0.29319733,0,C3
plastic_nut,plastic_nut::plastic_nut_0355_OK,plastic_nut::plastic_nut_0355_OK,0,five_view_mean,0.26245895,0.29319733,0,C1
plastic_nut,plastic_nut::plastic_nut_0356_OK,plastic_nut::plastic_nut_0356_OK,0,five_view_mean,0.24599099,0.29319733,0,C5
plastic_nut,plastic_nut::plastic_nut_0359_OK,plastic_nut::plastic_nut_0359_OK,0,five_view_mean,0.31062344,0.29319733,1,C5
plastic_nut,plastic_nut::plastic_nut_0363_OK,plastic_nut::plastic_nut_0363_OK,0,five_view_mean,0.27781603,0.29319733,0,C3
plastic_nut,plastic_nut::plastic_nut_0365_OK,plastic_nut::plastic_nut_0365_OK,0,five_view_mean,0.34505123,0.29319733,1,C1
plastic_nut,plastic_nut::plastic_nut_0366_OK,plastic_nut::plastic_nut_0366_OK,0,five_view_mean,0.35908982,0.29319733,1,C1
plastic_nut,plastic_nut::plastic_nut_0367_OK,plastic_nut::plastic_nut_0367_OK,0,five_view_mean,0.26321501,0.29319733,0,C5
plastic_nut,plastic_nut::plastic_nut_0368_OK,plastic_nut::plastic_nut_0368_OK,0,five_view_mean,0.26230413,0.29319733,0,C5
plastic_nut,plastic_nut::plastic_nut_0370_OK,plastic_nut::plastic_nut_0370_OK,0,five_view_mean,0.26837152,0.29319733,0,C3
plastic_nut,plastic_nut::plastic_nut_0371_OK,plastic_nut::plastic_nut_0371_OK,0,five_view_mean,0.28652501,0.29319733,0,C1
plastic_nut,plastic_nut::plastic_nut_0372_OK,plastic_nut::plastic_nut_0372_OK,0,five_view_mean,0.25577170,0.29319733,0,C1
plastic_nut,plastic_nut::plastic_nut_0374_OK,plastic_nut::plastic_nut_0374_OK,0,five_view_mean,0.24683607,0.29319733,0,C2
plastic_nut,plastic_nut::plastic_nut_0375_OK,plastic_nut::plastic_nut_0375_OK,0,five_view_mean,0.26742122,0.29319733,0,C1
plastic_nut,plastic_nut::plastic_nut_0378_OK,plastic_nut::plastic_nut_0378_OK,0,five_view_mean,0.25804403,0.29319733,0,C1
plastic_nut,plastic_nut::plastic_nut_0379_OK,plastic_nut::plastic_nut_0379_OK,0,five_view_mean,0.30251330,0.29319733,1,C5
plastic_nut,plastic_nut::plastic_nut_0385_OK,plastic_nut::plastic_nut_0385_OK,0,five_view_mean,0.30285901,0.29319733,1,C5
plastic_nut,plastic_nut::plastic_nut_0387_OK,plastic_nut::plastic_nut_0387_OK,0,five_view_mean,0.26832753,0.29319733,0,C5
plastic_nut,plastic_nut::plastic_nut_0389_OK,plastic_nut::plastic_nut_0389_OK,0,five_view_mean,0.24831033,0.29319733,0,C3
plastic_nut,plastic_nut::plastic_nut_0393_OK,plastic_nut::plastic_nut_0393_OK,0,five_view_mean,0.27232575,0.29319733,0,C2
plastic_nut,plastic_nut::plastic_nut_0395_OK,plastic_nut::plastic_nut_0395_OK,0,five_view_mean,0.27386037,0.29319733,0,C1
plastic_nut,plastic_nut::plastic_nut_0396_OK,plastic_nut::plastic_nut_0396_OK,0,five_view_mean,0.27628499,0.29319733,0,C5
plastic_nut,plastic_nut::plastic_nut_0397_OK,plastic_nut::plastic_nut_0397_OK,0,five_view_mean,0.26103860,0.29319733,0,C1
plastic_nut,plastic_nut::plastic_nut_0398_OK,plastic_nut::plastic_nut_0398_OK,0,five_view_mean,0.28463134,0.29319733,0,C3
plastic_nut,plastic_nut::plastic_nut_0399_OK,plastic_nut::plastic_nut_0399_OK,0,five_view_mean,0.25748301,0.29319733,0,C1
plastic_nut,plastic_nut::plastic_nut_0401_OK,plastic_nut::plastic_nut_0401_OK,0,five_view_mean,0.25568119,0.29319733,0,C1
plastic_nut,plastic_nut::plastic_nut_0402_OK,plastic_nut::plastic_nut_0402_OK,0,five_view_mean,0.29460883,0.29319733,1,C1
plastic_nut,plastic_nut::plastic_nut_0404_OK,plastic_nut::plastic_nut_0404_OK,0,five_view_mean,0.30606636,0.29319733,1,C1
plastic_nut,plastic_nut::plastic_nut_0408_OK,plastic_nut::plastic_nut_0408_OK,0,five_view_mean,0.27467129,0.29319733,0,C1
plastic_nut,plastic_nut::plastic_nut_0409_OK,plastic_nut::plastic_nut_0409_OK,0,five_view_mean,0.27957112,0.29319733,0,C3
plastic_nut,plastic_nut::plastic_nut_0413_OK,plastic_nut::plastic_nut_0413_OK,0,five_view_mean,0.31694612,0.29319733,1,C5
plastic_nut,plastic_nut::plastic_nut_0414_OK,plastic_nut::plastic_nut_0414_OK,0,five_view_mean,0.25870642,0.29319733,0,C2
plastic_nut,plastic_nut::plastic_nut_0416_OK,plastic_nut::plastic_nut_0416_OK,0,five_view_mean,0.29053873,0.29319733,0,C5
plastic_nut,plastic_nut::plastic_nut_0418_OK,plastic_nut::plastic_nut_0418_OK,0,five_view_mean,0.26855880,0.29319733,0,C1
plastic_nut,plastic_nut::plastic_nut_0420_OK,plastic_nut::plastic_nut_0420_OK,0,five_view_mean,0.28591710,0.29319733,0,C1
plastic_nut,plastic_nut::plastic_nut_0421_OK,plastic_nut::plastic_nut_0421_OK,0,five_view_mean,0.38947281,0.29319733,1,C3
plastic_nut,plastic_nut::plastic_nut_0423_OK,plastic_nut::plastic_nut_0423_OK,0,five_view_mean,0.25867358,0.29319733,0,C1
plastic_nut,plastic_nut::plastic_nut_0424_OK,plastic_nut::plastic_nut_0424_OK,0,five_view_mean,0.27831909,0.29319733,0,C3
plastic_nut,plastic_nut::plastic_nut_0426_OK,plastic_nut::plastic_nut_0426_OK,0,five_view_mean,0.30833119,0.29319733,1,C3
plastic_nut,plastic_nut::plastic_nut_0427_OK,plastic_nut::plastic_nut_0427_OK,0,five_view_mean,0.28694552,0.29319733,0,C5
plastic_nut,plastic_nut::plastic_nut_0428_OK,plastic_nut::plastic_nut_0428_OK,0,five_view_mean,0.27888256,0.29319733,0,C1
plastic_nut,plastic_nut::plastic_nut_0432_OK,plastic_nut::plastic_nut_0432_OK,0,five_view_mean,0.33432317,0.29319733,1,C5
plastic_nut,plastic_nut::plastic_nut_0436_OK,plastic_nut::plastic_nut_0436_OK,0,five_view_mean,0.31427506,0.29319733,1,C4
plastic_nut,plastic_nut::plastic_nut_0438_OK,plastic_nut::plastic_nut_0438_OK,0,five_view_mean,0.26210263,0.29319733,0,C1
plastic_nut,plastic_nut::plastic_nut_0443_OK,plastic_nut::plastic_nut_0443_OK,0,five_view_mean,0.27505398,0.29319733,0,C5
plastic_nut,plastic_nut::plastic_nut_0444_OK,plastic_nut::plastic_nut_0444_OK,0,five_view_mean,0.26411888,0.29319733,0,C2
plastic_nut,plastic_nut::plastic_nut_0445_OK,plastic_nut::plastic_nut_0445_OK,0,five_view_mean,0.26748592,0.29319733,0,C2
plastic_nut,plastic_nut::plastic_nut_0446_OK,plastic_nut::plastic_nut_0446_OK,0,five_view_mean,0.34668821,0.29319733,1,C1
plastic_nut,plastic_nut::plastic_nut_0447_OK,plastic_nut::plastic_nut_0447_OK,0,five_view_mean,0.26905057,0.29319733,0,C2
plastic_nut,plastic_nut::plastic_nut_0449_OK,plastic_nut::plastic_nut_0449_OK,0,five_view_mean,0.31627202,0.29319733,1,C5
plastic_nut,plastic_nut::plastic_nut_0450_OK,plastic_nut::plastic_nut_0450_OK,0,five_view_mean,0.28528643,0.29319733,0,C5
plastic_nut,plastic_nut::plastic_nut_0451_OK,plastic_nut::plastic_nut_0451_OK,0,five_view_mean,0.27629223,0.29319733,0,C5
plastic_nut,plastic_nut::plastic_nut_0453_OK,plastic_nut::plastic_nut_0453_OK,0,five_view_mean,0.28428867,0.29319733,0,C3
plastic_nut,plastic_nut::plastic_nut_0454_OK,plastic_nut::plastic_nut_0454_OK,0,five_view_mean,0.26819938,0.29319733,0,C1
plastic_nut,plastic_nut::plastic_nut_0456_OK,plastic_nut::plastic_nut_0456_OK,0,five_view_mean,0.24944797,0.29319733,0,C3
plastic_nut,plastic_nut::plastic_nut_0457_OK,plastic_nut::plastic_nut_0457_OK,0,five_view_mean,0.24705887,0.29319733,0,C5
plastic_nut,plastic_nut::plastic_nut_0459_OK,plastic_nut::plastic_nut_0459_OK,0,five_view_mean,0.27284735,0.29319733,0,C1
plastic_nut,plastic_nut::plastic_nut_0461_OK,plastic_nut::plastic_nut_0461_OK,0,five_view_mean,0.25238171,0.29319733,0,C5
plastic_nut,plastic_nut::plastic_nut_0462_OK,plastic_nut::plastic_nut_0462_OK,0,five_view_mean,0.27340108,0.29319733,0,C2
plastic_nut,plastic_nut::plastic_nut_0463_OK,plastic_nut::plastic_nut_0463_OK,0,five_view_mean,0.27775127,0.29319733,0,C3
plastic_nut,plastic_nut::plastic_nut_0466_OK,plastic_nut::plastic_nut_0466_OK,0,five_view_mean,0.31271255,0.29319733,1,C5
plastic_nut,plastic_nut::plastic_nut_0468_OK,plastic_nut::plastic_nut_0468_OK,0,five_view_mean,0.27018347,0.29319733,0,C2
plastic_nut,plastic_nut::plastic_nut_0472_OK,plastic_nut::plastic_nut_0472_OK,0,five_view_mean,0.25006300,0.29319733,0,C3
plastic_nut,plastic_nut::plastic_nut_0473_OK,plastic_nut::plastic_nut_0473_OK,0,five_view_mean,0.25943556,0.29319733,0,C3
plastic_nut,plastic_nut::plastic_nut_0479_OK,plastic_nut::plastic_nut_0479_OK,0,five_view_mean,0.30957568,0.29319733,1,C5
plastic_nut,plastic_nut::plastic_nut_0481_OK,plastic_nut::plastic_nut_0481_OK,0,five_view_mean,0.25307336,0.29319733,0,C5
plastic_nut,plastic_nut::plastic_nut_0482_OK,plastic_nut::plastic_nut_0482_OK,0,five_view_mean,0.24489732,0.29319733,0,C5
plastic_nut,plastic_nut::plastic_nut_0483_OK,plastic_nut::plastic_nut_0483_OK,0,five_view_mean,0.24962258,0.29319733,0,C5
plastic_nut,plastic_nut::plastic_nut_0485_OK,plastic_nut::plastic_nut_0485_OK,0,five_view_mean,0.31913912,0.29319733,1,C5
plastic_nut,plastic_nut::plastic_nut_0489_OK,plastic_nut::plastic_nut_0489_OK,0,five_view_mean,0.31703997,0.29319733,1,C5
plastic_nut,plastic_nut::plastic_nut_0490_OK,plastic_nut::plastic_nut_0490_OK,0,five_view_mean,0.32470793,0.29319733,1,C5
plastic_nut,plastic_nut::plastic_nut_0491_OK,plastic_nut::plastic_nut_0491_OK,0,five_view_mean,0.26407707,0.29319733,0,C2
plastic_nut,plastic_nut::plastic_nut_0493_OK,plastic_nut::plastic_nut_0493_OK,0,five_view_mean,0.27602986,0.29319733,0,C2
plastic_nut,plastic_nut::plastic_nut_0496_OK,plastic_nut::plastic_nut_0496_OK,0,five_view_mean,0.28830168,0.29319733,0,C5
plastic_nut,plastic_nut::plastic_nut_0499_OK,plastic_nut::plastic_nut_0499_OK,0,five_view_mean,0.27737576,0.29319733,0,C2
pcb,pcb::pcb_0001_NG_HS,pcb::pcb_0001_NG_HS,1,five_view_mean,0.30906782,0.32243371,0,C5
pcb,pcb::pcb_0001_NG_QS,pcb::pcb_0001_NG_QS,1,five_view_mean,0.35272911,0.32243371,1,C2
pcb,pcb::pcb_0001_NG_YW,pcb::pcb_0001_NG_YW,1,five_view_mean,0.30513808,0.32243371,0,C3
pcb,pcb::pcb_0001_NG_ZW,pcb::pcb_0001_NG_ZW,1,five_view_mean,0.32116169,0.32243371,0,C5
pcb,pcb::pcb_0001_OK,pcb::pcb_0001_OK,0,five_view_mean,0.30121046,0.32243371,0,C3
pcb,pcb::pcb_0002_NG_HS,pcb::pcb_0002_NG_HS,1,five_view_mean,0.28120914,0.32243371,0,C4
pcb,pcb::pcb_0002_NG_QS,pcb::pcb_0002_NG_QS,1,five_view_mean,0.30529338,0.32243371,0,C3
pcb,pcb::pcb_0002_NG_YW,pcb::pcb_0002_NG_YW,1,five_view_mean,0.42629996,0.32243371,1,C3
pcb,pcb::pcb_0002_NG_ZW,pcb::pcb_0002_NG_ZW,1,five_view_mean,0.33244237,0.32243371,1,C5
pcb,pcb::pcb_0002_OK,pcb::pcb_0002_OK,0,five_view_mean,0.31314486,0.32243371,0,C1
pcb,pcb::pcb_0003_NG_HS,pcb::pcb_0003_NG_HS,1,five_view_mean,0.32560030,0.32243371,1,C2
pcb,pcb::pcb_0003_NG_QS,pcb::pcb_0003_NG_QS,1,five_view_mean,0.34294847,0.32243371,1,C3
pcb,pcb::pcb_0003_NG_YW,pcb::pcb_0003_NG_YW,1,five_view_mean,0.40561968,0.32243371,1,C5
pcb,pcb::pcb_0003_NG_ZW,pcb::pcb_0003_NG_ZW,1,five_view_mean,0.33599013,0.32243371,1,C5
pcb,pcb::pcb_0003_OK,pcb::pcb_0003_OK,0,five_view_mean,0.28991559,0.32243371,0,C1
pcb,pcb::pcb_0004_NG_HS,pcb::pcb_0004_NG_HS,1,five_view_mean,0.28717929,0.32243371,0,C2
pcb,pcb::pcb_0004_NG_QS,pcb::pcb_0004_NG_QS,1,five_view_mean,0.32306415,0.32243371,1,C4
pcb,pcb::pcb_0004_NG_YW,pcb::pcb_0004_NG_YW,1,five_view_mean,0.37036672,0.32243371,1,C5
pcb,pcb::pcb_0004_NG_ZW,pcb::pcb_0004_NG_ZW,1,five_view_mean,0.33207220,0.32243371,1,C5
pcb,pcb::pcb_0005_NG_HS,pcb::pcb_0005_NG_HS,1,five_view_mean,0.30271548,0.32243371,0,C4
pcb,pcb::pcb_0005_NG_QS,pcb::pcb_0005_NG_QS,1,five_view_mean,0.35946605,0.32243371,1,C2
pcb,pcb::pcb_0005_NG_YW,pcb::pcb_0005_NG_YW,1,five_view_mean,0.33285710,0.32243371,1,C2
pcb,pcb::pcb_0005_NG_ZW,pcb::pcb_0005_NG_ZW,1,five_view_mean,0.35817009,0.32243371,1,C1
pcb,pcb::pcb_0005_OK,pcb::pcb_0005_OK,0,five_view_mean,0.28606242,0.32243371,0,C5
pcb,pcb::pcb_0006_NG_HS,pcb::pcb_0006_NG_HS,1,five_view_mean,0.28747115,0.32243371,0,C3
pcb,pcb::pcb_0006_NG_QS,pcb::pcb_0006_NG_QS,1,five_view_mean,0.35570115,0.32243371,1,C2
pcb,pcb::pcb_0006_NG_YW,pcb::pcb_0006_NG_YW,1,five_view_mean,0.43085235,0.32243371,1,C3
pcb,pcb::pcb_0006_NG_ZW,pcb::pcb_0006_NG_ZW,1,five_view_mean,0.36056998,0.32243371,1,C5
pcb,pcb::pcb_0007_NG_HS,pcb::pcb_0007_NG_HS,1,five_view_mean,0.31326413,0.32243371,0,C2
pcb,pcb::pcb_0007_NG_QS,pcb::pcb_0007_NG_QS,1,five_view_mean,0.36786076,0.32243371,1,C5
pcb,pcb::pcb_0007_NG_YW,pcb::pcb_0007_NG_YW,1,five_view_mean,0.42595634,0.32243371,1,C2
pcb,pcb::pcb_0007_NG_ZW,pcb::pcb_0007_NG_ZW,1,five_view_mean,0.33287472,0.32243371,1,C5
pcb,pcb::pcb_0008_NG_HS,pcb::pcb_0008_NG_HS,1,five_view_mean,0.39527324,0.32243371,1,C2
pcb,pcb::pcb_0008_NG_QS,pcb::pcb_0008_NG_QS,1,five_view_mean,0.34383070,0.32243371,1,C3
pcb,pcb::pcb_0008_NG_YW,pcb::pcb_0008_NG_YW,1,five_view_mean,0.38256833,0.32243371,1,C5
pcb,pcb::pcb_0008_NG_ZW,pcb::pcb_0008_NG_ZW,1,five_view_mean,0.37347037,0.32243371,1,C3
pcb,pcb::pcb_0008_OK,pcb::pcb_0008_OK,0,five_view_mean,0.30409560,0.32243371,0,C3
pcb,pcb::pcb_0009_NG_HS,pcb::pcb_0009_NG_HS,1,five_view_mean,0.32949522,0.32243371,1,C5
pcb,pcb::pcb_0009_NG_QS,pcb::pcb_0009_NG_QS,1,five_view_mean,0.39178795,0.32243371,1,C3
pcb,pcb::pcb_0009_NG_YW,pcb::pcb_0009_NG_YW,1,five_view_mean,0.34615961,0.32243371,1,C5
pcb,pcb::pcb_0009_NG_ZW,pcb::pcb_0009_NG_ZW,1,five_view_mean,0.34935641,0.32243371,1,C5
pcb,pcb::pcb_0010_NG_HS,pcb::pcb_0010_NG_HS,1,five_view_mean,0.33248162,0.32243371,1,C5
pcb,pcb::pcb_0010_NG_QS,pcb::pcb_0010_NG_QS,1,five_view_mean,0.36686197,0.32243371,1,C5
pcb,pcb::pcb_0010_NG_YW,pcb::pcb_0010_NG_YW,1,five_view_mean,0.36190695,0.32243371,1,C2
pcb,pcb::pcb_0010_NG_ZW,pcb::pcb_0010_NG_ZW,1,five_view_mean,0.32102275,0.32243371,0,C3
pcb,pcb::pcb_0011_NG_HS,pcb::pcb_0011_NG_HS,1,five_view_mean,0.30883473,0.32243371,0,C1
pcb,pcb::pcb_0011_NG_QS,pcb::pcb_0011_NG_QS,1,five_view_mean,0.33863968,0.32243371,1,C3
pcb,pcb::pcb_0011_NG_YW,pcb::pcb_0011_NG_YW,1,five_view_mean,0.34984306,0.32243371,1,C5
pcb,pcb::pcb_0011_NG_ZW,pcb::pcb_0011_NG_ZW,1,five_view_mean,0.33376247,0.32243371,1,C5
pcb,pcb::pcb_0012_NG_HS,pcb::pcb_0012_NG_HS,1,five_view_mean,0.29208010,0.32243371,0,C1
pcb,pcb::pcb_0012_NG_QS,pcb::pcb_0012_NG_QS,1,five_view_mean,0.32430452,0.32243371,1,C3
pcb,pcb::pcb_0012_NG_YW,pcb::pcb_0012_NG_YW,1,five_view_mean,0.45556593,0.32243371,1,C5
pcb,pcb::pcb_0012_NG_ZW,pcb::pcb_0012_NG_ZW,1,five_view_mean,0.34607977,0.32243371,1,C5
pcb,pcb::pcb_0013_NG_HS,pcb::pcb_0013_NG_HS,1,five_view_mean,0.29803890,0.32243371,0,C1
pcb,pcb::pcb_0013_NG_QS,pcb::pcb_0013_NG_QS,1,five_view_mean,0.30722180,0.32243371,0,C4
pcb,pcb::pcb_0013_NG_YW,pcb::pcb_0013_NG_YW,1,five_view_mean,0.33490869,0.32243371,1,C5
pcb,pcb::pcb_0013_NG_ZW,pcb::pcb_0013_NG_ZW,1,five_view_mean,0.34587184,0.32243371,1,C3
pcb,pcb::pcb_0013_OK,pcb::pcb_0013_OK,0,five_view_mean,0.29818934,0.32243371,0,C3
pcb,pcb::pcb_0014_NG_HS,pcb::pcb_0014_NG_HS,1,five_view_mean,0.31440696,0.32243371,0,C5
pcb,pcb::pcb_0014_NG_QS,pcb::pcb_0014_NG_QS,1,five_view_mean,0.30846024,0.32243371,0,C1
pcb,pcb::pcb_0014_NG_YW,pcb::pcb_0014_NG_YW,1,five_view_mean,0.44262624,0.32243371,1,C3
pcb,pcb::pcb_0014_NG_ZW,pcb::pcb_0014_NG_ZW,1,five_view_mean,0.34315270,0.32243371,1,C5
pcb,pcb::pcb_0014_OK,pcb::pcb_0014_OK,0,five_view_mean,0.29486263,0.32243371,0,C3
pcb,pcb::pcb_0015_NG_HS,pcb::pcb_0015_NG_HS,1,five_view_mean,0.31832230,0.32243371,0,C2
pcb,pcb::pcb_0015_NG_QS,pcb::pcb_0015_NG_QS,1,five_view_mean,0.34438431,0.32243371,1,C4
pcb,pcb::pcb_0015_NG_YW,pcb::pcb_0015_NG_YW,1,five_view_mean,0.50220144,0.32243371,1,C5
pcb,pcb::pcb_0015_NG_ZW,pcb::pcb_0015_NG_ZW,1,five_view_mean,0.29336056,0.32243371,0,C5
pcb,pcb::pcb_0016_NG_HS,pcb::pcb_0016_NG_HS,1,five_view_mean,0.28645054,0.32243371,0,C5
pcb,pcb::pcb_0016_NG_QS,pcb::pcb_0016_NG_QS,1,five_view_mean,0.34779158,0.32243371,1,C4
pcb,pcb::pcb_0016_NG_YW,pcb::pcb_0016_NG_YW,1,five_view_mean,0.41450462,0.32243371,1,C4
pcb,pcb::pcb_0016_NG_ZW,pcb::pcb_0016_NG_ZW,1,five_view_mean,0.38181892,0.32243371,1,C3
pcb,pcb::pcb_0017_NG_HS,pcb::pcb_0017_NG_HS,1,five_view_mean,0.31044430,0.32243371,0,C4
pcb,pcb::pcb_0017_NG_QS,pcb::pcb_0017_NG_QS,1,five_view_mean,0.37528509,0.32243371,1,C5
pcb,pcb::pcb_0017_NG_YW,pcb::pcb_0017_NG_YW,1,five_view_mean,0.33148894,0.32243371,1,C2
pcb,pcb::pcb_0017_NG_ZW,pcb::pcb_0017_NG_ZW,1,five_view_mean,0.33165652,0.32243371,1,C3
pcb,pcb::pcb_0018_NG_HS,pcb::pcb_0018_NG_HS,1,five_view_mean,0.29110008,0.32243371,0,C4
pcb,pcb::pcb_0018_NG_QS,pcb::pcb_0018_NG_QS,1,five_view_mean,0.36036903,0.32243371,1,C2
pcb,pcb::pcb_0018_NG_YW,pcb::pcb_0018_NG_YW,1,five_view_mean,0.38058540,0.32243371,1,C2
pcb,pcb::pcb_0018_NG_ZW,pcb::pcb_0018_NG_ZW,1,five_view_mean,0.31772226,0.32243371,0,C2
pcb,pcb::pcb_0018_OK,pcb::pcb_0018_OK,0,five_view_mean,0.29586202,0.32243371,0,C5
pcb,pcb::pcb_0019_NG_HS,pcb::pcb_0019_NG_HS,1,five_view_mean,0.34486508,0.32243371,1,C3
pcb,pcb::pcb_0019_NG_QS,pcb::pcb_0019_NG_QS,1,five_view_mean,0.33822256,0.32243371,1,C4
pcb,pcb::pcb_0019_NG_YW,pcb::pcb_0019_NG_YW,1,five_view_mean,0.47091603,0.32243371,1,C5
pcb,pcb::pcb_0019_NG_ZW,pcb::pcb_0019_NG_ZW,1,five_view_mean,0.29725450,0.32243371,0,C4
pcb,pcb::pcb_0020_NG_HS,pcb::pcb_0020_NG_HS,1,five_view_mean,0.30327016,0.32243371,0,C5
pcb,pcb::pcb_0020_NG_QS,pcb::pcb_0020_NG_QS,1,five_view_mean,0.32398129,0.32243371,1,C5
pcb,pcb::pcb_0020_NG_YW,pcb::pcb_0020_NG_YW,1,five_view_mean,0.37412232,0.32243371,1,C4
pcb,pcb::pcb_0020_NG_ZW,pcb::pcb_0020_NG_ZW,1,five_view_mean,0.28806105,0.32243371,0,C4
pcb,pcb::pcb_0020_OK,pcb::pcb_0020_OK,0,five_view_mean,0.31504929,0.32243371,0,C1
pcb,pcb::pcb_0021_NG_HS,pcb::pcb_0021_NG_HS,1,five_view_mean,0.32188821,0.32243371,0,C3
pcb,pcb::pcb_0021_NG_QS,pcb::pcb_0021_NG_QS,1,five_view_mean,0.32551891,0.32243371,1,C5
pcb,pcb::pcb_0021_NG_YW,pcb::pcb_0021_NG_YW,1,five_view_mean,0.36137304,0.32243371,1,C2
pcb,pcb::pcb_0021_NG_ZW,pcb::pcb_0021_NG_ZW,1,five_view_mean,0.28048280,0.32243371,0,C4
pcb,pcb::pcb_0021_OK,pcb::pcb_0021_OK,0,five_view_mean,0.30867726,0.32243371,0,C1
pcb,pcb::pcb_0022_NG_HS,pcb::pcb_0022_NG_HS,1,five_view_mean,0.30108988,0.32243371,0,C4
pcb,pcb::pcb_0022_NG_QS,pcb::pcb_0022_NG_QS,1,five_view_mean,0.31744260,0.32243371,0,C2
pcb,pcb::pcb_0022_NG_YW,pcb::pcb_0022_NG_YW,1,five_view_mean,0.35740572,0.32243371,1,C3
pcb,pcb::pcb_0022_NG_ZW,pcb::pcb_0022_NG_ZW,1,five_view_mean,0.33616155,0.32243371,1,C2
pcb,pcb::pcb_0022_OK,pcb::pcb_0022_OK,0,five_view_mean,0.33062392,0.32243371,1,C1
pcb,pcb::pcb_0023_NG_HS,pcb::pcb_0023_NG_HS,1,five_view_mean,0.27901262,0.32243371,0,C4
pcb,pcb::pcb_0023_NG_QS,pcb::pcb_0023_NG_QS,1,five_view_mean,0.30215052,0.32243371,0,C1
pcb,pcb::pcb_0023_NG_YW,pcb::pcb_0023_NG_YW,1,five_view_mean,0.30390167,0.32243371,0,C5
pcb,pcb::pcb_0023_NG_ZW,pcb::pcb_0023_NG_ZW,1,five_view_mean,0.30978233,0.32243371,0,C5
pcb,pcb::pcb_0023_OK,pcb::pcb_0023_OK,0,five_view_mean,0.30188224,0.32243371,0,C3
pcb,pcb::pcb_0024_NG_HS,pcb::pcb_0024_NG_HS,1,five_view_mean,0.34039867,0.32243371,1,C5
pcb,pcb::pcb_0024_NG_QS,pcb::pcb_0024_NG_QS,1,five_view_mean,0.36792934,0.32243371,1,C5
pcb,pcb::pcb_0024_NG_YW,pcb::pcb_0024_NG_YW,1,five_view_mean,0.35248509,0.32243371,1,C1
pcb,pcb::pcb_0024_NG_ZW,pcb::pcb_0024_NG_ZW,1,five_view_mean,0.28931594,0.32243371,0,C5
pcb,pcb::pcb_0024_OK,pcb::pcb_0024_OK,0,five_view_mean,0.32155389,0.32243371,0,C1
pcb,pcb::pcb_0025_NG_HS,pcb::pcb_0025_NG_HS,1,five_view_mean,0.29320055,0.32243371,0,C4
pcb,pcb::pcb_0025_NG_QS,pcb::pcb_0025_NG_QS,1,five_view_mean,0.36378273,0.32243371,1,C3
pcb,pcb::pcb_0025_NG_YW,pcb::pcb_0025_NG_YW,1,five_view_mean,0.32238111,0.32243371,0,C1
pcb,pcb::pcb_0025_NG_ZW,pcb::pcb_0025_NG_ZW,1,five_view_mean,0.28233522,0.32243371,0,C1
pcb,pcb::pcb_0025_OK,pcb::pcb_0025_OK,0,five_view_mean,0.32425079,0.32243371,1,C1
pcb,pcb::pcb_0026_NG_HS,pcb::pcb_0026_NG_HS,1,five_view_mean,0.28991163,0.32243371,0,C2
pcb,pcb::pcb_0026_NG_QS,pcb::pcb_0026_NG_QS,1,five_view_mean,0.39146808,0.32243371,1,C3
pcb,pcb::pcb_0026_NG_YW,pcb::pcb_0026_NG_YW,1,five_view_mean,0.46966186,0.32243371,1,C3
pcb,pcb::pcb_0026_NG_ZW,pcb::pcb_0026_NG_ZW,1,five_view_mean,0.30014759,0.32243371,0,C4
pcb,pcb::pcb_0026_OK,pcb::pcb_0026_OK,0,five_view_mean,0.31760859,0.32243371,0,C1
pcb,pcb::pcb_0027_NG_HS,pcb::pcb_0027_NG_HS,1,five_view_mean,0.30417275,0.32243371,0,C3
pcb,pcb::pcb_0027_NG_QS,pcb::pcb_0027_NG_QS,1,five_view_mean,0.37778604,0.32243371,1,C5
pcb,pcb::pcb_0027_NG_YW,pcb::pcb_0027_NG_YW,1,five_view_mean,0.33441597,0.32243371,1,C3
pcb,pcb::pcb_0027_NG_ZW,pcb::pcb_0027_NG_ZW,1,five_view_mean,0.34875163,0.32243371,1,C5
pcb,pcb::pcb_0028_NG_HS,pcb::pcb_0028_NG_HS,1,five_view_mean,0.28778130,0.32243371,0,C4
pcb,pcb::pcb_0028_NG_QS,pcb::pcb_0028_NG_QS,1,five_view_mean,0.30123338,0.32243371,0,C5
pcb,pcb::pcb_0028_NG_YW,pcb::pcb_0028_NG_YW,1,five_view_mean,0.34286964,0.32243371,1,C5
pcb,pcb::pcb_0028_NG_ZW,pcb::pcb_0028_NG_ZW,1,five_view_mean,0.30024123,0.32243371,0,C3
pcb,pcb::pcb_0028_OK,pcb::pcb_0028_OK,0,five_view_mean,0.29076666,0.32243371,0,C3
pcb,pcb::pcb_0029_NG_HS,pcb::pcb_0029_NG_HS,1,five_view_mean,0.29600126,0.32243371,0,C1
pcb,pcb::pcb_0029_NG_QS,pcb::pcb_0029_NG_QS,1,five_view_mean,0.38972515,0.32243371,1,C5
pcb,pcb::pcb_0029_NG_YW,pcb::pcb_0029_NG_YW,1,five_view_mean,0.34862298,0.32243371,1,C5
pcb,pcb::pcb_0029_NG_ZW,pcb::pcb_0029_NG_ZW,1,five_view_mean,0.30913144,0.32243371,0,C1
pcb,pcb::pcb_0030_NG_HS,pcb::pcb_0030_NG_HS,1,five_view_mean,0.35571992,0.32243371,1,C2
pcb,pcb::pcb_0030_NG_QS,pcb::pcb_0030_NG_QS,1,five_view_mean,0.32159963,0.32243371,0,C3
pcb,pcb::pcb_0030_NG_YW,pcb::pcb_0030_NG_YW,1,five_view_mean,0.36139143,0.32243371,1,C3
pcb,pcb::pcb_0030_NG_ZW,pcb::pcb_0030_NG_ZW,1,five_view_mean,0.30568519,0.32243371,0,C3
pcb,pcb::pcb_0031_NG_HS,pcb::pcb_0031_NG_HS,1,five_view_mean,0.30657119,0.32243371,0,C3
pcb,pcb::pcb_0031_NG_QS,pcb::pcb_0031_NG_QS,1,five_view_mean,0.31708890,0.32243371,0,C5
pcb,pcb::pcb_0031_NG_YW,pcb::pcb_0031_NG_YW,1,five_view_mean,0.32626292,0.32243371,1,C3
pcb,pcb::pcb_0031_NG_ZW,pcb::pcb_0031_NG_ZW,1,five_view_mean,0.28980696,0.32243371,0,C4
pcb,pcb::pcb_0031_OK,pcb::pcb_0031_OK,0,five_view_mean,0.31478482,0.32243371,0,C5
pcb,pcb::pcb_0032_NG_HS,pcb::pcb_0032_NG_HS,1,five_view_mean,0.29731578,0.32243371,0,C2
pcb,pcb::pcb_0032_NG_QS,pcb::pcb_0032_NG_QS,1,five_view_mean,0.41181999,0.32243371,1,C3
pcb,pcb::pcb_0032_NG_YW,pcb::pcb_0032_NG_YW,1,five_view_mean,0.31278107,0.32243371,0,C4
pcb,pcb::pcb_0032_NG_ZW,pcb::pcb_0032_NG_ZW,1,five_view_mean,0.36045870,0.32243371,1,C5
pcb,pcb::pcb_0033_NG_HS,pcb::pcb_0033_NG_HS,1,five_view_mean,0.33521241,0.32243371,1,C3
pcb,pcb::pcb_0033_NG_QS,pcb::pcb_0033_NG_QS,1,five_view_mean,0.34874338,0.32243371,1,C5
pcb,pcb::pcb_0033_NG_YW,pcb::pcb_0033_NG_YW,1,five_view_mean,0.32445771,0.32243371,1,C3
pcb,pcb::pcb_0033_NG_ZW,pcb::pcb_0033_NG_ZW,1,five_view_mean,0.32585791,0.32243371,1,C4
pcb,pcb::pcb_0034_NG_HS,pcb::pcb_0034_NG_HS,1,five_view_mean,0.30008787,0.32243371,0,C3
pcb,pcb::pcb_0034_NG_QS,pcb::pcb_0034_NG_QS,1,five_view_mean,0.36212271,0.32243371,1,C3
pcb,pcb::pcb_0034_NG_YW,pcb::pcb_0034_NG_YW,1,five_view_mean,0.36952591,0.32243371,1,C3
pcb,pcb::pcb_0034_NG_ZW,pcb::pcb_0034_NG_ZW,1,five_view_mean,0.39263991,0.32243371,1,C2
pcb,pcb::pcb_0034_OK,pcb::pcb_0034_OK,0,five_view_mean,0.30931470,0.32243371,0,C3
pcb,pcb::pcb_0035_NG_HS,pcb::pcb_0035_NG_HS,1,five_view_mean,0.31943303,0.32243371,0,C5
pcb,pcb::pcb_0035_NG_QS,pcb::pcb_0035_NG_QS,1,five_view_mean,0.28668851,0.32243371,0,C1
pcb,pcb::pcb_0035_NG_YW,pcb::pcb_0035_NG_YW,1,five_view_mean,0.35321385,0.32243371,1,C1
pcb,pcb::pcb_0035_NG_ZW,pcb::pcb_0035_NG_ZW,1,five_view_mean,0.37918213,0.32243371,1,C2
pcb,pcb::pcb_0036_NG_HS,pcb::pcb_0036_NG_HS,1,five_view_mean,0.31491810,0.32243371,0,C5
pcb,pcb::pcb_0036_NG_QS,pcb::pcb_0036_NG_QS,1,five_view_mean,0.32517856,0.32243371,1,C3
pcb,pcb::pcb_0036_NG_YW,pcb::pcb_0036_NG_YW,1,five_view_mean,0.36698082,0.32243371,1,C2
pcb,pcb::pcb_0036_NG_ZW,pcb::pcb_0036_NG_ZW,1,five_view_mean,0.32147840,0.32243371,0,C5
pcb,pcb::pcb_0036_OK,pcb::pcb_0036_OK,0,five_view_mean,0.29271847,0.32243371,0,C1
pcb,pcb::pcb_0037_NG_HS,pcb::pcb_0037_NG_HS,1,five_view_mean,0.30648500,0.32243371,0,C2
pcb,pcb::pcb_0037_NG_QS,pcb::pcb_0037_NG_QS,1,five_view_mean,0.43092895,0.32243371,1,C5
pcb,pcb::pcb_0037_NG_YW,pcb::pcb_0037_NG_YW,1,five_view_mean,0.34815794,0.32243371,1,C5
pcb,pcb::pcb_0037_NG_ZW,pcb::pcb_0037_NG_ZW,1,five_view_mean,0.35750377,0.32243371,1,C5
pcb,pcb::pcb_0038_NG_HS,pcb::pcb_0038_NG_HS,1,five_view_mean,0.28186569,0.32243371,0,C3
pcb,pcb::pcb_0038_NG_QS,pcb::pcb_0038_NG_QS,1,five_view_mean,0.30193788,0.32243371,0,C5
pcb,pcb::pcb_0038_NG_YW,pcb::pcb_0038_NG_YW,1,five_view_mean,0.35833403,0.32243371,1,C5
pcb,pcb::pcb_0038_NG_ZW,pcb::pcb_0038_NG_ZW,1,five_view_mean,0.41791239,0.32243371,1,C2
pcb,pcb::pcb_0038_OK,pcb::pcb_0038_OK,0,five_view_mean,0.30394778,0.32243371,0,C5
pcb,pcb::pcb_0039_NG_HS,pcb::pcb_0039_NG_HS,1,five_view_mean,0.29735455,0.32243371,0,C1
pcb,pcb::pcb_0039_NG_QS,pcb::pcb_0039_NG_QS,1,five_view_mean,0.43019494,0.32243371,1,C3
pcb,pcb::pcb_0039_NG_YW,pcb::pcb_0039_NG_YW,1,five_view_mean,0.32126999,0.32243371,0,C5
pcb,pcb::pcb_0039_NG_ZW,pcb::pcb_0039_NG_ZW,1,five_view_mean,0.33788684,0.32243371,1,C3
pcb,pcb::pcb_0039_OK,pcb::pcb_0039_OK,0,five_view_mean,0.30956709,0.32243371,0,C1
pcb,pcb::pcb_0040_NG_HS,pcb::pcb_0040_NG_HS,1,five_view_mean,0.32136813,0.32243371,0,C5
pcb,pcb::pcb_0040_NG_QS,pcb::pcb_0040_NG_QS,1,five_view_mean,0.39939114,0.32243371,1,C2
pcb,pcb::pcb_0040_NG_YW,pcb::pcb_0040_NG_YW,1,five_view_mean,0.33381197,0.32243371,1,C2
pcb,pcb::pcb_0040_NG_ZW,pcb::pcb_0040_NG_ZW,1,five_view_mean,0.39126188,0.32243371,1,C5
pcb,pcb::pcb_0041_NG_HS,pcb::pcb_0041_NG_HS,1,five_view_mean,0.29374102,0.32243371,0,C4
pcb,pcb::pcb_0041_NG_QS,pcb::pcb_0041_NG_QS,1,five_view_mean,0.35242611,0.32243371,1,C5
pcb,pcb::pcb_0041_NG_YW,pcb::pcb_0041_NG_YW,1,five_view_mean,0.35525200,0.32243371,1,C3
pcb,pcb::pcb_0041_NG_ZW,pcb::pcb_0041_NG_ZW,1,five_view_mean,0.33291426,0.32243371,1,C3
pcb,pcb::pcb_0042_NG_HS,pcb::pcb_0042_NG_HS,1,five_view_mean,0.31159195,0.32243371,0,C5
pcb,pcb::pcb_0042_NG_QS,pcb::pcb_0042_NG_QS,1,five_view_mean,0.37574893,0.32243371,1,C5
pcb,pcb::pcb_0042_NG_YW,pcb::pcb_0042_NG_YW,1,five_view_mean,0.31415915,0.32243371,0,C3
pcb,pcb::pcb_0042_NG_ZW,pcb::pcb_0042_NG_ZW,1,five_view_mean,0.34651619,0.32243371,1,C3
pcb,pcb::pcb_0042_OK,pcb::pcb_0042_OK,0,five_view_mean,0.28929552,0.32243371,0,C3
pcb,pcb::pcb_0043_NG_HS,pcb::pcb_0043_NG_HS,1,five_view_mean,0.29497951,0.32243371,0,C4
pcb,pcb::pcb_0043_NG_QS,pcb::pcb_0043_NG_QS,1,five_view_mean,0.41723698,0.32243371,1,C5
pcb,pcb::pcb_0043_NG_YW,pcb::pcb_0043_NG_YW,1,five_view_mean,0.34064466,0.32243371,1,C3
pcb,pcb::pcb_0043_NG_ZW,pcb::pcb_0043_NG_ZW,1,five_view_mean,0.37313908,0.32243371,1,C5
pcb,pcb::pcb_0043_OK,pcb::pcb_0043_OK,0,five_view_mean,0.30387741,0.32243371,0,C3
pcb,pcb::pcb_0044_NG_HS,pcb::pcb_0044_NG_HS,1,five_view_mean,0.29284751,0.32243371,0,C4
pcb,pcb::pcb_0044_NG_QS,pcb::pcb_0044_NG_QS,1,five_view_mean,0.35535055,0.32243371,1,C5
pcb,pcb::pcb_0044_NG_YW,pcb::pcb_0044_NG_YW,1,five_view_mean,0.34037113,0.32243371,1,C2
pcb,pcb::pcb_0044_NG_ZW,pcb::pcb_0044_NG_ZW,1,five_view_mean,0.42906293,0.32243371,1,C2
pcb,pcb::pcb_0045_NG_HS,pcb::pcb_0045_NG_HS,1,five_view_mean,0.30741519,0.32243371,0,C4
pcb,pcb::pcb_0045_NG_QS,pcb::pcb_0045_NG_QS,1,five_view_mean,0.44374681,0.32243371,1,C3
pcb,pcb::pcb_0045_NG_YW,pcb::pcb_0045_NG_YW,1,five_view_mean,0.31912476,0.32243371,0,C5
pcb,pcb::pcb_0045_NG_ZW,pcb::pcb_0045_NG_ZW,1,five_view_mean,0.36149213,0.32243371,1,C2
pcb,pcb::pcb_0045_OK,pcb::pcb_0045_OK,0,five_view_mean,0.30024764,0.32243371,0,C5
pcb,pcb::pcb_0046_NG_HS,pcb::pcb_0046_NG_HS,1,five_view_mean,0.28572360,0.32243371,0,C1
pcb,pcb::pcb_0046_NG_QS,pcb::pcb_0046_NG_QS,1,five_view_mean,0.39956677,0.32243371,1,C4
pcb,pcb::pcb_0046_NG_YW,pcb::pcb_0046_NG_YW,1,five_view_mean,0.31635562,0.32243371,0,C4
pcb,pcb::pcb_0046_NG_ZW,pcb::pcb_0046_NG_ZW,1,five_view_mean,0.33340979,0.32243371,1,C3
pcb,pcb::pcb_0046_OK,pcb::pcb_0046_OK,0,five_view_mean,0.28781408,0.32243371,0,C5
pcb,pcb::pcb_0047_NG_HS,pcb::pcb_0047_NG_HS,1,five_view_mean,0.28780335,0.32243371,0,C4
pcb,pcb::pcb_0047_NG_QS,pcb::pcb_0047_NG_QS,1,five_view_mean,0.33683413,0.32243371,1,C3
pcb,pcb::pcb_0047_NG_YW,pcb::pcb_0047_NG_YW,1,five_view_mean,0.36815190,0.32243371,1,C5
pcb,pcb::pcb_0047_NG_ZW,pcb::pcb_0047_NG_ZW,1,five_view_mean,0.33160457,0.32243371,1,C5
pcb,pcb::pcb_0047_OK,pcb::pcb_0047_OK,0,five_view_mean,0.29902700,0.32243371,0,C3
pcb,pcb::pcb_0048_NG_HS,pcb::pcb_0048_NG_HS,1,five_view_mean,0.28928068,0.32243371,0,C3
pcb,pcb::pcb_0048_NG_QS,pcb::pcb_0048_NG_QS,1,five_view_mean,0.32168418,0.32243371,0,C2
pcb,pcb::pcb_0048_NG_YW,pcb::pcb_0048_NG_YW,1,five_view_mean,0.34511501,0.32243371,1,C4
pcb,pcb::pcb_0048_NG_ZW,pcb::pcb_0048_NG_ZW,1,five_view_mean,0.30528373,0.32243371,0,C5
pcb,pcb::pcb_0048_OK,pcb::pcb_0048_OK,0,five_view_mean,0.34761742,0.32243371,1,C4
pcb,pcb::pcb_0049_NG_HS,pcb::pcb_0049_NG_HS,1,five_view_mean,0.37752178,0.32243371,1,C3
pcb,pcb::pcb_0049_NG_QS,pcb::pcb_0049_NG_QS,1,five_view_mean,0.40500927,0.32243371,1,C3
pcb,pcb::pcb_0049_NG_YW,pcb::pcb_0049_NG_YW,1,five_view_mean,0.33760983,0.32243371,1,C3
pcb,pcb::pcb_0049_NG_ZW,pcb::pcb_0049_NG_ZW,1,five_view_mean,0.36387616,0.32243371,1,C2
pcb,pcb::pcb_0049_OK,pcb::pcb_0049_OK,0,five_view_mean,0.29517037,0.32243371,0,C3
pcb,pcb::pcb_0050_NG_HS,pcb::pcb_0050_NG_HS,1,five_view_mean,0.29349741,0.32243371,0,C3
pcb,pcb::pcb_0050_NG_QS,pcb::pcb_0050_NG_QS,1,five_view_mean,0.35722584,0.32243371,1,C3
pcb,pcb::pcb_0050_NG_YW,pcb::pcb_0050_NG_YW,1,five_view_mean,0.36545604,0.32243371,1,C3
pcb,pcb::pcb_0050_NG_ZW,pcb::pcb_0050_NG_ZW,1,five_view_mean,0.33223018,0.32243371,1,C3
pcb,pcb::pcb_0051_NG_HS,pcb::pcb_0051_NG_HS,1,five_view_mean,0.30636138,0.32243371,0,C4
pcb,pcb::pcb_0051_NG_QS,pcb::pcb_0051_NG_QS,1,five_view_mean,0.31387544,0.32243371,0,C1
pcb,pcb::pcb_0051_NG_YW,pcb::pcb_0051_NG_YW,1,five_view_mean,0.38165599,0.32243371,1,C4
pcb,pcb::pcb_0051_NG_ZW,pcb::pcb_0051_NG_ZW,1,five_view_mean,0.30655199,0.32243371,0,C5
pcb,pcb::pcb_0052_NG_HS,pcb::pcb_0052_NG_HS,1,five_view_mean,0.28807884,0.32243371,0,C3
pcb,pcb::pcb_0052_NG_QS,pcb::pcb_0052_NG_QS,1,five_view_mean,0.34985515,0.32243371,1,C2
pcb,pcb::pcb_0052_NG_YW,pcb::pcb_0052_NG_YW,1,five_view_mean,0.34952736,0.32243371,1,C3
pcb,pcb::pcb_0052_NG_ZW,pcb::pcb_0052_NG_ZW,1,five_view_mean,0.41016024,0.32243371,1,C5
pcb,pcb::pcb_0052_OK,pcb::pcb_0052_OK,0,five_view_mean,0.27428326,0.32243371,0,C1
pcb,pcb::pcb_0053_NG_HS,pcb::pcb_0053_NG_HS,1,five_view_mean,0.29238576,0.32243371,0,C4
pcb,pcb::pcb_0053_NG_QS,pcb::pcb_0053_NG_QS,1,five_view_mean,0.34864214,0.32243371,1,C4
pcb,pcb::pcb_0053_NG_YW,pcb::pcb_0053_NG_YW,1,five_view_mean,0.35846442,0.32243371,1,C2
pcb,pcb::pcb_0053_NG_ZW,pcb::pcb_0053_NG_ZW,1,five_view_mean,0.31667000,0.32243371,0,C5
pcb,pcb::pcb_0054_NG_HS,pcb::pcb_0054_NG_HS,1,five_view_mean,0.28458256,0.32243371,0,C5
pcb,pcb::pcb_0054_NG_QS,pcb::pcb_0054_NG_QS,1,five_view_mean,0.39739197,0.32243371,1,C2
pcb,pcb::pcb_0054_NG_YW,pcb::pcb_0054_NG_YW,1,five_view_mean,0.39656299,0.32243371,1,C5
pcb,pcb::pcb_0054_NG_ZW,pcb::pcb_0054_NG_ZW,1,five_view_mean,0.33145317,0.32243371,1,C3
pcb,pcb::pcb_0055_NG_HS,pcb::pcb_0055_NG_HS,1,five_view_mean,0.33105662,0.32243371,1,C1
pcb,pcb::pcb_0055_NG_QS,pcb::pcb_0055_NG_QS,1,five_view_mean,0.32657737,0.32243371,1,C4
pcb,pcb::pcb_0055_NG_YW,pcb::pcb_0055_NG_YW,1,five_view_mean,0.34845719,0.32243371,1,C3
pcb,pcb::pcb_0055_NG_ZW,pcb::pcb_0055_NG_ZW,1,five_view_mean,0.30597466,0.32243371,0,C5
pcb,pcb::pcb_0056_NG_HS,pcb::pcb_0056_NG_HS,1,five_view_mean,0.28282714,0.32243371,0,C5
pcb,pcb::pcb_0056_NG_QS,pcb::pcb_0056_NG_QS,1,five_view_mean,0.31898296,0.32243371,0,C2
pcb,pcb::pcb_0056_NG_YW,pcb::pcb_0056_NG_YW,1,five_view_mean,0.44129571,0.32243371,1,C3
pcb,pcb::pcb_0056_NG_ZW,pcb::pcb_0056_NG_ZW,1,five_view_mean,0.31425178,0.32243371,0,C2
pcb,pcb::pcb_0057_NG_HS,pcb::pcb_0057_NG_HS,1,five_view_mean,0.29916376,0.32243371,0,C1
pcb,pcb::pcb_0057_NG_QS,pcb::pcb_0057_NG_QS,1,five_view_mean,0.31645548,0.32243371,0,C2
pcb,pcb::pcb_0057_NG_YW,pcb::pcb_0057_NG_YW,1,five_view_mean,0.36408347,0.32243371,1,C4
pcb,pcb::pcb_0057_NG_ZW,pcb::pcb_0057_NG_ZW,1,five_view_mean,0.31627515,0.32243371,0,C3
pcb,pcb::pcb_0058_NG_HS,pcb::pcb_0058_NG_HS,1,five_view_mean,0.30484501,0.32243371,0,C5
pcb,pcb::pcb_0058_NG_QS,pcb::pcb_0058_NG_QS,1,five_view_mean,0.30705690,0.32243371,0,C2
pcb,pcb::pcb_0058_NG_YW,pcb::pcb_0058_NG_YW,1,five_view_mean,0.39671427,0.32243371,1,C5
pcb,pcb::pcb_0058_NG_ZW,pcb::pcb_0058_NG_ZW,1,five_view_mean,0.30707508,0.32243371,0,C5
pcb,pcb::pcb_0058_OK,pcb::pcb_0058_OK,0,five_view_mean,0.30231050,0.32243371,0,C2
pcb,pcb::pcb_0059_NG_HS,pcb::pcb_0059_NG_HS,1,five_view_mean,0.27928174,0.32243371,0,C5
pcb,pcb::pcb_0059_NG_QS,pcb::pcb_0059_NG_QS,1,five_view_mean,0.32918304,0.32243371,1,C5
pcb,pcb::pcb_0059_NG_YW,pcb::pcb_0059_NG_YW,1,five_view_mean,0.37902504,0.32243371,1,C3
pcb,pcb::pcb_0059_NG_ZW,pcb::pcb_0059_NG_ZW,1,five_view_mean,0.31572276,0.32243371,0,C5
pcb,pcb::pcb_0059_OK,pcb::pcb_0059_OK,0,five_view_mean,0.30472270,0.32243371,0,C3
pcb,pcb::pcb_0060_NG_HS,pcb::pcb_0060_NG_HS,1,five_view_mean,0.29404551,0.32243371,0,C5
pcb,pcb::pcb_0060_NG_QS,pcb::pcb_0060_NG_QS,1,five_view_mean,0.42646709,0.32243371,1,C3
pcb,pcb::pcb_0060_NG_YW,pcb::pcb_0060_NG_YW,1,five_view_mean,0.42544341,0.32243371,1,C3
pcb,pcb::pcb_0060_NG_ZW,pcb::pcb_0060_NG_ZW,1,five_view_mean,0.28851721,0.32243371,0,C2
pcb,pcb::pcb_0061_NG_HS,pcb::pcb_0061_NG_HS,1,five_view_mean,0.28313932,0.32243371,0,C5
pcb,pcb::pcb_0061_NG_QS,pcb::pcb_0061_NG_QS,1,five_view_mean,0.34671298,0.32243371,1,C3
pcb,pcb::pcb_0061_NG_YW,pcb::pcb_0061_NG_YW,1,five_view_mean,0.34913573,0.32243371,1,C4
pcb,pcb::pcb_0061_NG_ZW,pcb::pcb_0061_NG_ZW,1,five_view_mean,0.27397007,0.32243371,0,C4
pcb,pcb::pcb_0062_NG_HS,pcb::pcb_0062_NG_HS,1,five_view_mean,0.29235262,0.32243371,0,C5
pcb,pcb::pcb_0062_NG_QS,pcb::pcb_0062_NG_QS,1,five_view_mean,0.32088447,0.32243371,0,C2
pcb,pcb::pcb_0062_NG_YW,pcb::pcb_0062_NG_YW,1,five_view_mean,0.46364063,0.32243371,1,C5
pcb,pcb::pcb_0062_NG_ZW,pcb::pcb_0062_NG_ZW,1,five_view_mean,0.30096453,0.32243371,0,C2
pcb,pcb::pcb_0063_NG_HS,pcb::pcb_0063_NG_HS,1,five_view_mean,0.30047911,0.32243371,0,C4
pcb,pcb::pcb_0063_NG_QS,pcb::pcb_0063_NG_QS,1,five_view_mean,0.40141010,0.32243371,1,C5
pcb,pcb::pcb_0063_NG_YW,pcb::pcb_0063_NG_YW,1,five_view_mean,0.35242346,0.32243371,1,C3
pcb,pcb::pcb_0063_NG_ZW,pcb::pcb_0063_NG_ZW,1,five_view_mean,0.36237520,0.32243371,1,C2
pcb,pcb::pcb_0064_NG_HS,pcb::pcb_0064_NG_HS,1,five_view_mean,0.31846079,0.32243371,0,C2
pcb,pcb::pcb_0064_NG_QS,pcb::pcb_0064_NG_QS,1,five_view_mean,0.33350134,0.32243371,1,C5
pcb,pcb::pcb_0064_NG_YW,pcb::pcb_0064_NG_YW,1,five_view_mean,0.36316821,0.32243371,1,C2
pcb,pcb::pcb_0064_NG_ZW,pcb::pcb_0064_NG_ZW,1,five_view_mean,0.29448676,0.32243371,0,C2
pcb,pcb::pcb_0064_OK,pcb::pcb_0064_OK,0,five_view_mean,0.29377064,0.32243371,0,C2
pcb,pcb::pcb_0065_NG_HS,pcb::pcb_0065_NG_HS,1,five_view_mean,0.31069046,0.32243371,0,C3
pcb,pcb::pcb_0065_NG_QS,pcb::pcb_0065_NG_QS,1,five_view_mean,0.31933385,0.32243371,0,C5
pcb,pcb::pcb_0065_NG_YW,pcb::pcb_0065_NG_YW,1,five_view_mean,0.41105723,0.32243371,1,C5
pcb,pcb::pcb_0065_NG_ZW,pcb::pcb_0065_NG_ZW,1,five_view_mean,0.37676597,0.32243371,1,C4
pcb,pcb::pcb_0065_OK,pcb::pcb_0065_OK,0,five_view_mean,0.29321715,0.32243371,0,C2
pcb,pcb::pcb_0066_NG_HS,pcb::pcb_0066_NG_HS,1,five_view_mean,0.28729135,0.32243371,0,C4
pcb,pcb::pcb_0066_NG_QS,pcb::pcb_0066_NG_QS,1,five_view_mean,0.39739966,0.32243371,1,C5
pcb,pcb::pcb_0066_NG_YW,pcb::pcb_0066_NG_YW,1,five_view_mean,0.41913423,0.32243371,1,C5
pcb,pcb::pcb_0066_NG_ZW,pcb::pcb_0066_NG_ZW,1,five_view_mean,0.29494658,0.32243371,0,C3
pcb,pcb::pcb_0066_OK,pcb::pcb_0066_OK,0,five_view_mean,0.29065886,0.32243371,0,C2
pcb,pcb::pcb_0067_NG_HS,pcb::pcb_0067_NG_HS,1,five_view_mean,0.30139175,0.32243371,0,C3
pcb,pcb::pcb_0067_NG_QS,pcb::pcb_0067_NG_QS,1,five_view_mean,0.44892374,0.32243371,1,C2
pcb,pcb::pcb_0067_NG_YW,pcb::pcb_0067_NG_YW,1,five_view_mean,0.39941365,0.32243371,1,C5
pcb,pcb::pcb_0067_NG_ZW,pcb::pcb_0067_NG_ZW,1,five_view_mean,0.30200505,0.32243371,0,C5
pcb,pcb::pcb_0068_NG_HS,pcb::pcb_0068_NG_HS,1,five_view_mean,0.31166285,0.32243371,0,C3
pcb,pcb::pcb_0068_NG_QS,pcb::pcb_0068_NG_QS,1,five_view_mean,0.39655259,0.32243371,1,C3
pcb,pcb::pcb_0068_NG_YW,pcb::pcb_0068_NG_YW,1,five_view_mean,0.40183440,0.32243371,1,C3
pcb,pcb::pcb_0068_NG_ZW,pcb::pcb_0068_NG_ZW,1,five_view_mean,0.36466944,0.32243371,1,C5
pcb,pcb::pcb_0068_OK,pcb::pcb_0068_OK,0,five_view_mean,0.29974860,0.32243371,0,C5
pcb,pcb::pcb_0069_NG_HS,pcb::pcb_0069_NG_HS,1,five_view_mean,0.30322972,0.32243371,0,C2
pcb,pcb::pcb_0069_NG_QS,pcb::pcb_0069_NG_QS,1,five_view_mean,0.30185330,0.32243371,0,C4
pcb,pcb::pcb_0069_NG_YW,pcb::pcb_0069_NG_YW,1,five_view_mean,0.40107384,0.32243371,1,C5
pcb,pcb::pcb_0069_NG_ZW,pcb::pcb_0069_NG_ZW,1,five_view_mean,0.35774580,0.32243371,1,C2
pcb,pcb::pcb_0070_NG_HS,pcb::pcb_0070_NG_HS,1,five_view_mean,0.29353094,0.32243371,0,C5
pcb,pcb::pcb_0070_NG_QS,pcb::pcb_0070_NG_QS,1,five_view_mean,0.29397330,0.32243371,0,C4
pcb,pcb::pcb_0070_NG_YW,pcb::pcb_0070_NG_YW,1,five_view_mean,0.39501643,0.32243371,1,C3
pcb,pcb::pcb_0070_NG_ZW,pcb::pcb_0070_NG_ZW,1,five_view_mean,0.34719723,0.32243371,1,C2
pcb,pcb::pcb_0070_OK,pcb::pcb_0070_OK,0,five_view_mean,0.29597250,0.32243371,0,C2
pcb,pcb::pcb_0071_NG_HS,pcb::pcb_0071_NG_HS,1,five_view_mean,0.29538852,0.32243371,0,C1
pcb,pcb::pcb_0071_NG_QS,pcb::pcb_0071_NG_QS,1,five_view_mean,0.31617242,0.32243371,0,C2
pcb,pcb::pcb_0071_NG_YW,pcb::pcb_0071_NG_YW,1,five_view_mean,0.40630037,0.32243371,1,C3
pcb,pcb::pcb_0071_NG_ZW,pcb::pcb_0071_NG_ZW,1,five_view_mean,0.28886625,0.32243371,0,C3
pcb,pcb::pcb_0072_NG_HS,pcb::pcb_0072_NG_HS,1,five_view_mean,0.30689186,0.32243371,0,C2
pcb,pcb::pcb_0072_NG_QS,pcb::pcb_0072_NG_QS,1,five_view_mean,0.32165998,0.32243371,0,C1
pcb,pcb::pcb_0072_NG_YW,pcb::pcb_0072_NG_YW,1,five_view_mean,0.43079567,0.32243371,1,C3
pcb,pcb::pcb_0072_NG_ZW,pcb::pcb_0072_NG_ZW,1,five_view_mean,0.39698225,0.32243371,1,C3
pcb,pcb::pcb_0073_NG_HS,pcb::pcb_0073_NG_HS,1,five_view_mean,0.31102222,0.32243371,0,C5
pcb,pcb::pcb_0073_NG_QS,pcb::pcb_0073_NG_QS,1,five_view_mean,0.40770453,0.32243371,1,C3
pcb,pcb::pcb_0073_NG_YW,pcb::pcb_0073_NG_YW,1,five_view_mean,0.43798772,0.32243371,1,C5
pcb,pcb::pcb_0073_NG_ZW,pcb::pcb_0073_NG_ZW,1,five_view_mean,0.30218807,0.32243371,0,C3
pcb,pcb::pcb_0074_NG_HS,pcb::pcb_0074_NG_HS,1,five_view_mean,0.33243519,0.32243371,1,C3
pcb,pcb::pcb_0074_NG_QS,pcb::pcb_0074_NG_QS,1,five_view_mean,0.32474899,0.32243371,1,C3
pcb,pcb::pcb_0074_NG_YW,pcb::pcb_0074_NG_YW,1,five_view_mean,0.40834188,0.32243371,1,C3
pcb,pcb::pcb_0074_NG_ZW,pcb::pcb_0074_NG_ZW,1,five_view_mean,0.29618096,0.32243371,0,C3
pcb,pcb::pcb_0075_NG_HS,pcb::pcb_0075_NG_HS,1,five_view_mean,0.29638243,0.32243371,0,C3
pcb,pcb::pcb_0075_NG_QS,pcb::pcb_0075_NG_QS,1,five_view_mean,0.34926429,0.32243371,1,C5
pcb,pcb::pcb_0075_NG_YW,pcb::pcb_0075_NG_YW,1,five_view_mean,0.31634709,0.32243371,0,C3
pcb,pcb::pcb_0075_NG_ZW,pcb::pcb_0075_NG_ZW,1,five_view_mean,0.29433453,0.32243371,0,C3
pcb,pcb::pcb_0076_NG_HS,pcb::pcb_0076_NG_HS,1,five_view_mean,0.30139264,0.32243371,0,C4
pcb,pcb::pcb_0076_NG_QS,pcb::pcb_0076_NG_QS,1,five_view_mean,0.34653208,0.32243371,1,C5
pcb,pcb::pcb_0076_NG_YW,pcb::pcb_0076_NG_YW,1,five_view_mean,0.30650729,0.32243371,0,C1
pcb,pcb::pcb_0076_NG_ZW,pcb::pcb_0076_NG_ZW,1,five_view_mean,0.37432864,0.32243371,1,C4
pcb,pcb::pcb_0077_NG_HS,pcb::pcb_0077_NG_HS,1,five_view_mean,0.29342562,0.32243371,0,C3
pcb,pcb::pcb_0077_NG_QS,pcb::pcb_0077_NG_QS,1,five_view_mean,0.36420712,0.32243371,1,C3
pcb,pcb::pcb_0077_NG_YW,pcb::pcb_0077_NG_YW,1,five_view_mean,0.31692994,0.32243371,0,C2
pcb,pcb::pcb_0077_NG_ZW,pcb::pcb_0077_NG_ZW,1,five_view_mean,0.35066447,0.32243371,1,C3
pcb,pcb::pcb_0077_OK,pcb::pcb_0077_OK,0,five_view_mean,0.27888811,0.32243371,0,C3
pcb,pcb::pcb_0078_NG_HS,pcb::pcb_0078_NG_HS,1,five_view_mean,0.32842860,0.32243371,1,C5
pcb,pcb::pcb_0078_NG_QS,pcb::pcb_0078_NG_QS,1,five_view_mean,0.42902002,0.32243371,1,C5
pcb,pcb::pcb_0078_NG_YW,pcb::pcb_0078_NG_YW,1,five_view_mean,0.33613056,0.32243371,1,C4
pcb,pcb::pcb_0078_NG_ZW,pcb::pcb_0078_NG_ZW,1,five_view_mean,0.34686217,0.32243371,1,C5
pcb,pcb::pcb_0078_OK,pcb::pcb_0078_OK,0,five_view_mean,0.28330547,0.32243371,0,C4
pcb,pcb::pcb_0079_NG_HS,pcb::pcb_0079_NG_HS,1,five_view_mean,0.28832260,0.32243371,0,C3
pcb,pcb::pcb_0079_NG_QS,pcb::pcb_0079_NG_QS,1,five_view_mean,0.42355093,0.32243371,1,C5
pcb,pcb::pcb_0079_NG_YW,pcb::pcb_0079_NG_YW,1,five_view_mean,0.40403372,0.32243371,1,C2
pcb,pcb::pcb_0079_NG_ZW,pcb::pcb_0079_NG_ZW,1,five_view_mean,0.33719832,0.32243371,1,C2
pcb,pcb::pcb_0079_OK,pcb::pcb_0079_OK,0,five_view_mean,0.28313217,0.32243371,0,C3
pcb,pcb::pcb_0080_NG_HS,pcb::pcb_0080_NG_HS,1,five_view_mean,0.30340961,0.32243371,0,C4
pcb,pcb::pcb_0080_NG_QS,pcb::pcb_0080_NG_QS,1,five_view_mean,0.31545788,0.32243371,0,C3
pcb,pcb::pcb_0080_NG_YW,pcb::pcb_0080_NG_YW,1,five_view_mean,0.40034300,0.32243371,1,C4
pcb,pcb::pcb_0080_NG_ZW,pcb::pcb_0080_NG_ZW,1,five_view_mean,0.38020161,0.32243371,1,C2
pcb,pcb::pcb_0081_NG_HS,pcb::pcb_0081_NG_HS,1,five_view_mean,0.30161327,0.32243371,0,C5
pcb,pcb::pcb_0081_NG_QS,pcb::pcb_0081_NG_QS,1,five_view_mean,0.39174363,0.32243371,1,C5
pcb,pcb::pcb_0081_NG_YW,pcb::pcb_0081_NG_YW,1,five_view_mean,0.51073980,0.32243371,1,C3
pcb,pcb::pcb_0081_NG_ZW,pcb::pcb_0081_NG_ZW,1,five_view_mean,0.30165425,0.32243371,0,C3
pcb,pcb::pcb_0082_NG_HS,pcb::pcb_0082_NG_HS,1,five_view_mean,0.28567392,0.32243371,0,C4
pcb,pcb::pcb_0082_NG_QS,pcb::pcb_0082_NG_QS,1,five_view_mean,0.34715411,0.32243371,1,C3
pcb,pcb::pcb_0082_NG_YW,pcb::pcb_0082_NG_YW,1,five_view_mean,0.51120025,0.32243371,1,C5
pcb,pcb::pcb_0082_NG_ZW,pcb::pcb_0082_NG_ZW,1,five_view_mean,0.35654038,0.32243371,1,C3
pcb,pcb::pcb_0082_OK,pcb::pcb_0082_OK,0,five_view_mean,0.29878369,0.32243371,0,C5
pcb,pcb::pcb_0083_NG_HS,pcb::pcb_0083_NG_HS,1,five_view_mean,0.33001620,0.32243371,1,C5
pcb,pcb::pcb_0083_NG_QS,pcb::pcb_0083_NG_QS,1,five_view_mean,0.39099619,0.32243371,1,C3
pcb,pcb::pcb_0083_NG_YW,pcb::pcb_0083_NG_YW,1,five_view_mean,0.41606349,0.32243371,1,C2
pcb,pcb::pcb_0083_NG_ZW,pcb::pcb_0083_NG_ZW,1,five_view_mean,0.46810681,0.32243371,1,C4
pcb,pcb::pcb_0084_NG_HS,pcb::pcb_0084_NG_HS,1,five_view_mean,0.27987424,0.32243371,0,C4
pcb,pcb::pcb_0084_NG_QS,pcb::pcb_0084_NG_QS,1,five_view_mean,0.42032272,0.32243371,1,C3
pcb,pcb::pcb_0084_NG_YW,pcb::pcb_0084_NG_YW,1,five_view_mean,0.53157938,0.32243371,1,C3
pcb,pcb::pcb_0084_NG_ZW,pcb::pcb_0084_NG_ZW,1,five_view_mean,0.33839190,0.32243371,1,C3
pcb,pcb::pcb_0085_NG_HS,pcb::pcb_0085_NG_HS,1,five_view_mean,0.27988335,0.32243371,0,C1
pcb,pcb::pcb_0085_NG_QS,pcb::pcb_0085_NG_QS,1,five_view_mean,0.34849671,0.32243371,1,C3
pcb,pcb::pcb_0085_NG_YW,pcb::pcb_0085_NG_YW,1,five_view_mean,0.37740213,0.32243371,1,C5
pcb,pcb::pcb_0085_NG_ZW,pcb::pcb_0085_NG_ZW,1,five_view_mean,0.35644051,0.32243371,1,C5
pcb,pcb::pcb_0085_OK,pcb::pcb_0085_OK,0,five_view_mean,0.27987474,0.32243371,0,C3
pcb,pcb::pcb_0086_NG_HS,pcb::pcb_0086_NG_HS,1,five_view_mean,0.28182012,0.32243371,0,C1
pcb,pcb::pcb_0086_NG_QS,pcb::pcb_0086_NG_QS,1,five_view_mean,0.41309404,0.32243371,1,C5
pcb,pcb::pcb_0086_NG_YW,pcb::pcb_0086_NG_YW,1,five_view_mean,0.38974008,0.32243371,1,C3
pcb,pcb::pcb_0086_NG_ZW,pcb::pcb_0086_NG_ZW,1,five_view_mean,0.36598119,0.32243371,1,C2
pcb,pcb::pcb_0086_OK,pcb::pcb_0086_OK,0,five_view_mean,0.29321480,0.32243371,0,C4
pcb,pcb::pcb_0087_NG_HS,pcb::pcb_0087_NG_HS,1,five_view_mean,0.31462911,0.32243371,0,C5
pcb,pcb::pcb_0087_NG_QS,pcb::pcb_0087_NG_QS,1,five_view_mean,0.34910077,0.32243371,1,C3
pcb,pcb::pcb_0087_NG_YW,pcb::pcb_0087_NG_YW,1,five_view_mean,0.39021343,0.32243371,1,C5
pcb,pcb::pcb_0087_NG_ZW,pcb::pcb_0087_NG_ZW,1,five_view_mean,0.44860792,0.32243371,1,C3
pcb,pcb::pcb_0087_OK,pcb::pcb_0087_OK,0,five_view_mean,0.30189881,0.32243371,0,C1
pcb,pcb::pcb_0088_NG_HS,pcb::pcb_0088_NG_HS,1,five_view_mean,0.29672489,0.32243371,0,C3
pcb,pcb::pcb_0088_NG_QS,pcb::pcb_0088_NG_QS,1,five_view_mean,0.32259220,0.32243371,1,C5
pcb,pcb::pcb_0088_NG_YW,pcb::pcb_0088_NG_YW,1,five_view_mean,0.38398039,0.32243371,1,C5
pcb,pcb::pcb_0088_NG_ZW,pcb::pcb_0088_NG_ZW,1,five_view_mean,0.40740648,0.32243371,1,C3
pcb,pcb::pcb_0089_NG_HS,pcb::pcb_0089_NG_HS,1,five_view_mean,0.30745444,0.32243371,0,C4
pcb,pcb::pcb_0089_NG_QS,pcb::pcb_0089_NG_QS,1,five_view_mean,0.31698197,0.32243371,0,C3
pcb,pcb::pcb_0089_NG_YW,pcb::pcb_0089_NG_YW,1,five_view_mean,0.36902246,0.32243371,1,C3
pcb,pcb::pcb_0089_NG_ZW,pcb::pcb_0089_NG_ZW,1,five_view_mean,0.36715442,0.32243371,1,C2
pcb,pcb::pcb_0090_NG_HS,pcb::pcb_0090_NG_HS,1,five_view_mean,0.31075889,0.32243371,0,C3
pcb,pcb::pcb_0090_NG_QS,pcb::pcb_0090_NG_QS,1,five_view_mean,0.33210802,0.32243371,1,C3
pcb,pcb::pcb_0090_NG_YW,pcb::pcb_0090_NG_YW,1,five_view_mean,0.42278942,0.32243371,1,C5
pcb,pcb::pcb_0090_NG_ZW,pcb::pcb_0090_NG_ZW,1,five_view_mean,0.29990602,0.32243371,0,C1
pcb,pcb::pcb_0090_OK,pcb::pcb_0090_OK,0,five_view_mean,0.28269240,0.32243371,0,C5
pcb,pcb::pcb_0091_NG_HS,pcb::pcb_0091_NG_HS,1,five_view_mean,0.31349319,0.32243371,0,C3
pcb,pcb::pcb_0091_NG_QS,pcb::pcb_0091_NG_QS,1,five_view_mean,0.33186659,0.32243371,1,C3
pcb,pcb::pcb_0091_NG_YW,pcb::pcb_0091_NG_YW,1,five_view_mean,0.42656311,0.32243371,1,C5
pcb,pcb::pcb_0091_NG_ZW,pcb::pcb_0091_NG_ZW,1,five_view_mean,0.46405038,0.32243371,1,C5
pcb,pcb::pcb_0091_OK,pcb::pcb_0091_OK,0,five_view_mean,0.32377309,0.32243371,1,C1
pcb,pcb::pcb_0092_NG_HS,pcb::pcb_0092_NG_HS,1,five_view_mean,0.30402094,0.32243371,0,C4
pcb,pcb::pcb_0092_NG_QS,pcb::pcb_0092_NG_QS,1,five_view_mean,0.38876545,0.32243371,1,C5
pcb,pcb::pcb_0092_NG_YW,pcb::pcb_0092_NG_YW,1,five_view_mean,0.39218628,0.32243371,1,C5
pcb,pcb::pcb_0092_NG_ZW,pcb::pcb_0092_NG_ZW,1,five_view_mean,0.38409671,0.32243371,1,C5
pcb,pcb::pcb_0093_NG_HS,pcb::pcb_0093_NG_HS,1,five_view_mean,0.29660350,0.32243371,0,C5
pcb,pcb::pcb_0093_NG_QS,pcb::pcb_0093_NG_QS,1,five_view_mean,0.40820503,0.32243371,1,C3
pcb,pcb::pcb_0093_NG_YW,pcb::pcb_0093_NG_YW,1,five_view_mean,0.35346693,0.32243371,1,C3
pcb,pcb::pcb_0093_NG_ZW,pcb::pcb_0093_NG_ZW,1,five_view_mean,0.29634684,0.32243371,0,C4
pcb,pcb::pcb_0093_OK,pcb::pcb_0093_OK,0,five_view_mean,0.28011066,0.32243371,0,C3
pcb,pcb::pcb_0094_NG_HS,pcb::pcb_0094_NG_HS,1,five_view_mean,0.31467745,0.32243371,0,C5
pcb,pcb::pcb_0094_NG_QS,pcb::pcb_0094_NG_QS,1,five_view_mean,0.32417727,0.32243371,1,C5
pcb,pcb::pcb_0094_NG_YW,pcb::pcb_0094_NG_YW,1,five_view_mean,0.37498268,0.32243371,1,C5
pcb,pcb::pcb_0094_NG_ZW,pcb::pcb_0094_NG_ZW,1,five_view_mean,0.29656491,0.32243371,0,C4
pcb,pcb::pcb_0095_NG_HS,pcb::pcb_0095_NG_HS,1,five_view_mean,0.30932838,0.32243371,0,C1
pcb,pcb::pcb_0095_NG_QS,pcb::pcb_0095_NG_QS,1,five_view_mean,0.38736299,0.32243371,1,C3
pcb,pcb::pcb_0095_NG_YW,pcb::pcb_0095_NG_YW,1,five_view_mean,0.42556000,0.32243371,1,C5
pcb,pcb::pcb_0095_NG_ZW,pcb::pcb_0095_NG_ZW,1,five_view_mean,0.34774345,0.32243371,1,C5
pcb,pcb::pcb_0096_NG_HS,pcb::pcb_0096_NG_HS,1,five_view_mean,0.31512123,0.32243371,0,C4
pcb,pcb::pcb_0096_NG_QS,pcb::pcb_0096_NG_QS,1,five_view_mean,0.31211025,0.32243371,0,C5
pcb,pcb::pcb_0096_NG_YW,pcb::pcb_0096_NG_YW,1,five_view_mean,0.35827741,0.32243371,1,C3
pcb,pcb::pcb_0096_NG_ZW,pcb::pcb_0096_NG_ZW,1,five_view_mean,0.28880239,0.32243371,0,C1
pcb,pcb::pcb_0096_OK,pcb::pcb_0096_OK,0,five_view_mean,0.28585264,0.32243371,0,C4
pcb,pcb::pcb_0097_NG_HS,pcb::pcb_0097_NG_HS,1,five_view_mean,0.31496060,0.32243371,0,C5
pcb,pcb::pcb_0097_NG_QS,pcb::pcb_0097_NG_QS,1,five_view_mean,0.31722704,0.32243371,0,C5
pcb,pcb::pcb_0097_NG_YW,pcb::pcb_0097_NG_YW,1,five_view_mean,0.35872304,0.32243371,1,C3
pcb,pcb::pcb_0097_NG_ZW,pcb::pcb_0097_NG_ZW,1,five_view_mean,0.37472594,0.32243371,1,C5
pcb,pcb::pcb_0098_NG_HS,pcb::pcb_0098_NG_HS,1,five_view_mean,0.28966039,0.32243371,0,C4
pcb,pcb::pcb_0098_NG_QS,pcb::pcb_0098_NG_QS,1,five_view_mean,0.32106143,0.32243371,0,C5
pcb,pcb::pcb_0098_NG_YW,pcb::pcb_0098_NG_YW,1,five_view_mean,0.46264100,0.32243371,1,C3
pcb,pcb::pcb_0098_NG_ZW,pcb::pcb_0098_NG_ZW,1,five_view_mean,0.28492954,0.32243371,0,C1
pcb,pcb::pcb_0098_OK,pcb::pcb_0098_OK,0,five_view_mean,0.27480644,0.32243371,0,C1
pcb,pcb::pcb_0099_NG_HS,pcb::pcb_0099_NG_HS,1,five_view_mean,0.33828029,0.32243371,1,C2
pcb,pcb::pcb_0099_NG_QS,pcb::pcb_0099_NG_QS,1,five_view_mean,0.35992676,0.32243371,1,C5
pcb,pcb::pcb_0099_NG_YW,pcb::pcb_0099_NG_YW,1,five_view_mean,0.44390529,0.32243371,1,C2
pcb,pcb::pcb_0099_NG_ZW,pcb::pcb_0099_NG_ZW,1,five_view_mean,0.30106580,0.32243371,0,C3
pcb,pcb::pcb_0100_NG_HS,pcb::pcb_0100_NG_HS,1,five_view_mean,0.31847900,0.32243371,0,C3
pcb,pcb::pcb_0100_NG_QS,pcb::pcb_0100_NG_QS,1,five_view_mean,0.29984182,0.32243371,0,C1
pcb,pcb::pcb_0100_NG_YW,pcb::pcb_0100_NG_YW,1,five_view_mean,0.40611705,0.32243371,1,C3
pcb,pcb::pcb_0100_NG_ZW,pcb::pcb_0100_NG_ZW,1,five_view_mean,0.28738227,0.32243371,0,C1
pcb,pcb::pcb_0100_OK,pcb::pcb_0100_OK,0,five_view_mean,0.27531964,0.32243371,0,C1
pcb,pcb::pcb_0101_NG_HS,pcb::pcb_0101_NG_HS,1,five_view_mean,0.30376524,0.32243371,0,C5
pcb,pcb::pcb_0101_NG_QS,pcb::pcb_0101_NG_QS,1,five_view_mean,0.39044273,0.32243371,1,C5
pcb,pcb::pcb_0101_NG_YW,pcb::pcb_0101_NG_YW,1,five_view_mean,0.42820567,0.32243371,1,C5
pcb,pcb::pcb_0101_NG_ZW,pcb::pcb_0101_NG_ZW,1,five_view_mean,0.42125407,0.32243371,1,C3
pcb,pcb::pcb_0101_OK,pcb::pcb_0101_OK,0,five_view_mean,0.29211766,0.32243371,0,C3
pcb,pcb::pcb_0102_NG_HS,pcb::pcb_0102_NG_HS,1,five_view_mean,0.29890257,0.32243371,0,C5
pcb,pcb::pcb_0102_NG_QS,pcb::pcb_0102_NG_QS,1,five_view_mean,0.30775586,0.32243371,0,C5
pcb,pcb::pcb_0102_NG_YW,pcb::pcb_0102_NG_YW,1,five_view_mean,0.38942656,0.32243371,1,C3
pcb,pcb::pcb_0102_NG_ZW,pcb::pcb_0102_NG_ZW,1,five_view_mean,0.33096617,0.32243371,1,C5
pcb,pcb::pcb_0103_NG_HS,pcb::pcb_0103_NG_HS,1,five_view_mean,0.30718672,0.32243371,0,C2
pcb,pcb::pcb_0103_NG_QS,pcb::pcb_0103_NG_QS,1,five_view_mean,0.30867741,0.32243371,0,C5
pcb,pcb::pcb_0103_NG_YW,pcb::pcb_0103_NG_YW,1,five_view_mean,0.31953639,0.32243371,0,C3
pcb,pcb::pcb_0103_NG_ZW,pcb::pcb_0103_NG_ZW,1,five_view_mean,0.43936023,0.32243371,1,C5
pcb,pcb::pcb_0104_NG_HS,pcb::pcb_0104_NG_HS,1,five_view_mean,0.31605029,0.32243371,0,C2
pcb,pcb::pcb_0104_NG_QS,pcb::pcb_0104_NG_QS,1,five_view_mean,0.31338114,0.32243371,0,C5
pcb,pcb::pcb_0104_NG_YW,pcb::pcb_0104_NG_YW,1,five_view_mean,0.33499911,0.32243371,1,C3
pcb,pcb::pcb_0104_NG_ZW,pcb::pcb_0104_NG_ZW,1,five_view_mean,0.39934242,0.32243371,1,C4
pcb,pcb::pcb_0105_NG_HS,pcb::pcb_0105_NG_HS,1,five_view_mean,0.32595724,0.32243371,1,C3
pcb,pcb::pcb_0105_NG_QS,pcb::pcb_0105_NG_QS,1,five_view_mean,0.43726215,0.32243371,1,C3
pcb,pcb::pcb_0105_NG_YW,pcb::pcb_0105_NG_YW,1,five_view_mean,0.33874059,0.32243371,1,C5
pcb,pcb::pcb_0105_NG_ZW,pcb::pcb_0105_NG_ZW,1,five_view_mean,0.31196299,0.32243371,0,C1
pcb,pcb::pcb_0106_NG_HS,pcb::pcb_0106_NG_HS,1,five_view_mean,0.30050141,0.32243371,0,C5
pcb,pcb::pcb_0106_NG_QS,pcb::pcb_0106_NG_QS,1,five_view_mean,0.44423217,0.32243371,1,C3
pcb,pcb::pcb_0106_NG_YW,pcb::pcb_0106_NG_YW,1,five_view_mean,0.32940179,0.32243371,1,C5
pcb,pcb::pcb_0106_NG_ZW,pcb::pcb_0106_NG_ZW,1,five_view_mean,0.32877749,0.32243371,1,C3
pcb,pcb::pcb_0106_OK,pcb::pcb_0106_OK,0,five_view_mean,0.27567557,0.32243371,0,C1
pcb,pcb::pcb_0107_NG_HS,pcb::pcb_0107_NG_HS,1,five_view_mean,0.30404133,0.32243371,0,C5
pcb,pcb::pcb_0107_NG_QS,pcb::pcb_0107_NG_QS,1,five_view_mean,0.31907216,0.32243371,0,C5
pcb,pcb::pcb_0107_NG_YW,pcb::pcb_0107_NG_YW,1,five_view_mean,0.33455166,0.32243371,1,C3
pcb,pcb::pcb_0107_NG_ZW,pcb::pcb_0107_NG_ZW,1,five_view_mean,0.32828149,0.32243371,1,C3
pcb,pcb::pcb_0107_OK,pcb::pcb_0107_OK,0,five_view_mean,0.27500787,0.32243371,0,C1
pcb,pcb::pcb_0108_NG_HS,pcb::pcb_0108_NG_HS,1,five_view_mean,0.30027083,0.32243371,0,C1
pcb,pcb::pcb_0108_NG_QS,pcb::pcb_0108_NG_QS,1,five_view_mean,0.44109687,0.32243371,1,C5
pcb,pcb::pcb_0108_NG_YW,pcb::pcb_0108_NG_YW,1,five_view_mean,0.32140368,0.32243371,0,C3
pcb,pcb::pcb_0108_NG_ZW,pcb::pcb_0108_NG_ZW,1,five_view_mean,0.44998604,0.32243371,1,C5
pcb,pcb::pcb_0109_NG_HS,pcb::pcb_0109_NG_HS,1,five_view_mean,0.31057191,0.32243371,0,C2
pcb,pcb::pcb_0109_NG_QS,pcb::pcb_0109_NG_QS,1,five_view_mean,0.31790099,0.32243371,0,C4
pcb,pcb::pcb_0109_NG_YW,pcb::pcb_0109_NG_YW,1,five_view_mean,0.38001555,0.32243371,1,C5
pcb,pcb::pcb_0109_NG_ZW,pcb::pcb_0109_NG_ZW,1,five_view_mean,0.33845907,0.32243371,1,C2
pcb,pcb::pcb_0109_OK,pcb::pcb_0109_OK,0,five_view_mean,0.28124440,0.32243371,0,C4
pcb,pcb::pcb_0110_NG_HS,pcb::pcb_0110_NG_HS,1,five_view_mean,0.31839895,0.32243371,0,C3
pcb,pcb::pcb_0110_NG_QS,pcb::pcb_0110_NG_QS,1,five_view_mean,0.31421855,0.32243371,0,C1
pcb,pcb::pcb_0110_NG_YW,pcb::pcb_0110_NG_YW,1,five_view_mean,0.31643483,0.32243371,0,C3
pcb,pcb::pcb_0110_NG_ZW,pcb::pcb_0110_NG_ZW,1,five_view_mean,0.36925992,0.32243371,1,C2
pcb,pcb::pcb_0111_NG_HS,pcb::pcb_0111_NG_HS,1,five_view_mean,0.30561081,0.32243371,0,C5
pcb,pcb::pcb_0111_NG_QS,pcb::pcb_0111_NG_QS,1,five_view_mean,0.32912800,0.32243371,1,C3
pcb,pcb::pcb_0111_NG_YW,pcb::pcb_0111_NG_YW,1,five_view_mean,0.35083401,0.32243371,1,C2
pcb,pcb::pcb_0111_NG_ZW,pcb::pcb_0111_NG_ZW,1,five_view_mean,0.35098720,0.32243371,1,C3
pcb,pcb::pcb_0111_OK,pcb::pcb_0111_OK,0,five_view_mean,0.28260866,0.32243371,0,C5
pcb,pcb::pcb_0112_NG_HS,pcb::pcb_0112_NG_HS,1,five_view_mean,0.29121727,0.32243371,0,C4
pcb,pcb::pcb_0112_NG_QS,pcb::pcb_0112_NG_QS,1,five_view_mean,0.42993212,0.32243371,1,C4
pcb,pcb::pcb_0112_NG_YW,pcb::pcb_0112_NG_YW,1,five_view_mean,0.41215438,0.32243371,1,C5
pcb,pcb::pcb_0112_NG_ZW,pcb::pcb_0112_NG_ZW,1,five_view_mean,0.29779977,0.32243371,0,C4
pcb,pcb::pcb_0113_NG_HS,pcb::pcb_0113_NG_HS,1,five_view_mean,0.29166490,0.32243371,0,C1
pcb,pcb::pcb_0113_NG_QS,pcb::pcb_0113_NG_QS,1,five_view_mean,0.29958230,0.32243371,0,C1
pcb,pcb::pcb_0113_NG_YW,pcb::pcb_0113_NG_YW,1,five_view_mean,0.41665801,0.32243371,1,C5
pcb,pcb::pcb_0113_NG_ZW,pcb::pcb_0113_NG_ZW,1,five_view_mean,0.35024500,0.32243371,1,C5
pcb,pcb::pcb_0114_NG_HS,pcb::pcb_0114_NG_HS,1,five_view_mean,0.30955687,0.32243371,0,C5
pcb,pcb::pcb_0114_NG_QS,pcb::pcb_0114_NG_QS,1,five_view_mean,0.41213974,0.32243371,1,C5
pcb,pcb::pcb_0114_NG_YW,pcb::pcb_0114_NG_YW,1,five_view_mean,0.35474974,0.32243371,1,C3
pcb,pcb::pcb_0114_NG_ZW,pcb::pcb_0114_NG_ZW,1,five_view_mean,0.39469710,0.32243371,1,C3
pcb,pcb::pcb_0114_OK,pcb::pcb_0114_OK,0,five_view_mean,0.28440434,0.32243371,0,C5
pcb,pcb::pcb_0115_NG_HS,pcb::pcb_0115_NG_HS,1,five_view_mean,0.29967487,0.32243371,0,C5
pcb,pcb::pcb_0115_NG_QS,pcb::pcb_0115_NG_QS,1,five_view_mean,0.28514406,0.32243371,0,C1
pcb,pcb::pcb_0115_NG_YW,pcb::pcb_0115_NG_YW,1,five_view_mean,0.35298347,0.32243371,1,C2
pcb,pcb::pcb_0115_NG_ZW,pcb::pcb_0115_NG_ZW,1,five_view_mean,0.33077401,0.32243371,1,C4
pcb,pcb::pcb_0116_NG_HS,pcb::pcb_0116_NG_HS,1,five_view_mean,0.30717093,0.32243371,0,C5
pcb,pcb::pcb_0116_NG_QS,pcb::pcb_0116_NG_QS,1,five_view_mean,0.40262443,0.32243371,1,C4
pcb,pcb::pcb_0116_NG_YW,pcb::pcb_0116_NG_YW,1,five_view_mean,0.33997518,0.32243371,1,C3
pcb,pcb::pcb_0116_NG_ZW,pcb::pcb_0116_NG_ZW,1,five_view_mean,0.41490325,0.32243371,1,C5
pcb,pcb::pcb_0117_NG_HS,pcb::pcb_0117_NG_HS,1,five_view_mean,0.30253479,0.32243371,0,C5
pcb,pcb::pcb_0117_NG_QS,pcb::pcb_0117_NG_QS,1,five_view_mean,0.39905229,0.32243371,1,C4
pcb,pcb::pcb_0117_NG_YW,pcb::pcb_0117_NG_YW,1,five_view_mean,0.39279705,0.32243371,1,C5
pcb,pcb::pcb_0117_NG_ZW,pcb::pcb_0117_NG_ZW,1,five_view_mean,0.37417254,0.32243371,1,C3
pcb,pcb::pcb_0117_OK,pcb::pcb_0117_OK,0,five_view_mean,0.29332271,0.32243371,0,C1
pcb,pcb::pcb_0118_NG_HS,pcb::pcb_0118_NG_HS,1,five_view_mean,0.30595499,0.32243371,0,C5
pcb,pcb::pcb_0118_NG_QS,pcb::pcb_0118_NG_QS,1,five_view_mean,0.45508784,0.32243371,1,C3
pcb,pcb::pcb_0118_NG_YW,pcb::pcb_0118_NG_YW,1,five_view_mean,0.36681181,0.32243371,1,C2
pcb,pcb::pcb_0118_NG_ZW,pcb::pcb_0118_NG_ZW,1,five_view_mean,0.35946435,0.32243371,1,C3
pcb,pcb::pcb_0118_OK,pcb::pcb_0118_OK,0,five_view_mean,0.29373378,0.32243371,0,C3
pcb,pcb::pcb_0119_NG_HS,pcb::pcb_0119_NG_HS,1,five_view_mean,0.30878264,0.32243371,0,C5
pcb,pcb::pcb_0119_NG_QS,pcb::pcb_0119_NG_QS,1,five_view_mean,0.41654244,0.32243371,1,C5
pcb,pcb::pcb_0119_NG_YW,pcb::pcb_0119_NG_YW,1,five_view_mean,0.32656580,0.32243371,1,C3
pcb,pcb::pcb_0119_NG_ZW,pcb::pcb_0119_NG_ZW,1,five_view_mean,0.37144887,0.32243371,1,C2
pcb,pcb::pcb_0120_NG_HS,pcb::pcb_0120_NG_HS,1,five_view_mean,0.31852779,0.32243371,0,C2
pcb,pcb::pcb_0120_NG_QS,pcb::pcb_0120_NG_QS,1,five_view_mean,0.44465113,0.32243371,1,C4
pcb,pcb::pcb_0120_NG_YW,pcb::pcb_0120_NG_YW,1,five_view_mean,0.44257075,0.32243371,1,C3
pcb,pcb::pcb_0120_NG_ZW,pcb::pcb_0120_NG_ZW,1,five_view_mean,0.31896904,0.32243371,0,C5
pcb,pcb::pcb_0120_OK,pcb::pcb_0120_OK,0,five_view_mean,0.28835255,0.32243371,0,C5
pcb,pcb::pcb_0121_NG_HS,pcb::pcb_0121_NG_HS,1,five_view_mean,0.31831914,0.32243371,0,C5
pcb,pcb::pcb_0121_NG_QS,pcb::pcb_0121_NG_QS,1,five_view_mean,0.41532293,0.32243371,1,C4
pcb,pcb::pcb_0121_NG_YW,pcb::pcb_0121_NG_YW,1,five_view_mean,0.41045159,0.32243371,1,C3
pcb,pcb::pcb_0121_NG_ZW,pcb::pcb_0121_NG_ZW,1,five_view_mean,0.31617805,0.32243371,0,C3
pcb,pcb::pcb_0122_NG_HS,pcb::pcb_0122_NG_HS,1,five_view_mean,0.31993431,0.32243371,0,C5
pcb,pcb::pcb_0122_NG_QS,pcb::pcb_0122_NG_QS,1,five_view_mean,0.35246766,0.32243371,1,C4
pcb,pcb::pcb_0122_NG_YW,pcb::pcb_0122_NG_YW,1,five_view_mean,0.35441494,0.32243371,1,C3
pcb,pcb::pcb_0122_NG_ZW,pcb::pcb_0122_NG_ZW,1,five_view_mean,0.41197935,0.32243371,1,C2
pcb,pcb::pcb_0122_OK,pcb::pcb_0122_OK,0,five_view_mean,0.27658820,0.32243371,0,C5
pcb,pcb::pcb_0123_NG_HS,pcb::pcb_0123_NG_HS,1,five_view_mean,0.34024262,0.32243371,1,C3
pcb,pcb::pcb_0123_NG_QS,pcb::pcb_0123_NG_QS,1,five_view_mean,0.34151927,0.32243371,1,C4
pcb,pcb::pcb_0123_NG_YW,pcb::pcb_0123_NG_YW,1,five_view_mean,0.34175983,0.32243371,1,C3
pcb,pcb::pcb_0123_NG_ZW,pcb::pcb_0123_NG_ZW,1,five_view_mean,0.31051552,0.32243371,0,C4
pcb,pcb::pcb_0124_NG_HS,pcb::pcb_0124_NG_HS,1,five_view_mean,0.34699041,0.32243371,1,C3
pcb,pcb::pcb_0124_NG_QS,pcb::pcb_0124_NG_QS,1,five_view_mean,0.33820128,0.32243371,1,C4
pcb,pcb::pcb_0124_NG_YW,pcb::pcb_0124_NG_YW,1,five_view_mean,0.33973637,0.32243371,1,C5
pcb,pcb::pcb_0124_NG_ZW,pcb::pcb_0124_NG_ZW,1,five_view_mean,0.29372171,0.32243371,0,C4
pcb,pcb::pcb_0125_NG_HS,pcb::pcb_0125_NG_HS,1,five_view_mean,0.30462933,0.32243371,0,C5
pcb,pcb::pcb_0125_NG_QS,pcb::pcb_0125_NG_QS,1,five_view_mean,0.29949155,0.32243371,0,C2
pcb,pcb::pcb_0125_NG_YW,pcb::pcb_0125_NG_YW,1,five_view_mean,0.52099603,0.32243371,1,C2
pcb,pcb::pcb_0125_NG_ZW,pcb::pcb_0125_NG_ZW,1,five_view_mean,0.29865903,0.32243371,0,C4
pcb,pcb::pcb_0125_OK,pcb::pcb_0125_OK,0,five_view_mean,0.28653234,0.32243371,0,C2
pcb,pcb::pcb_0126_NG_ZW,pcb::pcb_0126_NG_ZW,1,five_view_mean,0.30958492,0.32243371,0,C3
pcb,pcb::pcb_0129_OK,pcb::pcb_0129_OK,0,five_view_mean,0.28291804,0.32243371,0,C4
pcb,pcb::pcb_0131_OK,pcb::pcb_0131_OK,0,five_view_mean,0.29142308,0.32243371,0,C2
pcb,pcb::pcb_0133_OK,pcb::pcb_0133_OK,0,five_view_mean,0.26899505,0.32243371,0,C1
pcb,pcb::pcb_0134_OK,pcb::pcb_0134_OK,0,five_view_mean,0.28384840,0.32243371,0,C4
pcb,pcb::pcb_0136_OK,pcb::pcb_0136_OK,0,five_view_mean,0.29449123,0.32243371,0,C5
pcb,pcb::pcb_0137_OK,pcb::pcb_0137_OK,0,five_view_mean,0.30289382,0.32243371,0,C5
pcb,pcb::pcb_0139_OK,pcb::pcb_0139_OK,0,five_view_mean,0.27418512,0.32243371,0,C2
pcb,pcb::pcb_0141_OK,pcb::pcb_0141_OK,0,five_view_mean,0.29250666,0.32243371,0,C5
pcb,pcb::pcb_0143_OK,pcb::pcb_0143_OK,0,five_view_mean,0.28662461,0.32243371,0,C5
pcb,pcb::pcb_0144_OK,pcb::pcb_0144_OK,0,five_view_mean,0.29330015,0.32243371,0,C5
pcb,pcb::pcb_0145_OK,pcb::pcb_0145_OK,0,five_view_mean,0.28704211,0.32243371,0,C5
pcb,pcb::pcb_0146_OK,pcb::pcb_0146_OK,0,five_view_mean,0.28547704,0.32243371,0,C1
pcb,pcb::pcb_0147_OK,pcb::pcb_0147_OK,0,five_view_mean,0.27918130,0.32243371,0,C5
pcb,pcb::pcb_0148_OK,pcb::pcb_0148_OK,0,five_view_mean,0.30452707,0.32243371,0,C5
pcb,pcb::pcb_0151_OK,pcb::pcb_0151_OK,0,five_view_mean,0.30330348,0.32243371,0,C3
pcb,pcb::pcb_0156_OK,pcb::pcb_0156_OK,0,five_view_mean,0.29302603,0.32243371,0,C5
pcb,pcb::pcb_0157_OK,pcb::pcb_0157_OK,0,five_view_mean,0.29197526,0.32243371,0,C5
pcb,pcb::pcb_0159_OK,pcb::pcb_0159_OK,0,five_view_mean,0.28507686,0.32243371,0,C2
pcb,pcb::pcb_0160_OK,pcb::pcb_0160_OK,0,five_view_mean,0.29891253,0.32243371,0,C5
pcb,pcb::pcb_0163_OK,pcb::pcb_0163_OK,0,five_view_mean,0.29742461,0.32243371,0,C3
pcb,pcb::pcb_0165_OK,pcb::pcb_0165_OK,0,five_view_mean,0.28962326,0.32243371,0,C4
pcb,pcb::pcb_0166_OK,pcb::pcb_0166_OK,0,five_view_mean,0.28615880,0.32243371,0,C4
pcb,pcb::pcb_0169_OK,pcb::pcb_0169_OK,0,five_view_mean,0.29239619,0.32243371,0,C5
pcb,pcb::pcb_0172_OK,pcb::pcb_0172_OK,0,five_view_mean,0.29030877,0.32243371,0,C4
pcb,pcb::pcb_0173_OK,pcb::pcb_0173_OK,0,five_view_mean,0.29151696,0.32243371,0,C4
pcb,pcb::pcb_0174_OK,pcb::pcb_0174_OK,0,five_view_mean,0.28949696,0.32243371,0,C5
pcb,pcb::pcb_0176_OK,pcb::pcb_0176_OK,0,five_view_mean,0.27180266,0.32243371,0,C1
pcb,pcb::pcb_0178_OK,pcb::pcb_0178_OK,0,five_view_mean,0.28869438,0.32243371,0,C5
pcb,pcb::pcb_0179_OK,pcb::pcb_0179_OK,0,five_view_mean,0.28256911,0.32243371,0,C2
pcb,pcb::pcb_0180_OK,pcb::pcb_0180_OK,0,five_view_mean,0.28908101,0.32243371,0,C2
pcb,pcb::pcb_0181_OK,pcb::pcb_0181_OK,0,five_view_mean,0.28259990,0.32243371,0,C5
pcb,pcb::pcb_0182_OK,pcb::pcb_0182_OK,0,five_view_mean,0.28224808,0.32243371,0,C4
pcb,pcb::pcb_0184_OK,pcb::pcb_0184_OK,0,five_view_mean,0.28629330,0.32243371,0,C5
pcb,pcb::pcb_0186_OK,pcb::pcb_0186_OK,0,five_view_mean,0.27819732,0.32243371,0,C5
pcb,pcb::pcb_0196_OK,pcb::pcb_0196_OK,0,five_view_mean,0.27633923,0.32243371,0,C2
pcb,pcb::pcb_0197_OK,pcb::pcb_0197_OK,0,five_view_mean,0.27695981,0.32243371,0,C2
pcb,pcb::pcb_0199_OK,pcb::pcb_0199_OK,0,five_view_mean,0.27758032,0.32243371,0,C2
pcb,pcb::pcb_0202_OK,pcb::pcb_0202_OK,0,five_view_mean,0.29021025,0.32243371,0,C4
pcb,pcb::pcb_0203_OK,pcb::pcb_0203_OK,0,five_view_mean,0.27603042,0.32243371,0,C4
pcb,pcb::pcb_0204_OK,pcb::pcb_0204_OK,0,five_view_mean,0.28901619,0.32243371,0,C2
pcb,pcb::pcb_0205_OK,pcb::pcb_0205_OK,0,five_view_mean,0.27460212,0.32243371,0,C1
pcb,pcb::pcb_0206_OK,pcb::pcb_0206_OK,0,five_view_mean,0.27922824,0.32243371,0,C5
pcb,pcb::pcb_0207_OK,pcb::pcb_0207_OK,0,five_view_mean,0.28108782,0.32243371,0,C1
pcb,pcb::pcb_0208_OK,pcb::pcb_0208_OK,0,five_view_mean,0.28053436,0.32243371,0,C2
pcb,pcb::pcb_0210_OK,pcb::pcb_0210_OK,0,five_view_mean,0.27972382,0.32243371,0,C2
pcb,pcb::pcb_0212_OK,pcb::pcb_0212_OK,0,five_view_mean,0.28395391,0.32243371,0,C2
pcb,pcb::pcb_0214_OK,pcb::pcb_0214_OK,0,five_view_mean,0.29716134,0.32243371,0,C3
pcb,pcb::pcb_0215_OK,pcb::pcb_0215_OK,0,five_view_mean,0.28205210,0.32243371,0,C1
pcb,pcb::pcb_0217_OK,pcb::pcb_0217_OK,0,five_view_mean,0.28675652,0.32243371,0,C3
pcb,pcb::pcb_0219_OK,pcb::pcb_0219_OK,0,five_view_mean,0.29055959,0.32243371,0,C1
pcb,pcb::pcb_0221_OK,pcb::pcb_0221_OK,0,five_view_mean,0.29368073,0.32243371,0,C5
pcb,pcb::pcb_0222_OK,pcb::pcb_0222_OK,0,five_view_mean,0.29749036,0.32243371,0,C2
pcb,pcb::pcb_0224_OK,pcb::pcb_0224_OK,0,five_view_mean,0.28915283,0.32243371,0,C2
pcb,pcb::pcb_0225_OK,pcb::pcb_0225_OK,0,five_view_mean,0.27626926,0.32243371,0,C1
pcb,pcb::pcb_0227_OK,pcb::pcb_0227_OK,0,five_view_mean,0.31277725,0.32243371,0,C4
pcb,pcb::pcb_0228_OK,pcb::pcb_0228_OK,0,five_view_mean,0.29763812,0.32243371,0,C1
pcb,pcb::pcb_0230_OK,pcb::pcb_0230_OK,0,five_view_mean,0.31689507,0.32243371,0,C4
pcb,pcb::pcb_0231_OK,pcb::pcb_0231_OK,0,five_view_mean,0.31734639,0.32243371,0,C4
pcb,pcb::pcb_0232_OK,pcb::pcb_0232_OK,0,five_view_mean,0.28961101,0.32243371,0,C1
pcb,pcb::pcb_0234_OK,pcb::pcb_0234_OK,0,five_view_mean,0.29235390,0.32243371,0,C1
pcb,pcb::pcb_0235_OK,pcb::pcb_0235_OK,0,five_view_mean,0.30086765,0.32243371,0,C1
pcb,pcb::pcb_0236_OK,pcb::pcb_0236_OK,0,five_view_mean,0.28655419,0.32243371,0,C2
pcb,pcb::pcb_0237_OK,pcb::pcb_0237_OK,0,five_view_mean,0.28373712,0.32243371,0,C2
pcb,pcb::pcb_0239_OK,pcb::pcb_0239_OK,0,five_view_mean,0.28426319,0.32243371,0,C2
pcb,pcb::pcb_0244_OK,pcb::pcb_0244_OK,0,five_view_mean,0.28680933,0.32243371,0,C5
pcb,pcb::pcb_0257_OK,pcb::pcb_0257_OK,0,five_view_mean,0.29036403,0.32243371,0,C2
pcb,pcb::pcb_0258_OK,pcb::pcb_0258_OK,0,five_view_mean,0.29333937,0.32243371,0,C1
pcb,pcb::pcb_0259_OK,pcb::pcb_0259_OK,0,five_view_mean,0.27857247,0.32243371,0,C3
pcb,pcb::pcb_0262_OK,pcb::pcb_0262_OK,0,five_view_mean,0.30396232,0.32243371,0,C5
pcb,pcb::pcb_0263_OK,pcb::pcb_0263_OK,0,five_view_mean,0.31330508,0.32243371,0,C4
pcb,pcb::pcb_0264_OK,pcb::pcb_0264_OK,0,five_view_mean,0.27675921,0.32243371,0,C2
pcb,pcb::pcb_0265_OK,pcb::pcb_0265_OK,0,five_view_mean,0.27484316,0.32243371,0,C1
pcb,pcb::pcb_0267_OK,pcb::pcb_0267_OK,0,five_view_mean,0.28750381,0.32243371,0,C3
pcb,pcb::pcb_0268_OK,pcb::pcb_0268_OK,0,five_view_mean,0.27674833,0.32243371,0,C5
pcb,pcb::pcb_0270_OK,pcb::pcb_0270_OK,0,five_view_mean,0.27077329,0.32243371,0,C1
pcb,pcb::pcb_0271_OK,pcb::pcb_0271_OK,0,five_view_mean,0.27589267,0.32243371,0,C2
pcb,pcb::pcb_0272_OK,pcb::pcb_0272_OK,0,five_view_mean,0.28558379,0.32243371,0,C2
pcb,pcb::pcb_0274_OK,pcb::pcb_0274_OK,0,five_view_mean,0.27207255,0.32243371,0,C1
pcb,pcb::pcb_0275_OK,pcb::pcb_0275_OK,0,five_view_mean,0.27812448,0.32243371,0,C5
pcb,pcb::pcb_0278_OK,pcb::pcb_0278_OK,0,five_view_mean,0.27141136,0.32243371,0,C1
pcb,pcb::pcb_0281_OK,pcb::pcb_0281_OK,0,five_view_mean,0.28731447,0.32243371,0,C3
pcb,pcb::pcb_0283_OK,pcb::pcb_0283_OK,0,five_view_mean,0.27354449,0.32243371,0,C1
pcb,pcb::pcb_0284_OK,pcb::pcb_0284_OK,0,five_view_mean,0.28005078,0.32243371,0,C3
pcb,pcb::pcb_0285_OK,pcb::pcb_0285_OK,0,five_view_mean,0.30539781,0.32243371,0,C3
pcb,pcb::pcb_0286_OK,pcb::pcb_0286_OK,0,five_view_mean,0.27452263,0.32243371,0,C1
pcb,pcb::pcb_0290_OK,pcb::pcb_0290_OK,0,five_view_mean,0.27166289,0.32243371,0,C1
pcb,pcb::pcb_0291_OK,pcb::pcb_0291_OK,0,five_view_mean,0.29070458,0.32243371,0,C5
pcb,pcb::pcb_0292_OK,pcb::pcb_0292_OK,0,five_view_mean,0.26870307,0.32243371,0,C1
pcb,pcb::pcb_0293_OK,pcb::pcb_0293_OK,0,five_view_mean,0.33928329,0.32243371,1,C3
pcb,pcb::pcb_0296_OK,pcb::pcb_0296_OK,0,five_view_mean,0.31163576,0.32243371,0,C1
pcb,pcb::pcb_0297_OK,pcb::pcb_0297_OK,0,five_view_mean,0.27837592,0.32243371,0,C4
pcb,pcb::pcb_0298_OK,pcb::pcb_0298_OK,0,five_view_mean,0.28068572,0.32243371,0,C3
pcb,pcb::pcb_0300_OK,pcb::pcb_0300_OK,0,five_view_mean,0.32927954,0.32243371,1,C3
pcb,pcb::pcb_0301_OK,pcb::pcb_0301_OK,0,five_view_mean,0.36003420,0.32243371,1,C4
pcb,pcb::pcb_0307_OK,pcb::pcb_0307_OK,0,five_view_mean,0.28404221,0.32243371,0,C3
pcb,pcb::pcb_0308_OK,pcb::pcb_0308_OK,0,five_view_mean,0.27101287,0.32243371,0,C5
pcb,pcb::pcb_0312_OK,pcb::pcb_0312_OK,0,five_view_mean,0.28683013,0.32243371,0,C1
pcb,pcb::pcb_0313_OK,pcb::pcb_0313_OK,0,five_view_mean,0.27759838,0.32243371,0,C5
pcb,pcb::pcb_0314_OK,pcb::pcb_0314_OK,0,five_view_mean,0.28146511,0.32243371,0,C5
pcb,pcb::pcb_0316_OK,pcb::pcb_0316_OK,0,five_view_mean,0.28911439,0.32243371,0,C2
pcb,pcb::pcb_0317_OK,pcb::pcb_0317_OK,0,five_view_mean,0.27073893,0.32243371,0,C1
pcb,pcb::pcb_0318_OK,pcb::pcb_0318_OK,0,five_view_mean,0.30289197,0.32243371,0,C5
pcb,pcb::pcb_0323_OK,pcb::pcb_0323_OK,0,five_view_mean,0.27681547,0.32243371,0,C2
pcb,pcb::pcb_0324_OK,pcb::pcb_0324_OK,0,five_view_mean,0.29154438,0.32243371,0,C3
pcb,pcb::pcb_0327_OK,pcb::pcb_0327_OK,0,five_view_mean,0.27208796,0.32243371,0,C4
pcb,pcb::pcb_0338_OK,pcb::pcb_0338_OK,0,five_view_mean,0.30796918,0.32243371,0,C5
pcb,pcb::pcb_0345_OK,pcb::pcb_0345_OK,0,five_view_mean,0.30640811,0.32243371,0,C3
pcb,pcb::pcb_0349_OK,pcb::pcb_0349_OK,0,five_view_mean,0.28643307,0.32243371,0,C5
pcb,pcb::pcb_0353_OK,pcb::pcb_0353_OK,0,five_view_mean,0.27815366,0.32243371,0,C1
pcb,pcb::pcb_0355_OK,pcb::pcb_0355_OK,0,five_view_mean,0.27081546,0.32243371,0,C1
pcb,pcb::pcb_0356_OK,pcb::pcb_0356_OK,0,five_view_mean,0.27622515,0.32243371,0,C2
pcb,pcb::pcb_0357_OK,pcb::pcb_0357_OK,0,five_view_mean,0.28041610,0.32243371,0,C5
pcb,pcb::pcb_0358_OK,pcb::pcb_0358_OK,0,five_view_mean,0.27791619,0.32243371,0,C5
pcb,pcb::pcb_0359_OK,pcb::pcb_0359_OK,0,five_view_mean,0.27648529,0.32243371,0,C5
pcb,pcb::pcb_0360_OK,pcb::pcb_0360_OK,0,five_view_mean,0.28190997,0.32243371,0,C3
pcb,pcb::pcb_0361_OK,pcb::pcb_0361_OK,0,five_view_mean,0.26627201,0.32243371,0,C1
pcb,pcb::pcb_0364_OK,pcb::pcb_0364_OK,0,five_view_mean,0.27890742,0.32243371,0,C5
pcb,pcb::pcb_0366_OK,pcb::pcb_0366_OK,0,five_view_mean,0.28690487,0.32243371,0,C2
pcb,pcb::pcb_0367_OK,pcb::pcb_0367_OK,0,five_view_mean,0.29740530,0.32243371,0,C2
pcb,pcb::pcb_0368_OK,pcb::pcb_0368_OK,0,five_view_mean,0.31204945,0.32243371,0,C4
pcb,pcb::pcb_0370_OK,pcb::pcb_0370_OK,0,five_view_mean,0.27726039,0.32243371,0,C2
pcb,pcb::pcb_0371_OK,pcb::pcb_0371_OK,0,five_view_mean,0.30907553,0.32243371,0,C2
pcb,pcb::pcb_0373_OK,pcb::pcb_0373_OK,0,five_view_mean,0.27824956,0.32243371,0,C1
pcb,pcb::pcb_0375_OK,pcb::pcb_0375_OK,0,five_view_mean,0.27380592,0.32243371,0,C2
pcb,pcb::pcb_0377_OK,pcb::pcb_0377_OK,0,five_view_mean,0.29120535,0.32243371,0,C5
pcb,pcb::pcb_0378_OK,pcb::pcb_0378_OK,0,five_view_mean,0.32655829,0.32243371,1,C1
pcb,pcb::pcb_0379_OK,pcb::pcb_0379_OK,0,five_view_mean,0.27522102,0.32243371,0,C1
pcb,pcb::pcb_0383_OK,pcb::pcb_0383_OK,0,five_view_mean,0.27456775,0.32243371,0,C1
pcb,pcb::pcb_0386_OK,pcb::pcb_0386_OK,0,five_view_mean,0.26672283,0.32243371,0,C1
pcb,pcb::pcb_0387_OK,pcb::pcb_0387_OK,0,five_view_mean,0.26864460,0.32243371,0,C1
pcb,pcb::pcb_0388_OK,pcb::pcb_0388_OK,0,five_view_mean,0.28134283,0.32243371,0,C1
pcb,pcb::pcb_0389_OK,pcb::pcb_0389_OK,0,five_view_mean,0.27958161,0.32243371,0,C4
pcb,pcb::pcb_0390_OK,pcb::pcb_0390_OK,0,five_view_mean,0.28298494,0.32243371,0,C3
pcb,pcb::pcb_0392_OK,pcb::pcb_0392_OK,0,five_view_mean,0.27675936,0.32243371,0,C1
pcb,pcb::pcb_0396_OK,pcb::pcb_0396_OK,0,five_view_mean,0.28131762,0.32243371,0,C3
pcb,pcb::pcb_0397_OK,pcb::pcb_0397_OK,0,five_view_mean,0.27674717,0.32243371,0,C5
pcb,pcb::pcb_0400_OK,pcb::pcb_0400_OK,0,five_view_mean,0.26995498,0.32243371,0,C1
pcb,pcb::pcb_0401_OK,pcb::pcb_0401_OK,0,five_view_mean,0.27945942,0.32243371,0,C4
pcb,pcb::pcb_0402_OK,pcb::pcb_0402_OK,0,five_view_mean,0.26965791,0.32243371,0,C1
pcb,pcb::pcb_0403_OK,pcb::pcb_0403_OK,0,five_view_mean,0.27717844,0.32243371,0,C4
pcb,pcb::pcb_0404_OK,pcb::pcb_0404_OK,0,five_view_mean,0.28064978,0.32243371,0,C2
pcb,pcb::pcb_0406_OK,pcb::pcb_0406_OK,0,five_view_mean,0.29067200,0.32243371,0,C3
pcb,pcb::pcb_0407_OK,pcb::pcb_0407_OK,0,five_view_mean,0.28869218,0.32243371,0,C3
pcb,pcb::pcb_0408_OK,pcb::pcb_0408_OK,0,five_view_mean,0.28889054,0.32243371,0,C3
pcb,pcb::pcb_0409_OK,pcb::pcb_0409_OK,0,five_view_mean,0.28699034,0.32243371,0,C5
pcb,pcb::pcb_0411_OK,pcb::pcb_0411_OK,0,five_view_mean,0.28205261,0.32243371,0,C5
pcb,pcb::pcb_0413_OK,pcb::pcb_0413_OK,0,five_view_mean,0.28455296,0.32243371,0,C3
pcb,pcb::pcb_0414_OK,pcb::pcb_0414_OK,0,five_view_mean,0.27096286,0.32243371,0,C1
pcb,pcb::pcb_0415_OK,pcb::pcb_0415_OK,0,five_view_mean,0.27528405,0.32243371,0,C5
pcb,pcb::pcb_0422_OK,pcb::pcb_0422_OK,0,five_view_mean,0.27321824,0.32243371,0,C1
pcb,pcb::pcb_0424_OK,pcb::pcb_0424_OK,0,five_view_mean,0.34159827,0.32243371,1,C3
pcb,pcb::pcb_0427_OK,pcb::pcb_0427_OK,0,five_view_mean,0.29081261,0.32243371,0,C3
pcb,pcb::pcb_0428_OK,pcb::pcb_0428_OK,0,five_view_mean,0.28626978,0.32243371,0,C3
pcb,pcb::pcb_0429_OK,pcb::pcb_0429_OK,0,five_view_mean,0.28530231,0.32243371,0,C3
pcb,pcb::pcb_0431_OK,pcb::pcb_0431_OK,0,five_view_mean,0.27757311,0.32243371,0,C4
pcb,pcb::pcb_0435_OK,pcb::pcb_0435_OK,0,five_view_mean,0.27669072,0.32243371,0,C2
pcb,pcb::pcb_0436_OK,pcb::pcb_0436_OK,0,five_view_mean,0.26965445,0.32243371,0,C1
pcb,pcb::pcb_0440_OK,pcb::pcb_0440_OK,0,five_view_mean,0.29270822,0.32243371,0,C5
pcb,pcb::pcb_0446_OK,pcb::pcb_0446_OK,0,five_view_mean,0.28577143,0.32243371,0,C5
pcb,pcb::pcb_0447_OK,pcb::pcb_0447_OK,0,five_view_mean,0.28645825,0.32243371,0,C5
pcb,pcb::pcb_0449_OK,pcb::pcb_0449_OK,0,five_view_mean,0.27937180,0.32243371,0,C1
pcb,pcb::pcb_0450_OK,pcb::pcb_0450_OK,0,five_view_mean,0.27040297,0.32243371,0,C1
pcb,pcb::pcb_0451_OK,pcb::pcb_0451_OK,0,five_view_mean,0.27313668,0.32243371,0,C1
pcb,pcb::pcb_0456_OK,pcb::pcb_0456_OK,0,five_view_mean,0.29010060,0.32243371,0,C3
pcb,pcb::pcb_0457_OK,pcb::pcb_0457_OK,0,five_view_mean,0.28613666,0.32243371,0,C3
pcb,pcb::pcb_0458_OK,pcb::pcb_0458_OK,0,five_view_mean,0.27294046,0.32243371,0,C1
pcb,pcb::pcb_0463_OK,pcb::pcb_0463_OK,0,five_view_mean,0.27110857,0.32243371,0,C2
pcb,pcb::pcb_0465_OK,pcb::pcb_0465_OK,0,five_view_mean,0.27419865,0.32243371,0,C1
pcb,pcb::pcb_0469_OK,pcb::pcb_0469_OK,0,five_view_mean,0.27184188,0.32243371,0,C1
pcb,pcb::pcb_0470_OK,pcb::pcb_0470_OK,0,five_view_mean,0.27648044,0.32243371,0,C5
pcb,pcb::pcb_0474_OK,pcb::pcb_0474_OK,0,five_view_mean,0.27902693,0.32243371,0,C3
pcb,pcb::pcb_0475_OK,pcb::pcb_0475_OK,0,five_view_mean,0.26397070,0.32243371,0,C1
pcb,pcb::pcb_0477_OK,pcb::pcb_0477_OK,0,five_view_mean,0.28140545,0.32243371,0,C3
pcb,pcb::pcb_0478_OK,pcb::pcb_0478_OK,0,five_view_mean,0.28758621,0.32243371,0,C3
pcb,pcb::pcb_0479_OK,pcb::pcb_0479_OK,0,five_view_mean,0.30020967,0.32243371,0,C3
pcb,pcb::pcb_0482_OK,pcb::pcb_0482_OK,0,five_view_mean,0.30495128,0.32243371,0,C2
pcb,pcb::pcb_0486_OK,pcb::pcb_0486_OK,0,five_view_mean,0.28009015,0.32243371,0,C1
pcb,pcb::pcb_0488_OK,pcb::pcb_0488_OK,0,five_view_mean,0.28243482,0.32243371,0,C3
pcb,pcb::pcb_0490_OK,pcb::pcb_0490_OK,0,five_view_mean,0.27291447,0.32243371,0,C1
pcb,pcb::pcb_0491_OK,pcb::pcb_0491_OK,0,five_view_mean,0.28032807,0.32243371,0,C5
pcb,pcb::pcb_0492_OK,pcb::pcb_0492_OK,0,five_view_mean,0.27777761,0.32243371,0,C4
pcb,pcb::pcb_0493_OK,pcb::pcb_0493_OK,0,five_view_mean,0.28186962,0.32243371,0,C2
pcb,pcb::pcb_0495_OK,pcb::pcb_0495_OK,0,five_view_mean,0.28015274,0.32243371,0,C3
pcb,pcb::pcb_0497_OK,pcb::pcb_0497_OK,0,five_view_mean,0.27644458,0.32243371,0,C2
pcb,pcb::pcb_0498_OK,pcb::pcb_0498_OK,0,five_view_mean,0.27674296,0.32243371,0,C2
pcb,pcb::pcb_0500_OK,pcb::pcb_0500_OK,0,five_view_mean,0.27855682,0.32243371,0,C3
pcb,pcb::pcb_1069_NG_YW,pcb::pcb_1069_NG_YW,1,five_view_mean,0.30823535,0.32243371,0,C3
pcb,pcb::pcb_1108_NG_HS,pcb::pcb_1108_NG_HS,1,five_view_mean,0.28430933,0.32243371,0,C5
pcb,pcb::pcb_1126_NG_YW,pcb::pcb_1126_NG_YW,1,five_view_mean,0.28039303,0.32243371,0,C2
pcb,pcb::pcb_1127_NG_YW,pcb::pcb_1127_NG_YW,1,five_view_mean,0.28119001,0.32243371,0,C2
pcb,pcb::pcb_1130_NG_YW,pcb::pcb_1130_NG_YW,1,five_view_mean,0.31312230,0.32243371,0,C2
pcb,pcb::pcb_1218_NG_YW,pcb::pcb_1218_NG_YW,1,five_view_mean,0.29002118,0.32243371,0,C4
pcb,pcb::pcb_1229_NG_ZW,pcb::pcb_1229_NG_ZW,1,five_view_mean,0.32762283,0.32243371,1,C3
pcb,pcb::pcb_1287_NG_YW,pcb::pcb_1287_NG_YW,1,five_view_mean,0.28858671,0.32243371,0,C1
terminalblock,terminalblock::terminalblock_0001_NG_AK,terminalblock::terminalblock_0001_NG_AK,1,five_view_mean,0.32954460,0.28708759,1,C4
terminalblock,terminalblock::terminalblock_0001_NG_QS,terminalblock::terminalblock_0001_NG_QS,1,five_view_mean,0.35373348,0.28708759,1,C2
terminalblock,terminalblock::terminalblock_0001_NG_ZW,terminalblock::terminalblock_0001_NG_ZW,1,five_view_mean,0.34471220,0.28708759,1,C4
terminalblock,terminalblock::terminalblock_0002_NG_AK,terminalblock::terminalblock_0002_NG_AK,1,five_view_mean,0.33356911,0.28708759,1,C4
terminalblock,terminalblock::terminalblock_0002_NG_QS,terminalblock::terminalblock_0002_NG_QS,1,five_view_mean,0.34867197,0.28708759,1,C4
terminalblock,terminalblock::terminalblock_0002_NG_ZW,terminalblock::terminalblock_0002_NG_ZW,1,five_view_mean,0.43396014,0.28708759,1,C5
terminalblock,terminalblock::terminalblock_0003_NG_AK,terminalblock::terminalblock_0003_NG_AK,1,five_view_mean,0.36067390,0.28708759,1,C4
terminalblock,terminalblock::terminalblock_0003_NG_QS,terminalblock::terminalblock_0003_NG_QS,1,five_view_mean,0.36441228,0.28708759,1,C2
terminalblock,terminalblock::terminalblock_0003_NG_ZW,terminalblock::terminalblock_0003_NG_ZW,1,five_view_mean,0.33098227,0.28708759,1,C4
terminalblock,terminalblock::terminalblock_0003_OK,terminalblock::terminalblock_0003_OK,0,five_view_mean,0.26766849,0.28708759,0,C2
terminalblock,terminalblock::terminalblock_0004_NG_AK,terminalblock::terminalblock_0004_NG_AK,1,five_view_mean,0.35243592,0.28708759,1,C4
terminalblock,terminalblock::terminalblock_0004_NG_QS,terminalblock::terminalblock_0004_NG_QS,1,five_view_mean,0.36515969,0.28708759,1,C2
terminalblock,terminalblock::terminalblock_0004_NG_ZW,terminalblock::terminalblock_0004_NG_ZW,1,five_view_mean,0.41218573,0.28708759,1,C4
terminalblock,terminalblock::terminalblock_0004_OK,terminalblock::terminalblock_0004_OK,0,five_view_mean,0.27370304,0.28708759,0,C4
terminalblock,terminalblock::terminalblock_0005_NG_AK,terminalblock::terminalblock_0005_NG_AK,1,five_view_mean,0.34614220,0.28708759,1,C3
terminalblock,terminalblock::terminalblock_0005_NG_QS,terminalblock::terminalblock_0005_NG_QS,1,five_view_mean,0.33412683,0.28708759,1,C2
terminalblock,terminalblock::terminalblock_0005_NG_ZW,terminalblock::terminalblock_0005_NG_ZW,1,five_view_mean,0.32876545,0.28708759,1,C4
terminalblock,terminalblock::terminalblock_0005_OK,terminalblock::terminalblock_0005_OK,0,five_view_mean,0.27042758,0.28708759,0,C1
terminalblock,terminalblock::terminalblock_0006_NG_AK,terminalblock::terminalblock_0006_NG_AK,1,five_view_mean,0.32229090,0.28708759,1,C1
terminalblock,terminalblock::terminalblock_0006_NG_QS,terminalblock::terminalblock_0006_NG_QS,1,five_view_mean,0.41734847,0.28708759,1,C5
terminalblock,terminalblock::terminalblock_0006_NG_ZW,terminalblock::terminalblock_0006_NG_ZW,1,five_view_mean,0.33520418,0.28708759,1,C5
terminalblock,terminalblock::terminalblock_0007_NG_AK,terminalblock::terminalblock_0007_NG_AK,1,five_view_mean,0.32071620,0.28708759,1,C4
terminalblock,terminalblock::terminalblock_0007_NG_QS,terminalblock::terminalblock_0007_NG_QS,1,five_view_mean,0.34466738,0.28708759,1,C2
terminalblock,terminalblock::terminalblock_0007_NG_ZW,terminalblock::terminalblock_0007_NG_ZW,1,five_view_mean,0.37359071,0.28708759,1,C4
terminalblock,terminalblock::terminalblock_0008_NG_AK,terminalblock::terminalblock_0008_NG_AK,1,five_view_mean,0.34402794,0.28708759,1,C4
terminalblock,terminalblock::terminalblock_0008_NG_QS,terminalblock::terminalblock_0008_NG_QS,1,five_view_mean,0.34909707,0.28708759,1,C2
terminalblock,terminalblock::terminalblock_0008_NG_ZW,terminalblock::terminalblock_0008_NG_ZW,1,five_view_mean,0.51554275,0.28708759,1,C4
terminalblock,terminalblock::terminalblock_0008_OK,terminalblock::terminalblock_0008_OK,0,five_view_mean,0.27927700,0.28708759,0,C4
terminalblock,terminalblock::terminalblock_0009_NG_AK,terminalblock::terminalblock_0009_NG_AK,1,five_view_mean,0.32243454,0.28708759,1,C4
terminalblock,terminalblock::terminalblock_0009_NG_QS,terminalblock::terminalblock_0009_NG_QS,1,five_view_mean,0.37556252,0.28708759,1,C4
terminalblock,terminalblock::terminalblock_0009_NG_ZW,terminalblock::terminalblock_0009_NG_ZW,1,five_view_mean,0.35696954,0.28708759,1,C1
terminalblock,terminalblock::terminalblock_0009_OK,terminalblock::terminalblock_0009_OK,0,five_view_mean,0.27651608,0.28708759,0,C1
terminalblock,terminalblock::terminalblock_0010_NG_AK,terminalblock::terminalblock_0010_NG_AK,1,five_view_mean,0.35312304,0.28708759,1,C4
terminalblock,terminalblock::terminalblock_0010_NG_QS,terminalblock::terminalblock_0010_NG_QS,1,five_view_mean,0.31304473,0.28708759,1,C4
terminalblock,terminalblock::terminalblock_0010_NG_ZW,terminalblock::terminalblock_0010_NG_ZW,1,five_view_mean,0.38299981,0.28708759,1,C4
terminalblock,terminalblock::terminalblock_0011_NG_AK,terminalblock::terminalblock_0011_NG_AK,1,five_view_mean,0.33069414,0.28708759,1,C4
terminalblock,terminalblock::terminalblock_0011_NG_QS,terminalblock::terminalblock_0011_NG_QS,1,five_view_mean,0.34056169,0.28708759,1,C4
terminalblock,terminalblock::terminalblock_0011_NG_ZW,terminalblock::terminalblock_0011_NG_ZW,1,five_view_mean,0.36097759,0.28708759,1,C2
terminalblock,terminalblock::terminalblock_0011_OK,terminalblock::terminalblock_0011_OK,0,five_view_mean,0.25993776,0.28708759,0,C4
terminalblock,terminalblock::terminalblock_0012_NG_AK,terminalblock::terminalblock_0012_NG_AK,1,five_view_mean,0.31685334,0.28708759,1,C4
terminalblock,terminalblock::terminalblock_0012_NG_QS,terminalblock::terminalblock_0012_NG_QS,1,five_view_mean,0.42956001,0.28708759,1,C3
terminalblock,terminalblock::terminalblock_0012_NG_ZW,terminalblock::terminalblock_0012_NG_ZW,1,five_view_mean,0.36385837,0.28708759,1,C1
terminalblock,terminalblock::terminalblock_0013_NG_AK,terminalblock::terminalblock_0013_NG_AK,1,five_view_mean,0.33245078,0.28708759,1,C4
terminalblock,terminalblock::terminalblock_0013_NG_QS,terminalblock::terminalblock_0013_NG_QS,1,five_view_mean,0.44713888,0.28708759,1,C4
terminalblock,terminalblock::terminalblock_0013_NG_ZW,terminalblock::terminalblock_0013_NG_ZW,1,five_view_mean,0.44391680,0.28708759,1,C4
terminalblock,terminalblock::terminalblock_0013_OK,terminalblock::terminalblock_0013_OK,0,five_view_mean,0.26388806,0.28708759,0,C5
terminalblock,terminalblock::terminalblock_0014_NG_AK,terminalblock::terminalblock_0014_NG_AK,1,five_view_mean,0.34548217,0.28708759,1,C4
terminalblock,terminalblock::terminalblock_0014_NG_QS,terminalblock::terminalblock_0014_NG_QS,1,five_view_mean,0.33931345,0.28708759,1,C1
terminalblock,terminalblock::terminalblock_0014_NG_ZW,terminalblock::terminalblock_0014_NG_ZW,1,five_view_mean,0.39722988,0.28708759,1,C4
terminalblock,terminalblock::terminalblock_0015_NG_AK,terminalblock::terminalblock_0015_NG_AK,1,five_view_mean,0.35304946,0.28708759,1,C4
terminalblock,terminalblock::terminalblock_0015_NG_QS,terminalblock::terminalblock_0015_NG_QS,1,five_view_mean,0.33948001,0.28708759,1,C5
terminalblock,terminalblock::terminalblock_0015_NG_ZW,terminalblock::terminalblock_0015_NG_ZW,1,five_view_mean,0.39675790,0.28708759,1,C4
terminalblock,terminalblock::terminalblock_0016_NG_AK,terminalblock::terminalblock_0016_NG_AK,1,five_view_mean,0.33999717,0.28708759,1,C4
terminalblock,terminalblock::terminalblock_0016_NG_QS,terminalblock::terminalblock_0016_NG_QS,1,five_view_mean,0.37055361,0.28708759,1,C4
terminalblock,terminalblock::terminalblock_0016_NG_ZW,terminalblock::terminalblock_0016_NG_ZW,1,five_view_mean,0.34475857,0.28708759,1,C4
terminalblock,terminalblock::terminalblock_0017_NG_AK,terminalblock::terminalblock_0017_NG_AK,1,five_view_mean,0.37114650,0.28708759,1,C4
terminalblock,terminalblock::terminalblock_0017_NG_QS,terminalblock::terminalblock_0017_NG_QS,1,five_view_mean,0.33196777,0.28708759,1,C4
terminalblock,terminalblock::terminalblock_0017_NG_ZW,terminalblock::terminalblock_0017_NG_ZW,1,five_view_mean,0.34564492,0.28708759,1,C4
terminalblock,terminalblock::terminalblock_0017_OK,terminalblock::terminalblock_0017_OK,0,five_view_mean,0.27608544,0.28708759,0,C3
terminalblock,terminalblock::terminalblock_0018_NG_AK,terminalblock::terminalblock_0018_NG_AK,1,five_view_mean,0.32499582,0.28708759,1,C4
terminalblock,terminalblock::terminalblock_0018_NG_QS,terminalblock::terminalblock_0018_NG_QS,1,five_view_mean,0.34125778,0.28708759,1,C5
terminalblock,terminalblock::terminalblock_0018_NG_ZW,terminalblock::terminalblock_0018_NG_ZW,1,five_view_mean,0.40274677,0.28708759,1,C4
terminalblock,terminalblock::terminalblock_0018_OK,terminalblock::terminalblock_0018_OK,0,five_view_mean,0.26060611,0.28708759,0,C4
terminalblock,terminalblock::terminalblock_0019_NG_AK,terminalblock::terminalblock_0019_NG_AK,1,five_view_mean,0.31868690,0.28708759,1,C4
terminalblock,terminalblock::terminalblock_0019_NG_QS,terminalblock::terminalblock_0019_NG_QS,1,five_view_mean,0.33656988,0.28708759,1,C2
terminalblock,terminalblock::terminalblock_0019_NG_ZW,terminalblock::terminalblock_0019_NG_ZW,1,five_view_mean,0.34404379,0.28708759,1,C4
terminalblock,terminalblock::terminalblock_0020_NG_AK,terminalblock::terminalblock_0020_NG_AK,1,five_view_mean,0.32445365,0.28708759,1,C4
terminalblock,terminalblock::terminalblock_0020_NG_QS,terminalblock::terminalblock_0020_NG_QS,1,five_view_mean,0.35555902,0.28708759,1,C5
terminalblock,terminalblock::terminalblock_0020_NG_ZW,terminalblock::terminalblock_0020_NG_ZW,1,five_view_mean,0.41674104,0.28708759,1,C4
terminalblock,terminalblock::terminalblock_0020_OK,terminalblock::terminalblock_0020_OK,0,five_view_mean,0.26769209,0.28708759,0,C5
terminalblock,terminalblock::terminalblock_0021_NG_AK,terminalblock::terminalblock_0021_NG_AK,1,five_view_mean,0.33158794,0.28708759,1,C4
terminalblock,terminalblock::terminalblock_0021_NG_QS,terminalblock::terminalblock_0021_NG_QS,1,five_view_mean,0.37139940,0.28708759,1,C3
terminalblock,terminalblock::terminalblock_0021_NG_ZW,terminalblock::terminalblock_0021_NG_ZW,1,five_view_mean,0.54653722,0.28708759,1,C4
terminalblock,terminalblock::terminalblock_0022_NG_AK,terminalblock::terminalblock_0022_NG_AK,1,five_view_mean,0.31398284,0.28708759,1,C4
terminalblock,terminalblock::terminalblock_0022_NG_QS,terminalblock::terminalblock_0022_NG_QS,1,five_view_mean,0.32823533,0.28708759,1,C5
terminalblock,terminalblock::terminalblock_0022_NG_ZW,terminalblock::terminalblock_0022_NG_ZW,1,five_view_mean,0.39915711,0.28708759,1,C4
terminalblock,terminalblock::terminalblock_0023_NG_AK,terminalblock::terminalblock_0023_NG_AK,1,five_view_mean,0.32122755,0.28708759,1,C4
terminalblock,terminalblock::terminalblock_0023_NG_QS,terminalblock::terminalblock_0023_NG_QS,1,five_view_mean,0.32810271,0.28708759,1,C4
terminalblock,terminalblock::terminalblock_0023_NG_ZW,terminalblock::terminalblock_0023_NG_ZW,1,five_view_mean,0.36790586,0.28708759,1,C4
terminalblock,terminalblock::terminalblock_0023_OK,terminalblock::terminalblock_0023_OK,0,five_view_mean,0.26614842,0.28708759,0,C5
terminalblock,terminalblock::terminalblock_0024_NG_AK,terminalblock::terminalblock_0024_NG_AK,1,five_view_mean,0.31420833,0.28708759,1,C4
terminalblock,terminalblock::terminalblock_0024_NG_QS,terminalblock::terminalblock_0024_NG_QS,1,five_view_mean,0.34069520,0.28708759,1,C4
terminalblock,terminalblock::terminalblock_0024_NG_ZW,terminalblock::terminalblock_0024_NG_ZW,1,five_view_mean,0.35279149,0.28708759,1,C4
terminalblock,terminalblock::terminalblock_0024_OK,terminalblock::terminalblock_0024_OK,0,five_view_mean,0.27463999,0.28708759,0,C3
terminalblock,terminalblock::terminalblock_0025_NG_AK,terminalblock::terminalblock_0025_NG_AK,1,five_view_mean,0.33369631,0.28708759,1,C4
terminalblock,terminalblock::terminalblock_0025_NG_QS,terminalblock::terminalblock_0025_NG_QS,1,five_view_mean,0.34112978,0.28708759,1,C2
terminalblock,terminalblock::terminalblock_0025_NG_ZW,terminalblock::terminalblock_0025_NG_ZW,1,five_view_mean,0.37762868,0.28708759,1,C4
terminalblock,terminalblock::terminalblock_0025_OK,terminalblock::terminalblock_0025_OK,0,five_view_mean,0.26899344,0.28708759,0,C5
terminalblock,terminalblock::terminalblock_0026_NG_AK,terminalblock::terminalblock_0026_NG_AK,1,five_view_mean,0.34497577,0.28708759,1,C4
terminalblock,terminalblock::terminalblock_0026_NG_QS,terminalblock::terminalblock_0026_NG_QS,1,five_view_mean,0.36101675,0.28708759,1,C4
terminalblock,terminalblock::terminalblock_0026_NG_ZW,terminalblock::terminalblock_0026_NG_ZW,1,five_view_mean,0.50616515,0.28708759,1,C4
terminalblock,terminalblock::terminalblock_0026_OK,terminalblock::terminalblock_0026_OK,0,five_view_mean,0.28129667,0.28708759,0,C5
terminalblock,terminalblock::terminalblock_0027_NG_AK,terminalblock::terminalblock_0027_NG_AK,1,five_view_mean,0.31404084,0.28708759,1,C4
terminalblock,terminalblock::terminalblock_0027_NG_QS,terminalblock::terminalblock_0027_NG_QS,1,five_view_mean,0.31849581,0.28708759,1,C5
terminalblock,terminalblock::terminalblock_0027_NG_ZW,terminalblock::terminalblock_0027_NG_ZW,1,five_view_mean,0.34613779,0.28708759,1,C4
terminalblock,terminalblock::terminalblock_0028_NG_AK,terminalblock::terminalblock_0028_NG_AK,1,five_view_mean,0.32661965,0.28708759,1,C4
terminalblock,terminalblock::terminalblock_0028_NG_QS,terminalblock::terminalblock_0028_NG_QS,1,five_view_mean,0.44431895,0.28708759,1,C4
terminalblock,terminalblock::terminalblock_0028_NG_ZW,terminalblock::terminalblock_0028_NG_ZW,1,five_view_mean,0.46260047,0.28708759,1,C4
terminalblock,terminalblock::terminalblock_0028_OK,terminalblock::terminalblock_0028_OK,0,five_view_mean,0.27445954,0.28708759,0,C2
terminalblock,terminalblock::terminalblock_0029_NG_AK,terminalblock::terminalblock_0029_NG_AK,1,five_view_mean,0.34764302,0.28708759,1,C4
terminalblock,terminalblock::terminalblock_0029_NG_QS,terminalblock::terminalblock_0029_NG_QS,1,five_view_mean,0.44845015,0.28708759,1,C4
terminalblock,terminalblock::terminalblock_0029_NG_ZW,terminalblock::terminalblock_0029_NG_ZW,1,five_view_mean,0.43481502,0.28708759,1,C4
terminalblock,terminalblock::terminalblock_0030_NG_AK,terminalblock::terminalblock_0030_NG_AK,1,five_view_mean,0.33116150,0.28708759,1,C4
terminalblock,terminalblock::terminalblock_0030_NG_QS,terminalblock::terminalblock_0030_NG_QS,1,five_view_mean,0.42030829,0.28708759,1,C5
terminalblock,terminalblock::terminalblock_0030_NG_ZW,terminalblock::terminalblock_0030_NG_ZW,1,five_view_mean,0.39063308,0.28708759,1,C4
terminalblock,terminalblock::terminalblock_0031_NG_AK,terminalblock::terminalblock_0031_NG_AK,1,five_view_mean,0.31855753,0.28708759,1,C4
terminalblock,terminalblock::terminalblock_0031_NG_QS,terminalblock::terminalblock_0031_NG_QS,1,five_view_mean,0.35535216,0.28708759,1,C5
terminalblock,terminalblock::terminalblock_0031_NG_ZW,terminalblock::terminalblock_0031_NG_ZW,1,five_view_mean,0.36991471,0.28708759,1,C4
terminalblock,terminalblock::terminalblock_0031_OK,terminalblock::terminalblock_0031_OK,0,five_view_mean,0.26931879,0.28708759,0,C2
terminalblock,terminalblock::terminalblock_0032_NG_AK,terminalblock::terminalblock_0032_NG_AK,1,five_view_mean,0.34465504,0.28708759,1,C4
terminalblock,terminalblock::terminalblock_0032_NG_QS,terminalblock::terminalblock_0032_NG_QS,1,five_view_mean,0.34133357,0.28708759,1,C5
terminalblock,terminalblock::terminalblock_0032_NG_ZW,terminalblock::terminalblock_0032_NG_ZW,1,five_view_mean,0.34463722,0.28708759,1,C4
terminalblock,terminalblock::terminalblock_0033_NG_AK,terminalblock::terminalblock_0033_NG_AK,1,five_view_mean,0.36013061,0.28708759,1,C4
terminalblock,terminalblock::terminalblock_0033_NG_QS,terminalblock::terminalblock_0033_NG_QS,1,five_view_mean,0.29860198,0.28708759,1,C4
terminalblock,terminalblock::terminalblock_0033_NG_ZW,terminalblock::terminalblock_0033_NG_ZW,1,five_view_mean,0.33199477,0.28708759,1,C4
terminalblock,terminalblock::terminalblock_0034_NG_AK,terminalblock::terminalblock_0034_NG_AK,1,five_view_mean,0.29724437,0.28708759,1,C4
terminalblock,terminalblock::terminalblock_0034_NG_QS,terminalblock::terminalblock_0034_NG_QS,1,five_view_mean,0.36733413,0.28708759,1,C4
terminalblock,terminalblock::terminalblock_0034_NG_ZW,terminalblock::terminalblock_0034_NG_ZW,1,five_view_mean,0.34347042,0.28708759,1,C4
terminalblock,terminalblock::terminalblock_0035_NG_AK,terminalblock::terminalblock_0035_NG_AK,1,five_view_mean,0.31999934,0.28708759,1,C4
terminalblock,terminalblock::terminalblock_0035_NG_QS,terminalblock::terminalblock_0035_NG_QS,1,five_view_mean,0.33388013,0.28708759,1,C4
terminalblock,terminalblock::terminalblock_0035_NG_ZW,terminalblock::terminalblock_0035_NG_ZW,1,five_view_mean,0.39034933,0.28708759,1,C4
terminalblock,terminalblock::terminalblock_0036_NG_AK,terminalblock::terminalblock_0036_NG_AK,1,five_view_mean,0.31963196,0.28708759,1,C4
terminalblock,terminalblock::terminalblock_0036_NG_QS,terminalblock::terminalblock_0036_NG_QS,1,five_view_mean,0.31800213,0.28708759,1,C4
terminalblock,terminalblock::terminalblock_0036_NG_ZW,terminalblock::terminalblock_0036_NG_ZW,1,five_view_mean,0.43760890,0.28708759,1,C4
terminalblock,terminalblock::terminalblock_0036_OK,terminalblock::terminalblock_0036_OK,0,five_view_mean,0.25375190,0.28708759,0,C5
terminalblock,terminalblock::terminalblock_0037_NG_AK,terminalblock::terminalblock_0037_NG_AK,1,five_view_mean,0.31968936,0.28708759,1,C4
terminalblock,terminalblock::terminalblock_0037_NG_QS,terminalblock::terminalblock_0037_NG_QS,1,five_view_mean,0.35917610,0.28708759,1,C1
terminalblock,terminalblock::terminalblock_0037_NG_ZW,terminalblock::terminalblock_0037_NG_ZW,1,five_view_mean,0.32270950,0.28708759,1,C4
terminalblock,terminalblock::terminalblock_0038_NG_AK,terminalblock::terminalblock_0038_NG_AK,1,five_view_mean,0.39661270,0.28708759,1,C1
terminalblock,terminalblock::terminalblock_0038_NG_QS,terminalblock::terminalblock_0038_NG_QS,1,five_view_mean,0.45455390,0.28708759,1,C5
terminalblock,terminalblock::terminalblock_0038_NG_ZW,terminalblock::terminalblock_0038_NG_ZW,1,five_view_mean,0.37056023,0.28708759,1,C4
terminalblock,terminalblock::terminalblock_0039_NG_AK,terminalblock::terminalblock_0039_NG_AK,1,five_view_mean,0.32262385,0.28708759,1,C4
terminalblock,terminalblock::terminalblock_0039_NG_QS,terminalblock::terminalblock_0039_NG_QS,1,five_view_mean,0.39585310,0.28708759,1,C5
terminalblock,terminalblock::terminalblock_0039_NG_ZW,terminalblock::terminalblock_0039_NG_ZW,1,five_view_mean,0.39759713,0.28708759,1,C4
terminalblock,terminalblock::terminalblock_0040_NG_AK,terminalblock::terminalblock_0040_NG_AK,1,five_view_mean,0.30651885,0.28708759,1,C5
terminalblock,terminalblock::terminalblock_0040_NG_QS,terminalblock::terminalblock_0040_NG_QS,1,five_view_mean,0.32752177,0.28708759,1,C4
terminalblock,terminalblock::terminalblock_0040_NG_ZW,terminalblock::terminalblock_0040_NG_ZW,1,five_view_mean,0.35058814,0.28708759,1,C4
terminalblock,terminalblock::terminalblock_0040_OK,terminalblock::terminalblock_0040_OK,0,five_view_mean,0.28095129,0.28708759,0,C2
terminalblock,terminalblock::terminalblock_0041_NG_AK,terminalblock::terminalblock_0041_NG_AK,1,five_view_mean,0.31012231,0.28708759,1,C4
terminalblock,terminalblock::terminalblock_0041_NG_QS,terminalblock::terminalblock_0041_NG_QS,1,five_view_mean,0.31781983,0.28708759,1,C1
terminalblock,terminalblock::terminalblock_0041_NG_ZW,terminalblock::terminalblock_0041_NG_ZW,1,five_view_mean,0.33554325,0.28708759,1,C4
terminalblock,terminalblock::terminalblock_0041_OK,terminalblock::terminalblock_0041_OK,0,five_view_mean,0.28275013,0.28708759,0,C2
terminalblock,terminalblock::terminalblock_0042_NG_AK,terminalblock::terminalblock_0042_NG_AK,1,five_view_mean,0.31958359,0.28708759,1,C5
terminalblock,terminalblock::terminalblock_0042_NG_QS,terminalblock::terminalblock_0042_NG_QS,1,five_view_mean,0.31246153,0.28708759,1,C4
terminalblock,terminalblock::terminalblock_0042_NG_ZW,terminalblock::terminalblock_0042_NG_ZW,1,five_view_mean,0.34854063,0.28708759,1,C4
terminalblock,terminalblock::terminalblock_0043_NG_AK,terminalblock::terminalblock_0043_NG_AK,1,five_view_mean,0.34446004,0.28708759,1,C5
terminalblock,terminalblock::terminalblock_0043_NG_QS,terminalblock::terminalblock_0043_NG_QS,1,five_view_mean,0.31783229,0.28708759,1,C5
terminalblock,terminalblock::terminalblock_0043_NG_ZW,terminalblock::terminalblock_0043_NG_ZW,1,five_view_mean,0.34595197,0.28708759,1,C4
terminalblock,terminalblock::terminalblock_0043_OK,terminalblock::terminalblock_0043_OK,0,five_view_mean,0.27699578,0.28708759,0,C2
terminalblock,terminalblock::terminalblock_0044_NG_AK,terminalblock::terminalblock_0044_NG_AK,1,five_view_mean,0.31105316,0.28708759,1,C1
terminalblock,terminalblock::terminalblock_0044_NG_QS,terminalblock::terminalblock_0044_NG_QS,1,five_view_mean,0.33398992,0.28708759,1,C1
terminalblock,terminalblock::terminalblock_0044_NG_ZW,terminalblock::terminalblock_0044_NG_ZW,1,five_view_mean,0.37516040,0.28708759,1,C4
terminalblock,terminalblock::terminalblock_0044_OK,terminalblock::terminalblock_0044_OK,0,five_view_mean,0.26984161,0.28708759,0,C2
terminalblock,terminalblock::terminalblock_0045_NG_AK,terminalblock::terminalblock_0045_NG_AK,1,five_view_mean,0.29084611,0.28708759,1,C4
terminalblock,terminalblock::terminalblock_0045_NG_QS,terminalblock::terminalblock_0045_NG_QS,1,five_view_mean,0.34987697,0.28708759,1,C4
terminalblock,terminalblock::terminalblock_0045_NG_ZW,terminalblock::terminalblock_0045_NG_ZW,1,five_view_mean,0.33162516,0.28708759,1,C4
terminalblock,terminalblock::terminalblock_0045_OK,terminalblock::terminalblock_0045_OK,0,five_view_mean,0.28243342,0.28708759,0,C3
terminalblock,terminalblock::terminalblock_0046_NG_AK,terminalblock::terminalblock_0046_NG_AK,1,five_view_mean,0.31820557,0.28708759,1,C4
terminalblock,terminalblock::terminalblock_0046_NG_QS,terminalblock::terminalblock_0046_NG_QS,1,five_view_mean,0.47691059,0.28708759,1,C4
terminalblock,terminalblock::terminalblock_0046_NG_ZW,terminalblock::terminalblock_0046_NG_ZW,1,five_view_mean,0.32861346,0.28708759,1,C4
terminalblock,terminalblock::terminalblock_0047_NG_AK,terminalblock::terminalblock_0047_NG_AK,1,five_view_mean,0.32585278,0.28708759,1,C4
terminalblock,terminalblock::terminalblock_0047_NG_QS,terminalblock::terminalblock_0047_NG_QS,1,five_view_mean,0.35290989,0.28708759,1,C4
terminalblock,terminalblock::terminalblock_0047_NG_ZW,terminalblock::terminalblock_0047_NG_ZW,1,five_view_mean,0.32445881,0.28708759,1,C4
terminalblock,terminalblock::terminalblock_0048_NG_AK,terminalblock::terminalblock_0048_NG_AK,1,five_view_mean,0.32057589,0.28708759,1,C2
terminalblock,terminalblock::terminalblock_0048_NG_QS,terminalblock::terminalblock_0048_NG_QS,1,five_view_mean,0.41857925,0.28708759,1,C1
terminalblock,terminalblock::terminalblock_0048_NG_ZW,terminalblock::terminalblock_0048_NG_ZW,1,five_view_mean,0.34273109,0.28708759,1,C4
terminalblock,terminalblock::terminalblock_0049_NG_AK,terminalblock::terminalblock_0049_NG_AK,1,five_view_mean,0.32572168,0.28708759,1,C4
terminalblock,terminalblock::terminalblock_0049_NG_QS,terminalblock::terminalblock_0049_NG_QS,1,five_view_mean,0.33706352,0.28708759,1,C2
terminalblock,terminalblock::terminalblock_0049_NG_ZW,terminalblock::terminalblock_0049_NG_ZW,1,five_view_mean,0.32646576,0.28708759,1,C4
terminalblock,terminalblock::terminalblock_0050_NG_AK,terminalblock::terminalblock_0050_NG_AK,1,five_view_mean,0.34696898,0.28708759,1,C4
terminalblock,terminalblock::terminalblock_0050_NG_QS,terminalblock::terminalblock_0050_NG_QS,1,five_view_mean,0.44911495,0.28708759,1,C4
terminalblock,terminalblock::terminalblock_0050_NG_ZW,terminalblock::terminalblock_0050_NG_ZW,1,five_view_mean,0.35537413,0.28708759,1,C4
terminalblock,terminalblock::terminalblock_0050_OK,terminalblock::terminalblock_0050_OK,0,five_view_mean,0.28579891,0.28708759,0,C1
terminalblock,terminalblock::terminalblock_0051_NG_AK,terminalblock::terminalblock_0051_NG_AK,1,five_view_mean,0.32032830,0.28708759,1,C2
terminalblock,terminalblock::terminalblock_0051_NG_QS,terminalblock::terminalblock_0051_NG_QS,1,five_view_mean,0.33653364,0.28708759,1,C4
terminalblock,terminalblock::terminalblock_0051_NG_ZW,terminalblock::terminalblock_0051_NG_ZW,1,five_view_mean,0.43804258,0.28708759,1,C4
terminalblock,terminalblock::terminalblock_0051_OK,terminalblock::terminalblock_0051_OK,0,five_view_mean,0.28562185,0.28708759,0,C1
terminalblock,terminalblock::terminalblock_0052_NG_AK,terminalblock::terminalblock_0052_NG_AK,1,five_view_mean,0.33659396,0.28708759,1,C1
terminalblock,terminalblock::terminalblock_0052_NG_QS,terminalblock::terminalblock_0052_NG_QS,1,five_view_mean,0.32391423,0.28708759,1,C1
terminalblock,terminalblock::terminalblock_0052_NG_ZW,terminalblock::terminalblock_0052_NG_ZW,1,five_view_mean,0.34138119,0.28708759,1,C4
terminalblock,terminalblock::terminalblock_0053_NG_AK,terminalblock::terminalblock_0053_NG_AK,1,five_view_mean,0.31161705,0.28708759,1,C1
terminalblock,terminalblock::terminalblock_0053_NG_QS,terminalblock::terminalblock_0053_NG_QS,1,five_view_mean,0.34180233,0.28708759,1,C4
terminalblock,terminalblock::terminalblock_0053_NG_ZW,terminalblock::terminalblock_0053_NG_ZW,1,five_view_mean,0.33135042,0.28708759,1,C4
terminalblock,terminalblock::terminalblock_0054_NG_AK,terminalblock::terminalblock_0054_NG_AK,1,five_view_mean,0.30370617,0.28708759,1,C1
terminalblock,terminalblock::terminalblock_0054_NG_QS,terminalblock::terminalblock_0054_NG_QS,1,five_view_mean,0.36439371,0.28708759,1,C4
terminalblock,terminalblock::terminalblock_0054_NG_ZW,terminalblock::terminalblock_0054_NG_ZW,1,five_view_mean,0.33334729,0.28708759,1,C4
terminalblock,terminalblock::terminalblock_0055_NG_AK,terminalblock::terminalblock_0055_NG_AK,1,five_view_mean,0.32343060,0.28708759,1,C4
terminalblock,terminalblock::terminalblock_0055_NG_QS,terminalblock::terminalblock_0055_NG_QS,1,five_view_mean,0.47105998,0.28708759,1,C5
terminalblock,terminalblock::terminalblock_0055_NG_ZW,terminalblock::terminalblock_0055_NG_ZW,1,five_view_mean,0.32257867,0.28708759,1,C4
terminalblock,terminalblock::terminalblock_0056_NG_AK,terminalblock::terminalblock_0056_NG_AK,1,five_view_mean,0.33551997,0.28708759,1,C1
terminalblock,terminalblock::terminalblock_0056_NG_QS,terminalblock::terminalblock_0056_NG_QS,1,five_view_mean,0.37888494,0.28708759,1,C3
terminalblock,terminalblock::terminalblock_0056_NG_ZW,terminalblock::terminalblock_0056_NG_ZW,1,five_view_mean,0.39708239,0.28708759,1,C4
terminalblock,terminalblock::terminalblock_0057_NG_AK,terminalblock::terminalblock_0057_NG_AK,1,five_view_mean,0.31389648,0.28708759,1,C1
terminalblock,terminalblock::terminalblock_0057_NG_QS,terminalblock::terminalblock_0057_NG_QS,1,five_view_mean,0.33379036,0.28708759,1,C1
terminalblock,terminalblock::terminalblock_0057_NG_ZW,terminalblock::terminalblock_0057_NG_ZW,1,five_view_mean,0.34910047,0.28708759,1,C4
terminalblock,terminalblock::terminalblock_0058_NG_AK,terminalblock::terminalblock_0058_NG_AK,1,five_view_mean,0.32073641,0.28708759,1,C1
terminalblock,terminalblock::terminalblock_0058_NG_QS,terminalblock::terminalblock_0058_NG_QS,1,five_view_mean,0.36950815,0.28708759,1,C2
terminalblock,terminalblock::terminalblock_0058_NG_ZW,terminalblock::terminalblock_0058_NG_ZW,1,five_view_mean,0.33366910,0.28708759,1,C4
terminalblock,terminalblock::terminalblock_0058_OK,terminalblock::terminalblock_0058_OK,0,five_view_mean,0.26881227,0.28708759,0,C2
terminalblock,terminalblock::terminalblock_0059_NG_AK,terminalblock::terminalblock_0059_NG_AK,1,five_view_mean,0.32720885,0.28708759,1,C1
terminalblock,terminalblock::terminalblock_0059_NG_QS,terminalblock::terminalblock_0059_NG_QS,1,five_view_mean,0.41277209,0.28708759,1,C5
terminalblock,terminalblock::terminalblock_0059_NG_ZW,terminalblock::terminalblock_0059_NG_ZW,1,five_view_mean,0.34633622,0.28708759,1,C4
terminalblock,terminalblock::terminalblock_0059_OK,terminalblock::terminalblock_0059_OK,0,five_view_mean,0.27499437,0.28708759,0,C3
terminalblock,terminalblock::terminalblock_0060_NG_AK,terminalblock::terminalblock_0060_NG_AK,1,five_view_mean,0.34174237,0.28708759,1,C4
terminalblock,terminalblock::terminalblock_0060_NG_QS,terminalblock::terminalblock_0060_NG_QS,1,five_view_mean,0.32487598,0.28708759,1,C1
terminalblock,terminalblock::terminalblock_0060_NG_ZW,terminalblock::terminalblock_0060_NG_ZW,1,five_view_mean,0.40047789,0.28708759,1,C4
terminalblock,terminalblock::terminalblock_0060_OK,terminalblock::terminalblock_0060_OK,0,five_view_mean,0.27710414,0.28708759,0,C1
terminalblock,terminalblock::terminalblock_0061_NG_AK,terminalblock::terminalblock_0061_NG_AK,1,five_view_mean,0.31644043,0.28708759,1,C1
terminalblock,terminalblock::terminalblock_0061_NG_QS,terminalblock::terminalblock_0061_NG_QS,1,five_view_mean,0.46064839,0.28708759,1,C4
terminalblock,terminalblock::terminalblock_0061_NG_ZW,terminalblock::terminalblock_0061_NG_ZW,1,five_view_mean,0.35864064,0.28708759,1,C4
terminalblock,terminalblock::terminalblock_0062_NG_AK,terminalblock::terminalblock_0062_NG_AK,1,five_view_mean,0.31801283,0.28708759,1,C1
terminalblock,terminalblock::terminalblock_0062_NG_QS,terminalblock::terminalblock_0062_NG_QS,1,five_view_mean,0.45369482,0.28708759,1,C4
terminalblock,terminalblock::terminalblock_0062_NG_ZW,terminalblock::terminalblock_0062_NG_ZW,1,five_view_mean,0.35008901,0.28708759,1,C4
terminalblock,terminalblock::terminalblock_0062_OK,terminalblock::terminalblock_0062_OK,0,five_view_mean,0.26628184,0.28708759,0,C4
terminalblock,terminalblock::terminalblock_0063_NG_AK,terminalblock::terminalblock_0063_NG_AK,1,five_view_mean,0.29079396,0.28708759,1,C4
terminalblock,terminalblock::terminalblock_0063_NG_QS,terminalblock::terminalblock_0063_NG_QS,1,five_view_mean,0.38780481,0.28708759,1,C1
terminalblock,terminalblock::terminalblock_0063_NG_ZW,terminalblock::terminalblock_0063_NG_ZW,1,five_view_mean,0.38745835,0.28708759,1,C4
terminalblock,terminalblock::terminalblock_0063_OK,terminalblock::terminalblock_0063_OK,0,five_view_mean,0.26413453,0.28708759,0,C3
terminalblock,terminalblock::terminalblock_0064_NG_AK,terminalblock::terminalblock_0064_NG_AK,1,five_view_mean,0.30628568,0.28708759,1,C1
terminalblock,terminalblock::terminalblock_0064_NG_QS,terminalblock::terminalblock_0064_NG_QS,1,five_view_mean,0.33907753,0.28708759,1,C4
terminalblock,terminalblock::terminalblock_0064_NG_ZW,terminalblock::terminalblock_0064_NG_ZW,1,five_view_mean,0.36985558,0.28708759,1,C4
terminalblock,terminalblock::terminalblock_0065_NG_AK,terminalblock::terminalblock_0065_NG_AK,1,five_view_mean,0.28892976,0.28708759,1,C4
terminalblock,terminalblock::terminalblock_0065_NG_QS,terminalblock::terminalblock_0065_NG_QS,1,five_view_mean,0.34076935,0.28708759,1,C2
terminalblock,terminalblock::terminalblock_0065_NG_ZW,terminalblock::terminalblock_0065_NG_ZW,1,five_view_mean,0.44887948,0.28708759,1,C4
terminalblock,terminalblock::terminalblock_0066_NG_AK,terminalblock::terminalblock_0066_NG_AK,1,five_view_mean,0.30569163,0.28708759,1,C1
terminalblock,terminalblock::terminalblock_0066_NG_QS,terminalblock::terminalblock_0066_NG_QS,1,five_view_mean,0.33595890,0.28708759,1,C1
terminalblock,terminalblock::terminalblock_0066_NG_ZW,terminalblock::terminalblock_0066_NG_ZW,1,five_view_mean,0.35001838,0.28708759,1,C4
terminalblock,terminalblock::terminalblock_0067_NG_AK,terminalblock::terminalblock_0067_NG_AK,1,five_view_mean,0.30506498,0.28708759,1,C4
terminalblock,terminalblock::terminalblock_0067_NG_QS,terminalblock::terminalblock_0067_NG_QS,1,five_view_mean,0.35973081,0.28708759,1,C4
terminalblock,terminalblock::terminalblock_0067_NG_ZW,terminalblock::terminalblock_0067_NG_ZW,1,five_view_mean,0.37284589,0.28708759,1,C4
terminalblock,terminalblock::terminalblock_0068_NG_AK,terminalblock::terminalblock_0068_NG_AK,1,five_view_mean,0.31502160,0.28708759,1,C4
terminalblock,terminalblock::terminalblock_0068_NG_QS,terminalblock::terminalblock_0068_NG_QS,1,five_view_mean,0.33143640,0.28708759,1,C4
terminalblock,terminalblock::terminalblock_0068_NG_ZW,terminalblock::terminalblock_0068_NG_ZW,1,five_view_mean,0.33411452,0.28708759,1,C4
terminalblock,terminalblock::terminalblock_0069_NG_AK,terminalblock::terminalblock_0069_NG_AK,1,five_view_mean,0.34530070,0.28708759,1,C1
terminalblock,terminalblock::terminalblock_0069_NG_QS,terminalblock::terminalblock_0069_NG_QS,1,five_view_mean,0.35522258,0.28708759,1,C3
terminalblock,terminalblock::terminalblock_0069_NG_ZW,terminalblock::terminalblock_0069_NG_ZW,1,five_view_mean,0.37433600,0.28708759,1,C4
terminalblock,terminalblock::terminalblock_0070_NG_AK,terminalblock::terminalblock_0070_NG_AK,1,five_view_mean,0.28663230,0.28708759,0,C4
terminalblock,terminalblock::terminalblock_0070_NG_QS,terminalblock::terminalblock_0070_NG_QS,1,five_view_mean,0.35840368,0.28708759,1,C4
terminalblock,terminalblock::terminalblock_0070_NG_ZW,terminalblock::terminalblock_0070_NG_ZW,1,five_view_mean,0.35915169,0.28708759,1,C4
terminalblock,terminalblock::terminalblock_0070_OK,terminalblock::terminalblock_0070_OK,0,five_view_mean,0.25560451,0.28708759,0,C4
terminalblock,terminalblock::terminalblock_0071_NG_AK,terminalblock::terminalblock_0071_NG_AK,1,five_view_mean,0.32073027,0.28708759,1,C5
terminalblock,terminalblock::terminalblock_0071_NG_QS,terminalblock::terminalblock_0071_NG_QS,1,five_view_mean,0.35100102,0.28708759,1,C1
terminalblock,terminalblock::terminalblock_0071_NG_ZW,terminalblock::terminalblock_0071_NG_ZW,1,five_view_mean,0.36792266,0.28708759,1,C4
terminalblock,terminalblock::terminalblock_0072_NG_AK,terminalblock::terminalblock_0072_NG_AK,1,five_view_mean,0.35159674,0.28708759,1,C1
terminalblock,terminalblock::terminalblock_0072_NG_QS,terminalblock::terminalblock_0072_NG_QS,1,five_view_mean,0.31829962,0.28708759,1,C1
terminalblock,terminalblock::terminalblock_0072_NG_ZW,terminalblock::terminalblock_0072_NG_ZW,1,five_view_mean,0.34086978,0.28708759,1,C5
terminalblock,terminalblock::terminalblock_0073_NG_AK,terminalblock::terminalblock_0073_NG_AK,1,five_view_mean,0.39049345,0.28708759,1,C1
terminalblock,terminalblock::terminalblock_0073_NG_QS,terminalblock::terminalblock_0073_NG_QS,1,five_view_mean,0.32362837,0.28708759,1,C1
terminalblock,terminalblock::terminalblock_0073_NG_ZW,terminalblock::terminalblock_0073_NG_ZW,1,five_view_mean,0.36276945,0.28708759,1,C4
terminalblock,terminalblock::terminalblock_0073_OK,terminalblock::terminalblock_0073_OK,0,five_view_mean,0.25665674,0.28708759,0,C4
terminalblock,terminalblock::terminalblock_0074_NG_AK,terminalblock::terminalblock_0074_NG_AK,1,five_view_mean,0.35964736,0.28708759,1,C1
terminalblock,terminalblock::terminalblock_0074_NG_QS,terminalblock::terminalblock_0074_NG_QS,1,five_view_mean,0.36035103,0.28708759,1,C5
terminalblock,terminalblock::terminalblock_0074_NG_ZW,terminalblock::terminalblock_0074_NG_ZW,1,five_view_mean,0.32731962,0.28708759,1,C5
terminalblock,terminalblock::terminalblock_0074_OK,terminalblock::terminalblock_0074_OK,0,five_view_mean,0.25752753,0.28708759,0,C4
terminalblock,terminalblock::terminalblock_0075_NG_AK,terminalblock::terminalblock_0075_NG_AK,1,five_view_mean,0.30356628,0.28708759,1,C1
terminalblock,terminalblock::terminalblock_0075_NG_QS,terminalblock::terminalblock_0075_NG_QS,1,five_view_mean,0.33948800,0.28708759,1,C4
terminalblock,terminalblock::terminalblock_0075_NG_ZW,terminalblock::terminalblock_0075_NG_ZW,1,five_view_mean,0.33933616,0.28708759,1,C4
terminalblock,terminalblock::terminalblock_0075_OK,terminalblock::terminalblock_0075_OK,0,five_view_mean,0.27652705,0.28708759,0,C4
terminalblock,terminalblock::terminalblock_0076_NG_AK,terminalblock::terminalblock_0076_NG_AK,1,five_view_mean,0.30585286,0.28708759,1,C2
terminalblock,terminalblock::terminalblock_0076_NG_QS,terminalblock::terminalblock_0076_NG_QS,1,five_view_mean,0.42932692,0.28708759,1,C5
terminalblock,terminalblock::terminalblock_0076_NG_ZW,terminalblock::terminalblock_0076_NG_ZW,1,five_view_mean,0.31891999,0.28708759,1,C3
terminalblock,terminalblock::terminalblock_0077_NG_AK,terminalblock::terminalblock_0077_NG_AK,1,five_view_mean,0.35138714,0.28708759,1,C4
terminalblock,terminalblock::terminalblock_0077_NG_QS,terminalblock::terminalblock_0077_NG_QS,1,five_view_mean,0.33157998,0.28708759,1,C1
terminalblock,terminalblock::terminalblock_0077_NG_ZW,terminalblock::terminalblock_0077_NG_ZW,1,five_view_mean,0.33141893,0.28708759,1,C4
terminalblock,terminalblock::terminalblock_0078_NG_AK,terminalblock::terminalblock_0078_NG_AK,1,five_view_mean,0.36888552,0.28708759,1,C4
terminalblock,terminalblock::terminalblock_0078_NG_QS,terminalblock::terminalblock_0078_NG_QS,1,five_view_mean,0.33657473,0.28708759,1,C2
terminalblock,terminalblock::terminalblock_0078_NG_ZW,terminalblock::terminalblock_0078_NG_ZW,1,five_view_mean,0.33545902,0.28708759,1,C3
terminalblock,terminalblock::terminalblock_0079_NG_AK,terminalblock::terminalblock_0079_NG_AK,1,five_view_mean,0.34379986,0.28708759,1,C4
terminalblock,terminalblock::terminalblock_0079_NG_QS,terminalblock::terminalblock_0079_NG_QS,1,five_view_mean,0.43271154,0.28708759,1,C4
terminalblock,terminalblock::terminalblock_0079_NG_ZW,terminalblock::terminalblock_0079_NG_ZW,1,five_view_mean,0.31578660,0.28708759,1,C2
terminalblock,terminalblock::terminalblock_0080_NG_AK,terminalblock::terminalblock_0080_NG_AK,1,five_view_mean,0.31949502,0.28708759,1,C4
terminalblock,terminalblock::terminalblock_0080_NG_QS,terminalblock::terminalblock_0080_NG_QS,1,five_view_mean,0.34148616,0.28708759,1,C1
terminalblock,terminalblock::terminalblock_0080_NG_ZW,terminalblock::terminalblock_0080_NG_ZW,1,five_view_mean,0.36841339,0.28708759,1,C2
terminalblock,terminalblock::terminalblock_0081_NG_AK,terminalblock::terminalblock_0081_NG_AK,1,five_view_mean,0.35369581,0.28708759,1,C1
terminalblock,terminalblock::terminalblock_0081_NG_QS,terminalblock::terminalblock_0081_NG_QS,1,five_view_mean,0.37038171,0.28708759,1,C4
terminalblock,terminalblock::terminalblock_0081_NG_ZW,terminalblock::terminalblock_0081_NG_ZW,1,five_view_mean,0.35144776,0.28708759,1,C3
terminalblock,terminalblock::terminalblock_0081_OK,terminalblock::terminalblock_0081_OK,0,five_view_mean,0.28331342,0.28708759,0,C3
terminalblock,terminalblock::terminalblock_0082_NG_AK,terminalblock::terminalblock_0082_NG_AK,1,five_view_mean,0.37404045,0.28708759,1,C4
terminalblock,terminalblock::terminalblock_0082_NG_QS,terminalblock::terminalblock_0082_NG_QS,1,five_view_mean,0.37599406,0.28708759,1,C4
terminalblock,terminalblock::terminalblock_0082_NG_ZW,terminalblock::terminalblock_0082_NG_ZW,1,five_view_mean,0.35821503,0.28708759,1,C3
terminalblock,terminalblock::terminalblock_0083_NG_AK,terminalblock::terminalblock_0083_NG_AK,1,five_view_mean,0.31391725,0.28708759,1,C4
terminalblock,terminalblock::terminalblock_0083_NG_QS,terminalblock::terminalblock_0083_NG_QS,1,five_view_mean,0.33580178,0.28708759,1,C4
terminalblock,terminalblock::terminalblock_0083_NG_ZW,terminalblock::terminalblock_0083_NG_ZW,1,five_view_mean,0.36130479,0.28708759,1,C3
terminalblock,terminalblock::terminalblock_0083_OK,terminalblock::terminalblock_0083_OK,0,five_view_mean,0.26146671,0.28708759,0,C1
terminalblock,terminalblock::terminalblock_0084_NG_AK,terminalblock::terminalblock_0084_NG_AK,1,five_view_mean,0.31026071,0.28708759,1,C4
terminalblock,terminalblock::terminalblock_0084_NG_QS,terminalblock::terminalblock_0084_NG_QS,1,five_view_mean,0.33633256,0.28708759,1,C2
terminalblock,terminalblock::terminalblock_0084_NG_ZW,terminalblock::terminalblock_0084_NG_ZW,1,five_view_mean,0.41066998,0.28708759,1,C4
terminalblock,terminalblock::terminalblock_0085_NG_AK,terminalblock::terminalblock_0085_NG_AK,1,five_view_mean,0.36486149,0.28708759,1,C4
terminalblock,terminalblock::terminalblock_0085_NG_QS,terminalblock::terminalblock_0085_NG_QS,1,five_view_mean,0.32242328,0.28708759,1,C4
terminalblock,terminalblock::terminalblock_0085_NG_ZW,terminalblock::terminalblock_0085_NG_ZW,1,five_view_mean,0.33762807,0.28708759,1,C3
terminalblock,terminalblock::terminalblock_0086_NG_AK,terminalblock::terminalblock_0086_NG_AK,1,five_view_mean,0.31717026,0.28708759,1,C4
terminalblock,terminalblock::terminalblock_0086_NG_QS,terminalblock::terminalblock_0086_NG_QS,1,five_view_mean,0.37031704,0.28708759,1,C4
terminalblock,terminalblock::terminalblock_0086_NG_ZW,terminalblock::terminalblock_0086_NG_ZW,1,five_view_mean,0.33767486,0.28708759,1,C4
terminalblock,terminalblock::terminalblock_0086_OK,terminalblock::terminalblock_0086_OK,0,five_view_mean,0.26388806,0.28708759,0,C4
terminalblock,terminalblock::terminalblock_0087_NG_AK,terminalblock::terminalblock_0087_NG_AK,1,five_view_mean,0.30605608,0.28708759,1,C4
terminalblock,terminalblock::terminalblock_0087_NG_QS,terminalblock::terminalblock_0087_NG_QS,1,five_view_mean,0.31833935,0.28708759,1,C2
terminalblock,terminalblock::terminalblock_0087_NG_ZW,terminalblock::terminalblock_0087_NG_ZW,1,five_view_mean,0.38833252,0.28708759,1,C4
terminalblock,terminalblock::terminalblock_0088_NG_AK,terminalblock::terminalblock_0088_NG_AK,1,five_view_mean,0.31288195,0.28708759,1,C4
terminalblock,terminalblock::terminalblock_0088_NG_QS,terminalblock::terminalblock_0088_NG_QS,1,five_view_mean,0.30358356,0.28708759,1,C4
terminalblock,terminalblock::terminalblock_0088_NG_ZW,terminalblock::terminalblock_0088_NG_ZW,1,five_view_mean,0.33408460,0.28708759,1,C3
terminalblock,terminalblock::terminalblock_0088_OK,terminalblock::terminalblock_0088_OK,0,five_view_mean,0.26677442,0.28708759,0,C4
terminalblock,terminalblock::terminalblock_0089_NG_AK,terminalblock::terminalblock_0089_NG_AK,1,five_view_mean,0.32049432,0.28708759,1,C4
terminalblock,terminalblock::terminalblock_0089_NG_QS,terminalblock::terminalblock_0089_NG_QS,1,five_view_mean,0.38215902,0.28708759,1,C4
terminalblock,terminalblock::terminalblock_0089_NG_ZW,terminalblock::terminalblock_0089_NG_ZW,1,five_view_mean,0.32425791,0.28708759,1,C3
terminalblock,terminalblock::terminalblock_0090_NG_AK,terminalblock::terminalblock_0090_NG_AK,1,five_view_mean,0.31197363,0.28708759,1,C4
terminalblock,terminalblock::terminalblock_0090_NG_QS,terminalblock::terminalblock_0090_NG_QS,1,five_view_mean,0.32864571,0.28708759,1,C1
terminalblock,terminalblock::terminalblock_0090_NG_ZW,terminalblock::terminalblock_0090_NG_ZW,1,five_view_mean,0.37737638,0.28708759,1,C4
terminalblock,terminalblock::terminalblock_0091_NG_AK,terminalblock::terminalblock_0091_NG_AK,1,five_view_mean,0.33304676,0.28708759,1,C4
terminalblock,terminalblock::terminalblock_0091_NG_QS,terminalblock::terminalblock_0091_NG_QS,1,five_view_mean,0.43149623,0.28708759,1,C4
terminalblock,terminalblock::terminalblock_0091_NG_ZW,terminalblock::terminalblock_0091_NG_ZW,1,five_view_mean,0.32562926,0.28708759,1,C4
terminalblock,terminalblock::terminalblock_0092_NG_AK,terminalblock::terminalblock_0092_NG_AK,1,five_view_mean,0.30570918,0.28708759,1,C4
terminalblock,terminalblock::terminalblock_0092_NG_QS,terminalblock::terminalblock_0092_NG_QS,1,five_view_mean,0.33852771,0.28708759,1,C5
terminalblock,terminalblock::terminalblock_0092_NG_ZW,terminalblock::terminalblock_0092_NG_ZW,1,five_view_mean,0.32134026,0.28708759,1,C4
terminalblock,terminalblock::terminalblock_0093_NG_AK,terminalblock::terminalblock_0093_NG_AK,1,five_view_mean,0.33288294,0.28708759,1,C1
terminalblock,terminalblock::terminalblock_0093_NG_QS,terminalblock::terminalblock_0093_NG_QS,1,five_view_mean,0.37308496,0.28708759,1,C4
terminalblock,terminalblock::terminalblock_0093_NG_ZW,terminalblock::terminalblock_0093_NG_ZW,1,five_view_mean,0.37625211,0.28708759,1,C1
terminalblock,terminalblock::terminalblock_0093_OK,terminalblock::terminalblock_0093_OK,0,five_view_mean,0.25693470,0.28708759,0,C3
terminalblock,terminalblock::terminalblock_0094_NG_AK,terminalblock::terminalblock_0094_NG_AK,1,five_view_mean,0.30064422,0.28708759,1,C4
terminalblock,terminalblock::terminalblock_0094_NG_QS,terminalblock::terminalblock_0094_NG_QS,1,five_view_mean,0.34199804,0.28708759,1,C5
terminalblock,terminalblock::terminalblock_0094_NG_ZW,terminalblock::terminalblock_0094_NG_ZW,1,five_view_mean,0.41307363,0.28708759,1,C1
terminalblock,terminalblock::terminalblock_0095_NG_AK,terminalblock::terminalblock_0095_NG_AK,1,five_view_mean,0.28281838,0.28708759,0,C5
terminalblock,terminalblock::terminalblock_0095_NG_QS,terminalblock::terminalblock_0095_NG_QS,1,five_view_mean,0.33799177,0.28708759,1,C5
terminalblock,terminalblock::terminalblock_0095_NG_ZW,terminalblock::terminalblock_0095_NG_ZW,1,five_view_mean,0.34619603,0.28708759,1,C4
terminalblock,terminalblock::terminalblock_0095_OK,terminalblock::terminalblock_0095_OK,0,five_view_mean,0.26899645,0.28708759,0,C4
terminalblock,terminalblock::terminalblock_0096_NG_AK,terminalblock::terminalblock_0096_NG_AK,1,five_view_mean,0.30087879,0.28708759,1,C1
terminalblock,terminalblock::terminalblock_0096_NG_QS,terminalblock::terminalblock_0096_NG_QS,1,five_view_mean,0.34551343,0.28708759,1,C5
terminalblock,terminalblock::terminalblock_0096_NG_ZW,terminalblock::terminalblock_0096_NG_ZW,1,five_view_mean,0.32167214,0.28708759,1,C1
terminalblock,terminalblock::terminalblock_0096_OK,terminalblock::terminalblock_0096_OK,0,five_view_mean,0.27333623,0.28708759,0,C4
terminalblock,terminalblock::terminalblock_0097_NG_AK,terminalblock::terminalblock_0097_NG_AK,1,five_view_mean,0.34412712,0.28708759,1,C1
terminalblock,terminalblock::terminalblock_0097_NG_QS,terminalblock::terminalblock_0097_NG_QS,1,five_view_mean,0.35967156,0.28708759,1,C5
terminalblock,terminalblock::terminalblock_0097_NG_ZW,terminalblock::terminalblock_0097_NG_ZW,1,five_view_mean,0.38504225,0.28708759,1,C1
terminalblock,terminalblock::terminalblock_0098_NG_AK,terminalblock::terminalblock_0098_NG_AK,1,five_view_mean,0.28622514,0.28708759,0,C4
terminalblock,terminalblock::terminalblock_0098_NG_QS,terminalblock::terminalblock_0098_NG_QS,1,five_view_mean,0.32338095,0.28708759,1,C4
terminalblock,terminalblock::terminalblock_0098_NG_ZW,terminalblock::terminalblock_0098_NG_ZW,1,five_view_mean,0.31577811,0.28708759,1,C1
terminalblock,terminalblock::terminalblock_0099_NG_AK,terminalblock::terminalblock_0099_NG_AK,1,five_view_mean,0.27653071,0.28708759,0,C4
terminalblock,terminalblock::terminalblock_0099_NG_QS,terminalblock::terminalblock_0099_NG_QS,1,five_view_mean,0.30637106,0.28708759,1,C4
terminalblock,terminalblock::terminalblock_0099_NG_ZW,terminalblock::terminalblock_0099_NG_ZW,1,five_view_mean,0.33935136,0.28708759,1,C5
terminalblock,terminalblock::terminalblock_0099_OK,terminalblock::terminalblock_0099_OK,0,five_view_mean,0.28036439,0.28708759,0,C3
terminalblock,terminalblock::terminalblock_0100_NG_AK,terminalblock::terminalblock_0100_NG_AK,1,five_view_mean,0.29291213,0.28708759,1,C2
terminalblock,terminalblock::terminalblock_0100_NG_QS,terminalblock::terminalblock_0100_NG_QS,1,five_view_mean,0.31388876,0.28708759,1,C4
terminalblock,terminalblock::terminalblock_0100_NG_ZW,terminalblock::terminalblock_0100_NG_ZW,1,five_view_mean,0.40683681,0.28708759,1,C4
terminalblock,terminalblock::terminalblock_0100_OK,terminalblock::terminalblock_0100_OK,0,five_view_mean,0.27391842,0.28708759,0,C3
terminalblock,terminalblock::terminalblock_0101_NG_AK,terminalblock::terminalblock_0101_NG_AK,1,five_view_mean,0.31840509,0.28708759,1,C1
terminalblock,terminalblock::terminalblock_0101_NG_QS,terminalblock::terminalblock_0101_NG_QS,1,five_view_mean,0.36903110,0.28708759,1,C4
terminalblock,terminalblock::terminalblock_0101_NG_ZW,terminalblock::terminalblock_0101_NG_ZW,1,five_view_mean,0.43337002,0.28708759,1,C4
terminalblock,terminalblock::terminalblock_0102_NG_AK,terminalblock::terminalblock_0102_NG_AK,1,five_view_mean,0.30667230,0.28708759,1,C3
terminalblock,terminalblock::terminalblock_0102_NG_QS,terminalblock::terminalblock_0102_NG_QS,1,five_view_mean,0.33686000,0.28708759,1,C5
terminalblock,terminalblock::terminalblock_0102_NG_ZW,terminalblock::terminalblock_0102_NG_ZW,1,five_view_mean,0.40334019,0.28708759,1,C4
terminalblock,terminalblock::terminalblock_0102_OK,terminalblock::terminalblock_0102_OK,0,five_view_mean,0.27297989,0.28708759,0,C4
terminalblock,terminalblock::terminalblock_0103_NG_AK,terminalblock::terminalblock_0103_NG_AK,1,five_view_mean,0.29251769,0.28708759,1,C5
terminalblock,terminalblock::terminalblock_0103_NG_QS,terminalblock::terminalblock_0103_NG_QS,1,five_view_mean,0.35316181,0.28708759,1,C2
terminalblock,terminalblock::terminalblock_0103_NG_ZW,terminalblock::terminalblock_0103_NG_ZW,1,five_view_mean,0.37853885,0.28708759,1,C4
terminalblock,terminalblock::terminalblock_0103_OK,terminalblock::terminalblock_0103_OK,0,five_view_mean,0.26302296,0.28708759,0,C4
terminalblock,terminalblock::terminalblock_0104_NG_AK,terminalblock::terminalblock_0104_NG_AK,1,five_view_mean,0.30225745,0.28708759,1,C4
terminalblock,terminalblock::terminalblock_0104_NG_QS,terminalblock::terminalblock_0104_NG_QS,1,five_view_mean,0.33186251,0.28708759,1,C4
terminalblock,terminalblock::terminalblock_0104_NG_ZW,terminalblock::terminalblock_0104_NG_ZW,1,five_view_mean,0.40307680,0.28708759,1,C4
terminalblock,terminalblock::terminalblock_0105_NG_AK,terminalblock::terminalblock_0105_NG_AK,1,five_view_mean,0.31125140,0.28708759,1,C4
terminalblock,terminalblock::terminalblock_0105_NG_QS,terminalblock::terminalblock_0105_NG_QS,1,five_view_mean,0.34496945,0.28708759,1,C4
terminalblock,terminalblock::terminalblock_0105_NG_ZW,terminalblock::terminalblock_0105_NG_ZW,1,five_view_mean,0.35297045,0.28708759,1,C4
terminalblock,terminalblock::terminalblock_0105_OK,terminalblock::terminalblock_0105_OK,0,five_view_mean,0.26227584,0.28708759,0,C1
terminalblock,terminalblock::terminalblock_0106_NG_AK,terminalblock::terminalblock_0106_NG_AK,1,five_view_mean,0.33616745,0.28708759,1,C1
terminalblock,terminalblock::terminalblock_0106_NG_QS,terminalblock::terminalblock_0106_NG_QS,1,five_view_mean,0.45432490,0.28708759,1,C4
terminalblock,terminalblock::terminalblock_0106_NG_ZW,terminalblock::terminalblock_0106_NG_ZW,1,five_view_mean,0.40602493,0.28708759,1,C4
terminalblock,terminalblock::terminalblock_0106_OK,terminalblock::terminalblock_0106_OK,0,five_view_mean,0.26221693,0.28708759,0,C2
terminalblock,terminalblock::terminalblock_0107_NG_AK,terminalblock::terminalblock_0107_NG_AK,1,five_view_mean,0.28712118,0.28708759,1,C5
terminalblock,terminalblock::terminalblock_0107_NG_QS,terminalblock::terminalblock_0107_NG_QS,1,five_view_mean,0.44522062,0.28708759,1,C4
terminalblock,terminalblock::terminalblock_0107_NG_ZW,terminalblock::terminalblock_0107_NG_ZW,1,five_view_mean,0.35697687,0.28708759,1,C4
terminalblock,terminalblock::terminalblock_0107_OK,terminalblock::terminalblock_0107_OK,0,five_view_mean,0.26554090,0.28708759,0,C1
terminalblock,terminalblock::terminalblock_0108_NG_AK,terminalblock::terminalblock_0108_NG_AK,1,five_view_mean,0.31265953,0.28708759,1,C1
terminalblock,terminalblock::terminalblock_0108_NG_QS,terminalblock::terminalblock_0108_NG_QS,1,five_view_mean,0.38716096,0.28708759,1,C4
terminalblock,terminalblock::terminalblock_0108_NG_ZW,terminalblock::terminalblock_0108_NG_ZW,1,five_view_mean,0.34159118,0.28708759,1,C4
terminalblock,terminalblock::terminalblock_0108_OK,terminalblock::terminalblock_0108_OK,0,five_view_mean,0.26343459,0.28708759,0,C1
terminalblock,terminalblock::terminalblock_0109_NG_AK,terminalblock::terminalblock_0109_NG_AK,1,five_view_mean,0.31615183,0.28708759,1,C1
terminalblock,terminalblock::terminalblock_0109_NG_QS,terminalblock::terminalblock_0109_NG_QS,1,five_view_mean,0.38230604,0.28708759,1,C4
terminalblock,terminalblock::terminalblock_0109_NG_ZW,terminalblock::terminalblock_0109_NG_ZW,1,five_view_mean,0.36530286,0.28708759,1,C4
terminalblock,terminalblock::terminalblock_0110_NG_AK,terminalblock::terminalblock_0110_NG_AK,1,five_view_mean,0.30586460,0.28708759,1,C1
terminalblock,terminalblock::terminalblock_0110_NG_QS,terminalblock::terminalblock_0110_NG_QS,1,five_view_mean,0.34857193,0.28708759,1,C4
terminalblock,terminalblock::terminalblock_0110_NG_ZW,terminalblock::terminalblock_0110_NG_ZW,1,five_view_mean,0.34021348,0.28708759,1,C4
terminalblock,terminalblock::terminalblock_0110_OK,terminalblock::terminalblock_0110_OK,0,five_view_mean,0.24772029,0.28708759,0,C1
terminalblock,terminalblock::terminalblock_0111_NG_AK,terminalblock::terminalblock_0111_NG_AK,1,five_view_mean,0.28645033,0.28708759,0,C4
terminalblock,terminalblock::terminalblock_0111_NG_QS,terminalblock::terminalblock_0111_NG_QS,1,five_view_mean,0.30917555,0.28708759,1,C4
terminalblock,terminalblock::terminalblock_0111_NG_ZW,terminalblock::terminalblock_0111_NG_ZW,1,five_view_mean,0.38360706,0.28708759,1,C3
terminalblock,terminalblock::terminalblock_0111_OK,terminalblock::terminalblock_0111_OK,0,five_view_mean,0.25663427,0.28708759,0,C5
terminalblock,terminalblock::terminalblock_0112_NG_AK,terminalblock::terminalblock_0112_NG_AK,1,five_view_mean,0.35736078,0.28708759,1,C1
terminalblock,terminalblock::terminalblock_0112_NG_QS,terminalblock::terminalblock_0112_NG_QS,1,five_view_mean,0.34432244,0.28708759,1,C5
terminalblock,terminalblock::terminalblock_0112_NG_ZW,terminalblock::terminalblock_0112_NG_ZW,1,five_view_mean,0.34098592,0.28708759,1,C5
terminalblock,terminalblock::terminalblock_0113_NG_AK,terminalblock::terminalblock_0113_NG_AK,1,five_view_mean,0.33125645,0.28708759,1,C1
terminalblock,terminalblock::terminalblock_0113_NG_QS,terminalblock::terminalblock_0113_NG_QS,1,five_view_mean,0.32396647,0.28708759,1,C4
terminalblock,terminalblock::terminalblock_0113_NG_ZW,terminalblock::terminalblock_0113_NG_ZW,1,five_view_mean,0.45885128,0.28708759,1,C4
terminalblock,terminalblock::terminalblock_0113_OK,terminalblock::terminalblock_0113_OK,0,five_view_mean,0.26880181,0.28708759,0,C1
terminalblock,terminalblock::terminalblock_0114_NG_AK,terminalblock::terminalblock_0114_NG_AK,1,five_view_mean,0.29201788,0.28708759,1,C4
terminalblock,terminalblock::terminalblock_0114_NG_QS,terminalblock::terminalblock_0114_NG_QS,1,five_view_mean,0.36866888,0.28708759,1,C4
terminalblock,terminalblock::terminalblock_0114_NG_ZW,terminalblock::terminalblock_0114_NG_ZW,1,five_view_mean,0.35051495,0.28708759,1,C4
terminalblock,terminalblock::terminalblock_0114_OK,terminalblock::terminalblock_0114_OK,0,five_view_mean,0.26287588,0.28708759,0,C2
terminalblock,terminalblock::terminalblock_0115_NG_AK,terminalblock::terminalblock_0115_NG_AK,1,five_view_mean,0.30861360,0.28708759,1,C1
terminalblock,terminalblock::terminalblock_0115_NG_QS,terminalblock::terminalblock_0115_NG_QS,1,five_view_mean,0.32305917,0.28708759,1,C4
terminalblock,terminalblock::terminalblock_0115_NG_ZW,terminalblock::terminalblock_0115_NG_ZW,1,five_view_mean,0.48033819,0.28708759,1,C4
terminalblock,terminalblock::terminalblock_0116_NG_AK,terminalblock::terminalblock_0116_NG_AK,1,five_view_mean,0.31312120,0.28708759,1,C4
terminalblock,terminalblock::terminalblock_0116_NG_QS,terminalblock::terminalblock_0116_NG_QS,1,five_view_mean,0.34474534,0.28708759,1,C1
terminalblock,terminalblock::terminalblock_0116_NG_ZW,terminalblock::terminalblock_0116_NG_ZW,1,five_view_mean,0.34054753,0.28708759,1,C4
terminalblock,terminalblock::terminalblock_0117_NG_AK,terminalblock::terminalblock_0117_NG_AK,1,five_view_mean,0.36761561,0.28708759,1,C4
terminalblock,terminalblock::terminalblock_0117_NG_QS,terminalblock::terminalblock_0117_NG_QS,1,five_view_mean,0.37427610,0.28708759,1,C1
terminalblock,terminalblock::terminalblock_0117_NG_ZW,terminalblock::terminalblock_0117_NG_ZW,1,five_view_mean,0.38295561,0.28708759,1,C1
terminalblock,terminalblock::terminalblock_0118_NG_AK,terminalblock::terminalblock_0118_NG_AK,1,five_view_mean,0.33871117,0.28708759,1,C4
terminalblock,terminalblock::terminalblock_0118_NG_QS,terminalblock::terminalblock_0118_NG_QS,1,five_view_mean,0.32629222,0.28708759,1,C5
terminalblock,terminalblock::terminalblock_0118_NG_ZW,terminalblock::terminalblock_0118_NG_ZW,1,five_view_mean,0.33643705,0.28708759,1,C1
terminalblock,terminalblock::terminalblock_0118_OK,terminalblock::terminalblock_0118_OK,0,five_view_mean,0.26538253,0.28708759,0,C3
terminalblock,terminalblock::terminalblock_0119_NG_AK,terminalblock::terminalblock_0119_NG_AK,1,five_view_mean,0.29245052,0.28708759,1,C1
terminalblock,terminalblock::terminalblock_0119_NG_QS,terminalblock::terminalblock_0119_NG_QS,1,five_view_mean,0.34939724,0.28708759,1,C2
terminalblock,terminalblock::terminalblock_0119_NG_ZW,terminalblock::terminalblock_0119_NG_ZW,1,five_view_mean,0.34402925,0.28708759,1,C5
terminalblock,terminalblock::terminalblock_0119_OK,terminalblock::terminalblock_0119_OK,0,five_view_mean,0.25470978,0.28708759,0,C3
terminalblock,terminalblock::terminalblock_0120_NG_AK,terminalblock::terminalblock_0120_NG_AK,1,five_view_mean,0.29560414,0.28708759,1,C4
terminalblock,terminalblock::terminalblock_0120_NG_QS,terminalblock::terminalblock_0120_NG_QS,1,five_view_mean,0.34701577,0.28708759,1,C4
terminalblock,terminalblock::terminalblock_0120_NG_ZW,terminalblock::terminalblock_0120_NG_ZW,1,five_view_mean,0.32981810,0.28708759,1,C5
terminalblock,terminalblock::terminalblock_0120_OK,terminalblock::terminalblock_0120_OK,0,five_view_mean,0.26078671,0.28708759,0,C4
terminalblock,terminalblock::terminalblock_0121_NG_AK,terminalblock::terminalblock_0121_NG_AK,1,five_view_mean,0.31341496,0.28708759,1,C4
terminalblock,terminalblock::terminalblock_0121_NG_QS,terminalblock::terminalblock_0121_NG_QS,1,five_view_mean,0.40996495,0.28708759,1,C4
terminalblock,terminalblock::terminalblock_0121_NG_ZW,terminalblock::terminalblock_0121_NG_ZW,1,five_view_mean,0.31971022,0.28708759,1,C4
terminalblock,terminalblock::terminalblock_0122_NG_AK,terminalblock::terminalblock_0122_NG_AK,1,five_view_mean,0.27736855,0.28708759,0,C4
terminalblock,terminalblock::terminalblock_0122_NG_QS,terminalblock::terminalblock_0122_NG_QS,1,five_view_mean,0.33746821,0.28708759,1,C4
terminalblock,terminalblock::terminalblock_0122_NG_ZW,terminalblock::terminalblock_0122_NG_ZW,1,five_view_mean,0.35809094,0.28708759,1,C5
terminalblock,terminalblock::terminalblock_0123_NG_AK,terminalblock::terminalblock_0123_NG_AK,1,five_view_mean,0.33482236,0.28708759,1,C1
terminalblock,terminalblock::terminalblock_0123_NG_QS,terminalblock::terminalblock_0123_NG_QS,1,five_view_mean,0.36982870,0.28708759,1,C1
terminalblock,terminalblock::terminalblock_0123_NG_ZW,terminalblock::terminalblock_0123_NG_ZW,1,five_view_mean,0.32793868,0.28708759,1,C5
terminalblock,terminalblock::terminalblock_0123_OK,terminalblock::terminalblock_0123_OK,0,five_view_mean,0.26837739,0.28708759,0,C3
terminalblock,terminalblock::terminalblock_0124_NG_AK,terminalblock::terminalblock_0124_NG_AK,1,five_view_mean,0.30664748,0.28708759,1,C4
terminalblock,terminalblock::terminalblock_0124_NG_QS,terminalblock::terminalblock_0124_NG_QS,1,five_view_mean,0.32843286,0.28708759,1,C4
terminalblock,terminalblock::terminalblock_0124_NG_ZW,terminalblock::terminalblock_0124_NG_ZW,1,five_view_mean,0.45070514,0.28708759,1,C4
terminalblock,terminalblock::terminalblock_0125_NG_AK,terminalblock::terminalblock_0125_NG_AK,1,five_view_mean,0.33024648,0.28708759,1,C4
terminalblock,terminalblock::terminalblock_0125_NG_QS,terminalblock::terminalblock_0125_NG_QS,1,five_view_mean,0.37975580,0.28708759,1,C4
terminalblock,terminalblock::terminalblock_0125_NG_ZW,terminalblock::terminalblock_0125_NG_ZW,1,five_view_mean,0.43339366,0.28708759,1,C4
terminalblock,terminalblock::terminalblock_0125_OK,terminalblock::terminalblock_0125_OK,0,five_view_mean,0.25999627,0.28708759,0,C5
terminalblock,terminalblock::terminalblock_0126_NG_AK,terminalblock::terminalblock_0126_NG_AK,1,five_view_mean,0.35188892,0.28708759,1,C1
terminalblock,terminalblock::terminalblock_0126_NG_QS,terminalblock::terminalblock_0126_NG_QS,1,five_view_mean,0.33916551,0.28708759,1,C3
terminalblock,terminalblock::terminalblock_0126_NG_ZW,terminalblock::terminalblock_0126_NG_ZW,1,five_view_mean,0.44176278,0.28708759,1,C4
terminalblock,terminalblock::terminalblock_0126_OK,terminalblock::terminalblock_0126_OK,0,five_view_mean,0.26427248,0.28708759,0,C5
terminalblock,terminalblock::terminalblock_0127_NG_AK,terminalblock::terminalblock_0127_NG_AK,1,five_view_mean,0.32557994,0.28708759,1,C4
terminalblock,terminalblock::terminalblock_0127_NG_QS,terminalblock::terminalblock_0127_NG_QS,1,five_view_mean,0.33170995,0.28708759,1,C5
terminalblock,terminalblock::terminalblock_0127_NG_ZW,terminalblock::terminalblock_0127_NG_ZW,1,five_view_mean,0.31429917,0.28708759,1,C5
terminalblock,terminalblock::terminalblock_0127_OK,terminalblock::terminalblock_0127_OK,0,five_view_mean,0.25963220,0.28708759,0,C4
terminalblock,terminalblock::terminalblock_0128_NG_AK,terminalblock::terminalblock_0128_NG_AK,1,five_view_mean,0.33328971,0.28708759,1,C4
terminalblock,terminalblock::terminalblock_0128_NG_QS,terminalblock::terminalblock_0128_NG_QS,1,five_view_mean,0.34439465,0.28708759,1,C4
terminalblock,terminalblock::terminalblock_0128_NG_ZW,terminalblock::terminalblock_0128_NG_ZW,1,five_view_mean,0.31914681,0.28708759,1,C5
terminalblock,terminalblock::terminalblock_0129_NG_AK,terminalblock::terminalblock_0129_NG_AK,1,five_view_mean,0.34657705,0.28708759,1,C4
terminalblock,terminalblock::terminalblock_0129_NG_QS,terminalblock::terminalblock_0129_NG_QS,1,five_view_mean,0.35328206,0.28708759,1,C2
terminalblock,terminalblock::terminalblock_0129_NG_ZW,terminalblock::terminalblock_0129_NG_ZW,1,five_view_mean,0.31775543,0.28708759,1,C4
terminalblock,terminalblock::terminalblock_0130_NG_AK,terminalblock::terminalblock_0130_NG_AK,1,five_view_mean,0.32241714,0.28708759,1,C4
terminalblock,terminalblock::terminalblock_0130_NG_QS,terminalblock::terminalblock_0130_NG_QS,1,five_view_mean,0.37391073,0.28708759,1,C2
terminalblock,terminalblock::terminalblock_0130_NG_ZW,terminalblock::terminalblock_0130_NG_ZW,1,five_view_mean,0.30814093,0.28708759,1,C5
terminalblock,terminalblock::terminalblock_0130_OK,terminalblock::terminalblock_0130_OK,0,five_view_mean,0.27436092,0.28708759,0,C4
terminalblock,terminalblock::terminalblock_0131_NG_AK,terminalblock::terminalblock_0131_NG_AK,1,five_view_mean,0.36290425,0.28708759,1,C1
terminalblock,terminalblock::terminalblock_0131_NG_QS,terminalblock::terminalblock_0131_NG_QS,1,five_view_mean,0.43925652,0.28708759,1,C4
terminalblock,terminalblock::terminalblock_0131_NG_ZW,terminalblock::terminalblock_0131_NG_ZW,1,five_view_mean,0.35480016,0.28708759,1,C1
terminalblock,terminalblock::terminalblock_0131_OK,terminalblock::terminalblock_0131_OK,0,five_view_mean,0.25010383,0.28708759,0,C4
terminalblock,terminalblock::terminalblock_0132_NG_AK,terminalblock::terminalblock_0132_NG_AK,1,five_view_mean,0.28609657,0.28708759,0,C4
terminalblock,terminalblock::terminalblock_0132_NG_QS,terminalblock::terminalblock_0132_NG_QS,1,five_view_mean,0.32652834,0.28708759,1,C2
terminalblock,terminalblock::terminalblock_0132_NG_ZW,terminalblock::terminalblock_0132_NG_ZW,1,five_view_mean,0.32902250,0.28708759,1,C4
terminalblock,terminalblock::terminalblock_0133_NG_AK,terminalblock::terminalblock_0133_NG_AK,1,five_view_mean,0.43996429,0.28708759,1,C1
terminalblock,terminalblock::terminalblock_0133_NG_QS,terminalblock::terminalblock_0133_NG_QS,1,five_view_mean,0.34697276,0.28708759,1,C4
terminalblock,terminalblock::terminalblock_0133_NG_ZW,terminalblock::terminalblock_0133_NG_ZW,1,five_view_mean,0.35091984,0.28708759,1,C4
terminalblock,terminalblock::terminalblock_0134_NG_AK,terminalblock::terminalblock_0134_NG_AK,1,five_view_mean,0.35889429,0.28708759,1,C4
terminalblock,terminalblock::terminalblock_0134_NG_QS,terminalblock::terminalblock_0134_NG_QS,1,five_view_mean,0.36005813,0.28708759,1,C1
terminalblock,terminalblock::terminalblock_0134_NG_ZW,terminalblock::terminalblock_0134_NG_ZW,1,five_view_mean,0.34464306,0.28708759,1,C5
terminalblock,terminalblock::terminalblock_0134_OK,terminalblock::terminalblock_0134_OK,0,five_view_mean,0.25264081,0.28708759,0,C3
terminalblock,terminalblock::terminalblock_0135_NG_AK,terminalblock::terminalblock_0135_NG_AK,1,five_view_mean,0.32330051,0.28708759,1,C1
terminalblock,terminalblock::terminalblock_0135_NG_QS,terminalblock::terminalblock_0135_NG_QS,1,five_view_mean,0.31812304,0.28708759,1,C1
terminalblock,terminalblock::terminalblock_0135_NG_ZW,terminalblock::terminalblock_0135_NG_ZW,1,five_view_mean,0.32212904,0.28708759,1,C5
terminalblock,terminalblock::terminalblock_0135_OK,terminalblock::terminalblock_0135_OK,0,five_view_mean,0.25143752,0.28708759,0,C4
terminalblock,terminalblock::terminalblock_0136_NG_AK,terminalblock::terminalblock_0136_NG_AK,1,five_view_mean,0.30792546,0.28708759,1,C1
terminalblock,terminalblock::terminalblock_0136_NG_QS,terminalblock::terminalblock_0136_NG_QS,1,five_view_mean,0.35807452,0.28708759,1,C4
terminalblock,terminalblock::terminalblock_0136_NG_ZW,terminalblock::terminalblock_0136_NG_ZW,1,five_view_mean,0.32283482,0.28708759,1,C5
terminalblock,terminalblock::terminalblock_0136_OK,terminalblock::terminalblock_0136_OK,0,five_view_mean,0.26727653,0.28708759,0,C4
terminalblock,terminalblock::terminalblock_0137_NG_AK,terminalblock::terminalblock_0137_NG_AK,1,five_view_mean,0.31210846,0.28708759,1,C1
terminalblock,terminalblock::terminalblock_0137_NG_QS,terminalblock::terminalblock_0137_NG_QS,1,five_view_mean,0.43876734,0.28708759,1,C4
terminalblock,terminalblock::terminalblock_0137_NG_ZW,terminalblock::terminalblock_0137_NG_ZW,1,five_view_mean,0.33551422,0.28708759,1,C4
terminalblock,terminalblock::terminalblock_0137_OK,terminalblock::terminalblock_0137_OK,0,five_view_mean,0.25788817,0.28708759,0,C5
terminalblock,terminalblock::terminalblock_0138_NG_AK,terminalblock::terminalblock_0138_NG_AK,1,five_view_mean,0.29910651,0.28708759,1,C4
terminalblock,terminalblock::terminalblock_0138_NG_QS,terminalblock::terminalblock_0138_NG_QS,1,five_view_mean,0.31638697,0.28708759,1,C5
terminalblock,terminalblock::terminalblock_0138_NG_ZW,terminalblock::terminalblock_0138_NG_ZW,1,five_view_mean,0.35216862,0.28708759,1,C5
terminalblock,terminalblock::terminalblock_0138_OK,terminalblock::terminalblock_0138_OK,0,five_view_mean,0.25624782,0.28708759,0,C2
terminalblock,terminalblock::terminalblock_0139_NG_AK,terminalblock::terminalblock_0139_NG_AK,1,five_view_mean,0.37227249,0.28708759,1,C4
terminalblock,terminalblock::terminalblock_0139_NG_QS,terminalblock::terminalblock_0139_NG_QS,1,five_view_mean,0.45822439,0.28708759,1,C4
terminalblock,terminalblock::terminalblock_0139_NG_ZW,terminalblock::terminalblock_0139_NG_ZW,1,five_view_mean,0.33208647,0.28708759,1,C4
terminalblock,terminalblock::terminalblock_0139_OK,terminalblock::terminalblock_0139_OK,0,five_view_mean,0.25608307,0.28708759,0,C3
terminalblock,terminalblock::terminalblock_0140_NG_AK,terminalblock::terminalblock_0140_NG_AK,1,five_view_mean,0.28961420,0.28708759,1,C4
terminalblock,terminalblock::terminalblock_0140_NG_QS,terminalblock::terminalblock_0140_NG_QS,1,five_view_mean,0.31038648,0.28708759,1,C4
terminalblock,terminalblock::terminalblock_0140_NG_ZW,terminalblock::terminalblock_0140_NG_ZW,1,five_view_mean,0.32219458,0.28708759,1,C4
terminalblock,terminalblock::terminalblock_0141_NG_AK,terminalblock::terminalblock_0141_NG_AK,1,five_view_mean,0.34405780,0.28708759,1,C1
terminalblock,terminalblock::terminalblock_0141_NG_QS,terminalblock::terminalblock_0141_NG_QS,1,five_view_mean,0.40027079,0.28708759,1,C5
terminalblock,terminalblock::terminalblock_0141_NG_ZW,terminalblock::terminalblock_0141_NG_ZW,1,five_view_mean,0.33358330,0.28708759,1,C4
terminalblock,terminalblock::terminalblock_0142_NG_AK,terminalblock::terminalblock_0142_NG_AK,1,five_view_mean,0.33488154,0.28708759,1,C1
terminalblock,terminalblock::terminalblock_0142_NG_QS,terminalblock::terminalblock_0142_NG_QS,1,five_view_mean,0.38323644,0.28708759,1,C1
terminalblock,terminalblock::terminalblock_0142_NG_ZW,terminalblock::terminalblock_0142_NG_ZW,1,five_view_mean,0.31983548,0.28708759,1,C4
terminalblock,terminalblock::terminalblock_0142_OK,terminalblock::terminalblock_0142_OK,0,five_view_mean,0.26036274,0.28708759,0,C4
terminalblock,terminalblock::terminalblock_0143_NG_AK,terminalblock::terminalblock_0143_NG_AK,1,five_view_mean,0.28670359,0.28708759,0,C4
terminalblock,terminalblock::terminalblock_0143_NG_QS,terminalblock::terminalblock_0143_NG_QS,1,five_view_mean,0.31840757,0.28708759,1,C5
terminalblock,terminalblock::terminalblock_0143_NG_ZW,terminalblock::terminalblock_0143_NG_ZW,1,five_view_mean,0.32380772,0.28708759,1,C4
terminalblock,terminalblock::terminalblock_0144_NG_AK,terminalblock::terminalblock_0144_NG_AK,1,five_view_mean,0.29247388,0.28708759,1,C4
terminalblock,terminalblock::terminalblock_0144_NG_QS,terminalblock::terminalblock_0144_NG_QS,1,five_view_mean,0.33952400,0.28708759,1,C1
terminalblock,terminalblock::terminalblock_0144_NG_ZW,terminalblock::terminalblock_0144_NG_ZW,1,five_view_mean,0.30746996,0.28708759,1,C5
terminalblock,terminalblock::terminalblock_0144_OK,terminalblock::terminalblock_0144_OK,0,five_view_mean,0.25532791,0.28708759,0,C4
terminalblock,terminalblock::terminalblock_0145_NG_AK,terminalblock::terminalblock_0145_NG_AK,1,five_view_mean,0.33904359,0.28708759,1,C1
terminalblock,terminalblock::terminalblock_0145_NG_QS,terminalblock::terminalblock_0145_NG_QS,1,five_view_mean,0.39206943,0.28708759,1,C3
terminalblock,terminalblock::terminalblock_0145_NG_ZW,terminalblock::terminalblock_0145_NG_ZW,1,five_view_mean,0.40351576,0.28708759,1,C2
terminalblock,terminalblock::terminalblock_0145_OK,terminalblock::terminalblock_0145_OK,0,five_view_mean,0.26833528,0.28708759,0,C3
terminalblock,terminalblock::terminalblock_0146_NG_AK,terminalblock::terminalblock_0146_NG_AK,1,five_view_mean,0.31721246,0.28708759,1,C1
terminalblock,terminalblock::terminalblock_0146_NG_QS,terminalblock::terminalblock_0146_NG_QS,1,five_view_mean,0.34040558,0.28708759,1,C3
terminalblock,terminalblock::terminalblock_0146_NG_ZW,terminalblock::terminalblock_0146_NG_ZW,1,five_view_mean,0.43746060,0.28708759,1,C4
terminalblock,terminalblock::terminalblock_0146_OK,terminalblock::terminalblock_0146_OK,0,five_view_mean,0.26983246,0.28708759,0,C5
terminalblock,terminalblock::terminalblock_0147_NG_AK,terminalblock::terminalblock_0147_NG_AK,1,five_view_mean,0.30513489,0.28708759,1,C4
terminalblock,terminalblock::terminalblock_0147_NG_QS,terminalblock::terminalblock_0147_NG_QS,1,five_view_mean,0.31723028,0.28708759,1,C5
terminalblock,terminalblock::terminalblock_0147_NG_ZW,terminalblock::terminalblock_0147_NG_ZW,1,five_view_mean,0.48122257,0.28708759,1,C4
terminalblock,terminalblock::terminalblock_0147_OK,terminalblock::terminalblock_0147_OK,0,five_view_mean,0.27205268,0.28708759,0,C4
terminalblock,terminalblock::terminalblock_0148_NG_AK,terminalblock::terminalblock_0148_NG_AK,1,five_view_mean,0.29812294,0.28708759,1,C4
terminalblock,terminalblock::terminalblock_0148_NG_QS,terminalblock::terminalblock_0148_NG_QS,1,five_view_mean,0.38155895,0.28708759,1,C1
terminalblock,terminalblock::terminalblock_0148_NG_ZW,terminalblock::terminalblock_0148_NG_ZW,1,five_view_mean,0.33509034,0.28708759,1,C2
terminalblock,terminalblock::terminalblock_0149_NG_AK,terminalblock::terminalblock_0149_NG_AK,1,five_view_mean,0.30170268,0.28708759,1,C1
terminalblock,terminalblock::terminalblock_0149_NG_QS,terminalblock::terminalblock_0149_NG_QS,1,five_view_mean,0.43843278,0.28708759,1,C4
terminalblock,terminalblock::terminalblock_0149_NG_ZW,terminalblock::terminalblock_0149_NG_ZW,1,five_view_mean,0.33997494,0.28708759,1,C2
terminalblock,terminalblock::terminalblock_0150_NG_AK,terminalblock::terminalblock_0150_NG_AK,1,five_view_mean,0.32178488,0.28708759,1,C2
terminalblock,terminalblock::terminalblock_0150_NG_QS,terminalblock::terminalblock_0150_NG_QS,1,five_view_mean,0.46624008,0.28708759,1,C5
terminalblock,terminalblock::terminalblock_0150_NG_ZW,terminalblock::terminalblock_0150_NG_ZW,1,five_view_mean,0.40123469,0.28708759,1,C1
terminalblock,terminalblock::terminalblock_0151_NG_AK,terminalblock::terminalblock_0151_NG_AK,1,five_view_mean,0.32008034,0.28708759,1,C4
terminalblock,terminalblock::terminalblock_0151_NG_QS,terminalblock::terminalblock_0151_NG_QS,1,five_view_mean,0.35853168,0.28708759,1,C4
terminalblock,terminalblock::terminalblock_0151_NG_ZW,terminalblock::terminalblock_0151_NG_ZW,1,five_view_mean,0.32382327,0.28708759,1,C2
terminalblock,terminalblock::terminalblock_0152_NG_AK,terminalblock::terminalblock_0152_NG_AK,1,five_view_mean,0.29099292,0.28708759,1,C2
terminalblock,terminalblock::terminalblock_0152_NG_QS,terminalblock::terminalblock_0152_NG_QS,1,five_view_mean,0.34903982,0.28708759,1,C4
terminalblock,terminalblock::terminalblock_0152_NG_ZW,terminalblock::terminalblock_0152_NG_ZW,1,five_view_mean,0.33487982,0.28708759,1,C1
terminalblock,terminalblock::terminalblock_0152_OK,terminalblock::terminalblock_0152_OK,0,five_view_mean,0.26534033,0.28708759,0,C4
terminalblock,terminalblock::terminalblock_0153_NG_AK,terminalblock::terminalblock_0153_NG_AK,1,five_view_mean,0.30439776,0.28708759,1,C4
terminalblock,terminalblock::terminalblock_0153_NG_QS,terminalblock::terminalblock_0153_NG_QS,1,five_view_mean,0.33945146,0.28708759,1,C4
terminalblock,terminalblock::terminalblock_0153_NG_ZW,terminalblock::terminalblock_0153_NG_ZW,1,five_view_mean,0.30765849,0.28708759,1,C4
terminalblock,terminalblock::terminalblock_0153_OK,terminalblock::terminalblock_0153_OK,0,five_view_mean,0.26668787,0.28708759,0,C5
terminalblock,terminalblock::terminalblock_0154_NG_AK,terminalblock::terminalblock_0154_NG_AK,1,five_view_mean,0.36352798,0.28708759,1,C1
terminalblock,terminalblock::terminalblock_0154_NG_QS,terminalblock::terminalblock_0154_NG_QS,1,five_view_mean,0.35579494,0.28708759,1,C1
terminalblock,terminalblock::terminalblock_0154_NG_ZW,terminalblock::terminalblock_0154_NG_ZW,1,five_view_mean,0.30663070,0.28708759,1,C4
terminalblock,terminalblock::terminalblock_0154_OK,terminalblock::terminalblock_0154_OK,0,five_view_mean,0.25678200,0.28708759,0,C4
terminalblock,terminalblock::terminalblock_0155_NG_AK,terminalblock::terminalblock_0155_NG_AK,1,five_view_mean,0.30328491,0.28708759,1,C4
terminalblock,terminalblock::terminalblock_0155_NG_QS,terminalblock::terminalblock_0155_NG_QS,1,five_view_mean,0.31988731,0.28708759,1,C4
terminalblock,terminalblock::terminalblock_0155_NG_ZW,terminalblock::terminalblock_0155_NG_ZW,1,five_view_mean,0.31724629,0.28708759,1,C5
terminalblock,terminalblock::terminalblock_0156_NG_AK,terminalblock::terminalblock_0156_NG_AK,1,five_view_mean,0.29927108,0.28708759,1,C4
terminalblock,terminalblock::terminalblock_0156_NG_QS,terminalblock::terminalblock_0156_NG_QS,1,five_view_mean,0.33050904,0.28708759,1,C4
terminalblock,terminalblock::terminalblock_0156_NG_ZW,terminalblock::terminalblock_0156_NG_ZW,1,five_view_mean,0.31864759,0.28708759,1,C4
terminalblock,terminalblock::terminalblock_0157_NG_AK,terminalblock::terminalblock_0157_NG_AK,1,five_view_mean,0.31326947,0.28708759,1,C2
terminalblock,terminalblock::terminalblock_0157_NG_QS,terminalblock::terminalblock_0157_NG_QS,1,five_view_mean,0.34220660,0.28708759,1,C1
terminalblock,terminalblock::terminalblock_0157_NG_ZW,terminalblock::terminalblock_0157_NG_ZW,1,five_view_mean,0.31014428,0.28708759,1,C5
terminalblock,terminalblock::terminalblock_0157_OK,terminalblock::terminalblock_0157_OK,0,five_view_mean,0.26055074,0.28708759,0,C3
terminalblock,terminalblock::terminalblock_0158_NG_AK,terminalblock::terminalblock_0158_NG_AK,1,five_view_mean,0.37651858,0.28708759,1,C1
terminalblock,terminalblock::terminalblock_0158_NG_QS,terminalblock::terminalblock_0158_NG_QS,1,five_view_mean,0.31424499,0.28708759,1,C5
terminalblock,terminalblock::terminalblock_0158_NG_ZW,terminalblock::terminalblock_0158_NG_ZW,1,five_view_mean,0.45302573,0.28708759,1,C4
terminalblock,terminalblock::terminalblock_0158_OK,terminalblock::terminalblock_0158_OK,0,five_view_mean,0.25892884,0.28708759,0,C5
terminalblock,terminalblock::terminalblock_0159_NG_AK,terminalblock::terminalblock_0159_NG_AK,1,five_view_mean,0.28524461,0.28708759,0,C2
terminalblock,terminalblock::terminalblock_0159_NG_QS,terminalblock::terminalblock_0159_NG_QS,1,five_view_mean,0.32287660,0.28708759,1,C1
terminalblock,terminalblock::terminalblock_0159_NG_ZW,terminalblock::terminalblock_0159_NG_ZW,1,five_view_mean,0.29986277,0.28708759,1,C2
terminalblock,terminalblock::terminalblock_0159_OK,terminalblock::terminalblock_0159_OK,0,five_view_mean,0.25382322,0.28708759,0,C5
terminalblock,terminalblock::terminalblock_0160_NG_AK,terminalblock::terminalblock_0160_NG_AK,1,five_view_mean,0.32052711,0.28708759,1,C2
terminalblock,terminalblock::terminalblock_0160_NG_QS,terminalblock::terminalblock_0160_NG_QS,1,five_view_mean,0.44463307,0.28708759,1,C4
terminalblock,terminalblock::terminalblock_0160_NG_ZW,terminalblock::terminalblock_0160_NG_ZW,1,five_view_mean,0.31206965,0.28708759,1,C2
terminalblock,terminalblock::terminalblock_0160_OK,terminalblock::terminalblock_0160_OK,0,five_view_mean,0.25960892,0.28708759,0,C4
terminalblock,terminalblock::terminalblock_0161_NG_AK,terminalblock::terminalblock_0161_NG_AK,1,five_view_mean,0.31849179,0.28708759,1,C4
terminalblock,terminalblock::terminalblock_0161_NG_QS,terminalblock::terminalblock_0161_NG_QS,1,five_view_mean,0.45593005,0.28708759,1,C5
terminalblock,terminalblock::terminalblock_0161_NG_ZW,terminalblock::terminalblock_0161_NG_ZW,1,five_view_mean,0.46404433,0.28708759,1,C4
terminalblock,terminalblock::terminalblock_0162_NG_AK,terminalblock::terminalblock_0162_NG_AK,1,five_view_mean,0.33736557,0.28708759,1,C2
terminalblock,terminalblock::terminalblock_0162_NG_QS,terminalblock::terminalblock_0162_NG_QS,1,five_view_mean,0.35856056,0.28708759,1,C1
terminalblock,terminalblock::terminalblock_0162_NG_ZW,terminalblock::terminalblock_0162_NG_ZW,1,five_view_mean,0.31723306,0.28708759,1,C3
terminalblock,terminalblock::terminalblock_0163_NG_AK,terminalblock::terminalblock_0163_NG_AK,1,five_view_mean,0.33498758,0.28708759,1,C1
terminalblock,terminalblock::terminalblock_0163_NG_QS,terminalblock::terminalblock_0163_NG_QS,1,five_view_mean,0.37784079,0.28708759,1,C4
terminalblock,terminalblock::terminalblock_0163_NG_ZW,terminalblock::terminalblock_0163_NG_ZW,1,five_view_mean,0.48900962,0.28708759,1,C4
terminalblock,terminalblock::terminalblock_0163_OK,terminalblock::terminalblock_0163_OK,0,five_view_mean,0.28437561,0.28708759,0,C4
terminalblock,terminalblock::terminalblock_0164_NG_AK,terminalblock::terminalblock_0164_NG_AK,1,five_view_mean,0.32260701,0.28708759,1,C4
terminalblock,terminalblock::terminalblock_0164_NG_QS,terminalblock::terminalblock_0164_NG_QS,1,five_view_mean,0.48231912,0.28708759,1,C4
terminalblock,terminalblock::terminalblock_0164_NG_ZW,terminalblock::terminalblock_0164_NG_ZW,1,five_view_mean,0.31045970,0.28708759,1,C5
terminalblock,terminalblock::terminalblock_0165_NG_AK,terminalblock::terminalblock_0165_NG_AK,1,five_view_mean,0.30411911,0.28708759,1,C4
terminalblock,terminalblock::terminalblock_0165_NG_QS,terminalblock::terminalblock_0165_NG_QS,1,five_view_mean,0.37522444,0.28708759,1,C4
terminalblock,terminalblock::terminalblock_0165_NG_ZW,terminalblock::terminalblock_0165_NG_ZW,1,five_view_mean,0.32444787,0.28708759,1,C3
terminalblock,terminalblock::terminalblock_0165_OK,terminalblock::terminalblock_0165_OK,0,five_view_mean,0.29088399,0.28708759,1,C4
terminalblock,terminalblock::terminalblock_0166_NG_AK,terminalblock::terminalblock_0166_NG_AK,1,five_view_mean,0.30233374,0.28708759,1,C2
terminalblock,terminalblock::terminalblock_0166_NG_QS,terminalblock::terminalblock_0166_NG_QS,1,five_view_mean,0.30587071,0.28708759,1,C1
terminalblock,terminalblock::terminalblock_0166_NG_ZW,terminalblock::terminalblock_0166_NG_ZW,1,five_view_mean,0.42287627,0.28708759,1,C4
terminalblock,terminalblock::terminalblock_0167_NG_AK,terminalblock::terminalblock_0167_NG_AK,1,five_view_mean,0.31597829,0.28708759,1,C2
terminalblock,terminalblock::terminalblock_0167_NG_QS,terminalblock::terminalblock_0167_NG_QS,1,five_view_mean,0.31866804,0.28708759,1,C1
terminalblock,terminalblock::terminalblock_0167_NG_ZW,terminalblock::terminalblock_0167_NG_ZW,1,five_view_mean,0.32944116,0.28708759,1,C4
terminalblock,terminalblock::terminalblock_0168_NG_AK,terminalblock::terminalblock_0168_NG_AK,1,five_view_mean,0.35436004,0.28708759,1,C4
terminalblock,terminalblock::terminalblock_0168_NG_QS,terminalblock::terminalblock_0168_NG_QS,1,five_view_mean,0.34298190,0.28708759,1,C4
terminalblock,terminalblock::terminalblock_0168_NG_ZW,terminalblock::terminalblock_0168_NG_ZW,1,five_view_mean,0.36835355,0.28708759,1,C4
terminalblock,terminalblock::terminalblock_0169_NG_AK,terminalblock::terminalblock_0169_NG_AK,1,five_view_mean,0.31278926,0.28708759,1,C2
terminalblock,terminalblock::terminalblock_0169_NG_QS,terminalblock::terminalblock_0169_NG_QS,1,five_view_mean,0.31413636,0.28708759,1,C1
terminalblock,terminalblock::terminalblock_0169_NG_ZW,terminalblock::terminalblock_0169_NG_ZW,1,five_view_mean,0.38273656,0.28708759,1,C1
terminalblock,terminalblock::terminalblock_0170_NG_AK,terminalblock::terminalblock_0170_NG_AK,1,five_view_mean,0.32722679,0.28708759,1,C2
terminalblock,terminalblock::terminalblock_0170_NG_QS,terminalblock::terminalblock_0170_NG_QS,1,five_view_mean,0.30725843,0.28708759,1,C1
terminalblock,terminalblock::terminalblock_0170_NG_ZW,terminalblock::terminalblock_0170_NG_ZW,1,five_view_mean,0.44701308,0.28708759,1,C4
terminalblock,terminalblock::terminalblock_0170_OK,terminalblock::terminalblock_0170_OK,0,five_view_mean,0.26640147,0.28708759,0,C4
terminalblock,terminalblock::terminalblock_0171_OK,terminalblock::terminalblock_0171_OK,0,five_view_mean,0.25335503,0.28708759,0,C2
terminalblock,terminalblock::terminalblock_0173_OK,terminalblock::terminalblock_0173_OK,0,five_view_mean,0.25682619,0.28708759,0,C2
terminalblock,terminalblock::terminalblock_0182_OK,terminalblock::terminalblock_0182_OK,0,five_view_mean,0.26553625,0.28708759,0,C2
terminalblock,terminalblock::terminalblock_0186_OK,terminalblock::terminalblock_0186_OK,0,five_view_mean,0.26462847,0.28708759,0,C1
terminalblock,terminalblock::terminalblock_0189_OK,terminalblock::terminalblock_0189_OK,0,five_view_mean,0.27110642,0.28708759,0,C5
terminalblock,terminalblock::terminalblock_0191_OK,terminalblock::terminalblock_0191_OK,0,five_view_mean,0.25885201,0.28708759,0,C1
terminalblock,terminalblock::terminalblock_0193_OK,terminalblock::terminalblock_0193_OK,0,five_view_mean,0.26820055,0.28708759,0,C1
terminalblock,terminalblock::terminalblock_0196_OK,terminalblock::terminalblock_0196_OK,0,five_view_mean,0.26134011,0.28708759,0,C1
terminalblock,terminalblock::terminalblock_0198_OK,terminalblock::terminalblock_0198_OK,0,five_view_mean,0.25886178,0.28708759,0,C1
terminalblock,terminalblock::terminalblock_0199_OK,terminalblock::terminalblock_0199_OK,0,five_view_mean,0.26758343,0.28708759,0,C1
terminalblock,terminalblock::terminalblock_0200_OK,terminalblock::terminalblock_0200_OK,0,five_view_mean,0.26156762,0.28708759,0,C1
terminalblock,terminalblock::terminalblock_0209_OK,terminalblock::terminalblock_0209_OK,0,five_view_mean,0.25774318,0.28708759,0,C4
terminalblock,terminalblock::terminalblock_0210_OK,terminalblock::terminalblock_0210_OK,0,five_view_mean,0.25543734,0.28708759,0,C5
terminalblock,terminalblock::terminalblock_0212_OK,terminalblock::terminalblock_0212_OK,0,five_view_mean,0.25870252,0.28708759,0,C1
terminalblock,terminalblock::terminalblock_0216_OK,terminalblock::terminalblock_0216_OK,0,five_view_mean,0.26605421,0.28708759,0,C2
terminalblock,terminalblock::terminalblock_0217_OK,terminalblock::terminalblock_0217_OK,0,five_view_mean,0.27610484,0.28708759,0,C4
terminalblock,terminalblock::terminalblock_0219_OK,terminalblock::terminalblock_0219_OK,0,five_view_mean,0.26539928,0.28708759,0,C5
terminalblock,terminalblock::terminalblock_0220_OK,terminalblock::terminalblock_0220_OK,0,five_view_mean,0.27394626,0.28708759,0,C2
terminalblock,terminalblock::terminalblock_0221_OK,terminalblock::terminalblock_0221_OK,0,five_view_mean,0.26951921,0.28708759,0,C4
terminalblock,terminalblock::terminalblock_0222_OK,terminalblock::terminalblock_0222_OK,0,five_view_mean,0.26950487,0.28708759,0,C4
terminalblock,terminalblock::terminalblock_0223_OK,terminalblock::terminalblock_0223_OK,0,five_view_mean,0.25853431,0.28708759,0,C4
terminalblock,terminalblock::terminalblock_0224_OK,terminalblock::terminalblock_0224_OK,0,five_view_mean,0.25962844,0.28708759,0,C4
terminalblock,terminalblock::terminalblock_0226_OK,terminalblock::terminalblock_0226_OK,0,five_view_mean,0.26760572,0.28708759,0,C4
terminalblock,terminalblock::terminalblock_0227_OK,terminalblock::terminalblock_0227_OK,0,five_view_mean,0.26609716,0.28708759,0,C4
terminalblock,terminalblock::terminalblock_0229_OK,terminalblock::terminalblock_0229_OK,0,five_view_mean,0.26998204,0.28708759,0,C5
terminalblock,terminalblock::terminalblock_0233_OK,terminalblock::terminalblock_0233_OK,0,five_view_mean,0.27461490,0.28708759,0,C4
terminalblock,terminalblock::terminalblock_0234_OK,terminalblock::terminalblock_0234_OK,0,five_view_mean,0.27740440,0.28708759,0,C4
terminalblock,terminalblock::terminalblock_0236_OK,terminalblock::terminalblock_0236_OK,0,five_view_mean,0.27912116,0.28708759,0,C4
terminalblock,terminalblock::terminalblock_0237_OK,terminalblock::terminalblock_0237_OK,0,five_view_mean,0.27960220,0.28708759,0,C4
terminalblock,terminalblock::terminalblock_0239_OK,terminalblock::terminalblock_0239_OK,0,five_view_mean,0.26772961,0.28708759,0,C5
terminalblock,terminalblock::terminalblock_0240_OK,terminalblock::terminalblock_0240_OK,0,five_view_mean,0.27810884,0.28708759,0,C1
terminalblock,terminalblock::terminalblock_0243_OK,terminalblock::terminalblock_0243_OK,0,five_view_mean,0.27420816,0.28708759,0,C5
terminalblock,terminalblock::terminalblock_0244_OK,terminalblock::terminalblock_0244_OK,0,five_view_mean,0.26501030,0.28708759,0,C5
terminalblock,terminalblock::terminalblock_0246_OK,terminalblock::terminalblock_0246_OK,0,five_view_mean,0.29648188,0.28708759,1,C4
terminalblock,terminalblock::terminalblock_0247_OK,terminalblock::terminalblock_0247_OK,0,five_view_mean,0.28562579,0.28708759,0,C4
terminalblock,terminalblock::terminalblock_0249_OK,terminalblock::terminalblock_0249_OK,0,five_view_mean,0.28577101,0.28708759,0,C4
terminalblock,terminalblock::terminalblock_0250_OK,terminalblock::terminalblock_0250_OK,0,five_view_mean,0.28333473,0.28708759,0,C4
terminalblock,terminalblock::terminalblock_0251_OK,terminalblock::terminalblock_0251_OK,0,five_view_mean,0.29113039,0.28708759,1,C4
terminalblock,terminalblock::terminalblock_0252_OK,terminalblock::terminalblock_0252_OK,0,five_view_mean,0.29472542,0.28708759,1,C4
terminalblock,terminalblock::terminalblock_0253_OK,terminalblock::terminalblock_0253_OK,0,five_view_mean,0.29658192,0.28708759,1,C4
terminalblock,terminalblock::terminalblock_0254_OK,terminalblock::terminalblock_0254_OK,0,five_view_mean,0.29570886,0.28708759,1,C4
terminalblock,terminalblock::terminalblock_0255_OK,terminalblock::terminalblock_0255_OK,0,five_view_mean,0.28411296,0.28708759,0,C4
terminalblock,terminalblock::terminalblock_0257_OK,terminalblock::terminalblock_0257_OK,0,five_view_mean,0.29176435,0.28708759,1,C4
terminalblock,terminalblock::terminalblock_0260_OK,terminalblock::terminalblock_0260_OK,0,five_view_mean,0.27301902,0.28708759,0,C4
terminalblock,terminalblock::terminalblock_0261_OK,terminalblock::terminalblock_0261_OK,0,five_view_mean,0.29593796,0.28708759,1,C4
terminalblock,terminalblock::terminalblock_0262_OK,terminalblock::terminalblock_0262_OK,0,five_view_mean,0.28787640,0.28708759,1,C4
terminalblock,terminalblock::terminalblock_0265_OK,terminalblock::terminalblock_0265_OK,0,five_view_mean,0.26376155,0.28708759,0,C5
terminalblock,terminalblock::terminalblock_0271_OK,terminalblock::terminalblock_0271_OK,0,five_view_mean,0.25357345,0.28708759,0,C3
terminalblock,terminalblock::terminalblock_0274_OK,terminalblock::terminalblock_0274_OK,0,five_view_mean,0.26749799,0.28708759,0,C4
terminalblock,terminalblock::terminalblock_0276_OK,terminalblock::terminalblock_0276_OK,0,five_view_mean,0.26921088,0.28708759,0,C4
terminalblock,terminalblock::terminalblock_0278_OK,terminalblock::terminalblock_0278_OK,0,five_view_mean,0.26944393,0.28708759,0,C5
terminalblock,terminalblock::terminalblock_0287_OK,terminalblock::terminalblock_0287_OK,0,five_view_mean,0.26433063,0.28708759,0,C2
terminalblock,terminalblock::terminalblock_0288_OK,terminalblock::terminalblock_0288_OK,0,five_view_mean,0.26184240,0.28708759,0,C2
terminalblock,terminalblock::terminalblock_0289_OK,terminalblock::terminalblock_0289_OK,0,five_view_mean,0.26606941,0.28708759,0,C4
terminalblock,terminalblock::terminalblock_0290_OK,terminalblock::terminalblock_0290_OK,0,five_view_mean,0.26449051,0.28708759,0,C5
terminalblock,terminalblock::terminalblock_0292_OK,terminalblock::terminalblock_0292_OK,0,five_view_mean,0.25732249,0.28708759,0,C4
terminalblock,terminalblock::terminalblock_0295_OK,terminalblock::terminalblock_0295_OK,0,five_view_mean,0.25780010,0.28708759,0,C4
terminalblock,terminalblock::terminalblock_0299_OK,terminalblock::terminalblock_0299_OK,0,five_view_mean,0.27891737,0.28708759,0,C3
terminalblock,terminalblock::terminalblock_0302_OK,terminalblock::terminalblock_0302_OK,0,five_view_mean,0.25099820,0.28708759,0,C4
terminalblock,terminalblock::terminalblock_0307_OK,terminalblock::terminalblock_0307_OK,0,five_view_mean,0.29350135,0.28708759,1,C2
terminalblock,terminalblock::terminalblock_0308_OK,terminalblock::terminalblock_0308_OK,0,five_view_mean,0.28878736,0.28708759,1,C2
terminalblock,terminalblock::terminalblock_0310_OK,terminalblock::terminalblock_0310_OK,0,five_view_mean,0.29388142,0.28708759,1,C2
terminalblock,terminalblock::terminalblock_0311_OK,terminalblock::terminalblock_0311_OK,0,five_view_mean,0.26799837,0.28708759,0,C2
terminalblock,terminalblock::terminalblock_0313_OK,terminalblock::terminalblock_0313_OK,0,five_view_mean,0.26744300,0.28708759,0,C5
terminalblock,terminalblock::terminalblock_0315_OK,terminalblock::terminalblock_0315_OK,0,five_view_mean,0.27213582,0.28708759,0,C3
terminalblock,terminalblock::terminalblock_0319_OK,terminalblock::terminalblock_0319_OK,0,five_view_mean,0.28245789,0.28708759,0,C2
terminalblock,terminalblock::terminalblock_0326_OK,terminalblock::terminalblock_0326_OK,0,five_view_mean,0.26245314,0.28708759,0,C3
terminalblock,terminalblock::terminalblock_0327_OK,terminalblock::terminalblock_0327_OK,0,five_view_mean,0.25745654,0.28708759,0,C4
terminalblock,terminalblock::terminalblock_0330_OK,terminalblock::terminalblock_0330_OK,0,five_view_mean,0.27680266,0.28708759,0,C1
terminalblock,terminalblock::terminalblock_0331_OK,terminalblock::terminalblock_0331_OK,0,five_view_mean,0.27703610,0.28708759,0,C2
terminalblock,terminalblock::terminalblock_0334_OK,terminalblock::terminalblock_0334_OK,0,five_view_mean,0.27086741,0.28708759,0,C1
terminalblock,terminalblock::terminalblock_0336_OK,terminalblock::terminalblock_0336_OK,0,five_view_mean,0.25945908,0.28708759,0,C4
terminalblock,terminalblock::terminalblock_0337_OK,terminalblock::terminalblock_0337_OK,0,five_view_mean,0.27228251,0.28708759,0,C5
terminalblock,terminalblock::terminalblock_0339_OK,terminalblock::terminalblock_0339_OK,0,five_view_mean,0.27273542,0.28708759,0,C4
terminalblock,terminalblock::terminalblock_0340_OK,terminalblock::terminalblock_0340_OK,0,five_view_mean,0.27132219,0.28708759,0,C2
terminalblock,terminalblock::terminalblock_0343_OK,terminalblock::terminalblock_0343_OK,0,five_view_mean,0.36532035,0.28708759,1,C1
terminalblock,terminalblock::terminalblock_0344_OK,terminalblock::terminalblock_0344_OK,0,five_view_mean,0.37032908,0.28708759,1,C1
terminalblock,terminalblock::terminalblock_0345_OK,terminalblock::terminalblock_0345_OK,0,five_view_mean,0.36529046,0.28708759,1,C1
terminalblock,terminalblock::terminalblock_0346_OK,terminalblock::terminalblock_0346_OK,0,five_view_mean,0.37424737,0.28708759,1,C5
terminalblock,terminalblock::terminalblock_0347_OK,terminalblock::terminalblock_0347_OK,0,five_view_mean,0.36640751,0.28708759,1,C5
terminalblock,terminalblock::terminalblock_0348_OK,terminalblock::terminalblock_0348_OK,0,five_view_mean,0.27857962,0.28708759,0,C1
terminalblock,terminalblock::terminalblock_0349_OK,terminalblock::terminalblock_0349_OK,0,five_view_mean,0.27841583,0.28708759,0,C1
terminalblock,terminalblock::terminalblock_0350_OK,terminalblock::terminalblock_0350_OK,0,five_view_mean,0.27847910,0.28708759,0,C1
terminalblock,terminalblock::terminalblock_0351_OK,terminalblock::terminalblock_0351_OK,0,five_view_mean,0.28477836,0.28708759,0,C1
terminalblock,terminalblock::terminalblock_0352_OK,terminalblock::terminalblock_0352_OK,0,five_view_mean,0.28639048,0.28708759,0,C1
terminalblock,terminalblock::terminalblock_0355_OK,terminalblock::terminalblock_0355_OK,0,five_view_mean,0.27534568,0.28708759,0,C1
terminalblock,terminalblock::terminalblock_0356_OK,terminalblock::terminalblock_0356_OK,0,five_view_mean,0.28006166,0.28708759,0,C1
terminalblock,terminalblock::terminalblock_0357_OK,terminalblock::terminalblock_0357_OK,0,five_view_mean,0.28174666,0.28708759,0,C1
terminalblock,terminalblock::terminalblock_0358_OK,terminalblock::terminalblock_0358_OK,0,five_view_mean,0.28479216,0.28708759,0,C1
terminalblock,terminalblock::terminalblock_0359_OK,terminalblock::terminalblock_0359_OK,0,five_view_mean,0.28372985,0.28708759,0,C1
terminalblock,terminalblock::terminalblock_0364_OK,terminalblock::terminalblock_0364_OK,0,five_view_mean,0.25479737,0.28708759,0,C4
terminalblock,terminalblock::terminalblock_0365_OK,terminalblock::terminalblock_0365_OK,0,five_view_mean,0.28632730,0.28708759,0,C5
terminalblock,terminalblock::terminalblock_0366_OK,terminalblock::terminalblock_0366_OK,0,five_view_mean,0.26377124,0.28708759,0,C4
terminalblock,terminalblock::terminalblock_0367_OK,terminalblock::terminalblock_0367_OK,0,five_view_mean,0.27653033,0.28708759,0,C5
terminalblock,terminalblock::terminalblock_0368_OK,terminalblock::terminalblock_0368_OK,0,five_view_mean,0.26484257,0.28708759,0,C1
terminalblock,terminalblock::terminalblock_0369_OK,terminalblock::terminalblock_0369_OK,0,five_view_mean,0.26466563,0.28708759,0,C2
terminalblock,terminalblock::terminalblock_0370_OK,terminalblock::terminalblock_0370_OK,0,five_view_mean,0.27351350,0.28708759,0,C1
terminalblock,terminalblock::terminalblock_0374_OK,terminalblock::terminalblock_0374_OK,0,five_view_mean,0.26107287,0.28708759,0,C4
terminalblock,terminalblock::terminalblock_0376_OK,terminalblock::terminalblock_0376_OK,0,five_view_mean,0.29626197,0.28708759,1,C1
terminalblock,terminalblock::terminalblock_0377_OK,terminalblock::terminalblock_0377_OK,0,five_view_mean,0.27772051,0.28708759,0,C1
terminalblock,terminalblock::terminalblock_0378_OK,terminalblock::terminalblock_0378_OK,0,five_view_mean,0.28611189,0.28708759,0,C1
terminalblock,terminalblock::terminalblock_0382_OK,terminalblock::terminalblock_0382_OK,0,five_view_mean,0.28934777,0.28708759,1,C1
terminalblock,terminalblock::terminalblock_0385_OK,terminalblock::terminalblock_0385_OK,0,five_view_mean,0.27487436,0.28708759,0,C1
terminalblock,terminalblock::terminalblock_0391_OK,terminalblock::terminalblock_0391_OK,0,five_view_mean,0.25455296,0.28708759,0,C5
terminalblock,terminalblock::terminalblock_0393_OK,terminalblock::terminalblock_0393_OK,0,five_view_mean,0.25267237,0.28708759,0,C4
terminalblock,terminalblock::terminalblock_0396_OK,terminalblock::terminalblock_0396_OK,0,five_view_mean,0.27303404,0.28708759,0,C4
terminalblock,terminalblock::terminalblock_0397_OK,terminalblock::terminalblock_0397_OK,0,five_view_mean,0.26458877,0.28708759,0,C4
terminalblock,terminalblock::terminalblock_0398_OK,terminalblock::terminalblock_0398_OK,0,five_view_mean,0.28807947,0.28708759,1,C1
terminalblock,terminalblock::terminalblock_0400_OK,terminalblock::terminalblock_0400_OK,0,five_view_mean,0.28263694,0.28708759,0,C4
terminalblock,terminalblock::terminalblock_0401_OK,terminalblock::terminalblock_0401_OK,0,five_view_mean,0.27551439,0.28708759,0,C4
terminalblock,terminalblock::terminalblock_0404_OK,terminalblock::terminalblock_0404_OK,0,five_view_mean,0.27520844,0.28708759,0,C5
terminalblock,terminalblock::terminalblock_0405_OK,terminalblock::terminalblock_0405_OK,0,five_view_mean,0.26258802,0.28708759,0,C4
terminalblock,terminalblock::terminalblock_0407_OK,terminalblock::terminalblock_0407_OK,0,five_view_mean,0.25382751,0.28708759,0,C4
terminalblock,terminalblock::terminalblock_0408_OK,terminalblock::terminalblock_0408_OK,0,five_view_mean,0.26968926,0.28708759,0,C4
terminalblock,terminalblock::terminalblock_0409_OK,terminalblock::terminalblock_0409_OK,0,five_view_mean,0.26776689,0.28708759,0,C4
terminalblock,terminalblock::terminalblock_0410_OK,terminalblock::terminalblock_0410_OK,0,five_view_mean,0.26777533,0.28708759,0,C1
terminalblock,terminalblock::terminalblock_0411_OK,terminalblock::terminalblock_0411_OK,0,five_view_mean,0.26745126,0.28708759,0,C1
terminalblock,terminalblock::terminalblock_0418_OK,terminalblock::terminalblock_0418_OK,0,five_view_mean,0.25906506,0.28708759,0,C1
terminalblock,terminalblock::terminalblock_0419_OK,terminalblock::terminalblock_0419_OK,0,five_view_mean,0.26973814,0.28708759,0,C1
terminalblock,terminalblock::terminalblock_0421_OK,terminalblock::terminalblock_0421_OK,0,five_view_mean,0.28124636,0.28708759,0,C4
terminalblock,terminalblock::terminalblock_0425_OK,terminalblock::terminalblock_0425_OK,0,five_view_mean,0.25765619,0.28708759,0,C4
terminalblock,terminalblock::terminalblock_0426_OK,terminalblock::terminalblock_0426_OK,0,five_view_mean,0.26220649,0.28708759,0,C5
terminalblock,terminalblock::terminalblock_0428_OK,terminalblock::terminalblock_0428_OK,0,five_view_mean,0.26712412,0.28708759,0,C4
terminalblock,terminalblock::terminalblock_0433_OK,terminalblock::terminalblock_0433_OK,0,five_view_mean,0.26871029,0.28708759,0,C4
terminalblock,terminalblock::terminalblock_0434_OK,terminalblock::terminalblock_0434_OK,0,five_view_mean,0.27354437,0.28708759,0,C4
terminalblock,terminalblock::terminalblock_0435_OK,terminalblock::terminalblock_0435_OK,0,five_view_mean,0.25915414,0.28708759,0,C4
terminalblock,terminalblock::terminalblock_0436_OK,terminalblock::terminalblock_0436_OK,0,five_view_mean,0.26522535,0.28708759,0,C5
terminalblock,terminalblock::terminalblock_0439_OK,terminalblock::terminalblock_0439_OK,0,five_view_mean,0.27072406,0.28708759,0,C4
terminalblock,terminalblock::terminalblock_0440_OK,terminalblock::terminalblock_0440_OK,0,five_view_mean,0.27902132,0.28708759,0,C4
terminalblock,terminalblock::terminalblock_0444_OK,terminalblock::terminalblock_0444_OK,0,five_view_mean,0.26099056,0.28708759,0,C4
terminalblock,terminalblock::terminalblock_0447_OK,terminalblock::terminalblock_0447_OK,0,five_view_mean,0.27082154,0.28708759,0,C5
terminalblock,terminalblock::terminalblock_0448_OK,terminalblock::terminalblock_0448_OK,0,five_view_mean,0.27164119,0.28708759,0,C4
terminalblock,terminalblock::terminalblock_0450_OK,terminalblock::terminalblock_0450_OK,0,five_view_mean,0.26335537,0.28708759,0,C5
terminalblock,terminalblock::terminalblock_0452_OK,terminalblock::terminalblock_0452_OK,0,five_view_mean,0.26265588,0.28708759,0,C4
terminalblock,terminalblock::terminalblock_0453_OK,terminalblock::terminalblock_0453_OK,0,five_view_mean,0.27344209,0.28708759,0,C4
terminalblock,terminalblock::terminalblock_0454_OK,terminalblock::terminalblock_0454_OK,0,five_view_mean,0.27742982,0.28708759,0,C4
terminalblock,terminalblock::terminalblock_0458_OK,terminalblock::terminalblock_0458_OK,0,five_view_mean,0.26337117,0.28708759,0,C2
terminalblock,terminalblock::terminalblock_0460_OK,terminalblock::terminalblock_0460_OK,0,five_view_mean,0.28669390,0.28708759,0,C1
terminalblock,terminalblock::terminalblock_0461_OK,terminalblock::terminalblock_0461_OK,0,five_view_mean,0.27962726,0.28708759,0,C1
terminalblock,terminalblock::terminalblock_0464_OK,terminalblock::terminalblock_0464_OK,0,five_view_mean,0.28844833,0.28708759,1,C1
terminalblock,terminalblock::terminalblock_0466_OK,terminalblock::terminalblock_0466_OK,0,five_view_mean,0.28118700,0.28708759,0,C1
terminalblock,terminalblock::terminalblock_0467_OK,terminalblock::terminalblock_0467_OK,0,five_view_mean,0.27647060,0.28708759,0,C1
terminalblock,terminalblock::terminalblock_0468_OK,terminalblock::terminalblock_0468_OK,0,five_view_mean,0.27155727,0.28708759,0,C4
terminalblock,terminalblock::terminalblock_0469_OK,terminalblock::terminalblock_0469_OK,0,five_view_mean,0.27708361,0.28708759,0,C2
terminalblock,terminalblock::terminalblock_0470_OK,terminalblock::terminalblock_0470_OK,0,five_view_mean,0.26081771,0.28708759,0,C2
terminalblock,terminalblock::terminalblock_0471_OK,terminalblock::terminalblock_0471_OK,0,five_view_mean,0.28530586,0.28708759,0,C4
terminalblock,terminalblock::terminalblock_0473_OK,terminalblock::terminalblock_0473_OK,0,five_view_mean,0.28158981,0.28708759,0,C4
terminalblock,terminalblock::terminalblock_0475_OK,terminalblock::terminalblock_0475_OK,0,five_view_mean,0.26720861,0.28708759,0,C4
terminalblock,terminalblock::terminalblock_0476_OK,terminalblock::terminalblock_0476_OK,0,five_view_mean,0.27356619,0.28708759,0,C4
terminalblock,terminalblock::terminalblock_0482_OK,terminalblock::terminalblock_0482_OK,0,five_view_mean,0.26333433,0.28708759,0,C4
terminalblock,terminalblock::terminalblock_0484_OK,terminalblock::terminalblock_0484_OK,0,five_view_mean,0.26407731,0.28708759,0,C4
terminalblock,terminalblock::terminalblock_0485_OK,terminalblock::terminalblock_0485_OK,0,five_view_mean,0.26227152,0.28708759,0,C5
terminalblock,terminalblock::terminalblock_0487_OK,terminalblock::terminalblock_0487_OK,0,five_view_mean,0.26501235,0.28708759,0,C3
terminalblock,terminalblock::terminalblock_0488_OK,terminalblock::terminalblock_0488_OK,0,five_view_mean,0.25675932,0.28708759,0,C4
terminalblock,terminalblock::terminalblock_0489_OK,terminalblock::terminalblock_0489_OK,0,five_view_mean,0.26079807,0.28708759,0,C4
terminalblock,terminalblock::terminalblock_0490_OK,terminalblock::terminalblock_0490_OK,0,five_view_mean,0.25384372,0.28708759,0,C4
terminalblock,terminalblock::terminalblock_0492_OK,terminalblock::terminalblock_0492_OK,0,five_view_mean,0.26486662,0.28708759,0,C4
terminalblock,terminalblock::terminalblock_0494_OK,terminalblock::terminalblock_0494_OK,0,five_view_mean,0.27612644,0.28708759,0,C4
terminalblock,terminalblock::terminalblock_0496_OK,terminalblock::terminalblock_0496_OK,0,five_view_mean,0.25888520,0.28708759,0,C1
terminalblock,terminalblock::terminalblock_0498_OK,terminalblock::terminalblock_0498_OK,0,five_view_mean,0.27852038,0.28708759,0,C4
terminalblock,terminalblock::terminalblock_0499_OK,terminalblock::terminalblock_0499_OK,0,five_view_mean,0.26670125,0.28708759,0,C5
terminalblock,terminalblock::terminalblock_1038_NG_ZW,terminalblock::terminalblock_1038_NG_ZW,1,five_view_mean,0.26464945,0.28708759,0,C4
terminalblock,terminalblock::terminalblock_1056_NG_ZW,terminalblock::terminalblock_1056_NG_ZW,1,five_view_mean,0.28196290,0.28708759,0,C4
terminalblock,terminalblock::terminalblock_1087_NG_ZW,terminalblock::terminalblock_1087_NG_ZW,1,five_view_mean,0.25350240,0.28708759,0,C3
terminalblock,terminalblock::terminalblock_1116_NG_ZW,terminalblock::terminalblock_1116_NG_ZW,1,five_view_mean,0.26060155,0.28708759,0,C4
terminalblock,terminalblock::terminalblock_1151_NG_ZW,terminalblock::terminalblock_1151_NG_ZW,1,five_view_mean,0.25336188,0.28708759,0,C3
terminalblock,terminalblock::terminalblock_1155_NG_ZW,terminalblock::terminalblock_1155_NG_ZW,1,five_view_mean,0.26801100,0.28708759,0,C4
terminalblock,terminalblock::terminalblock_1167_NG_ZW,terminalblock::terminalblock_1167_NG_ZW,1,five_view_mean,0.27118796,0.28708759,0,C4
terminalblock,terminalblock::terminalblock_1169_NG_ZW,terminalblock::terminalblock_1169_NG_ZW,1,five_view_mean,0.27057296,0.28708759,0,C5
terminalblock,terminalblock::terminalblock_1174_NG_ZW,terminalblock::terminalblock_1174_NG_ZW,1,five_view_mean,0.25699076,0.28708759,0,C4
terminalblock,terminalblock::terminalblock_1179_NG_ZW,terminalblock::terminalblock_1179_NG_ZW,1,five_view_mean,0.27994639,0.28708759,0,C4
terminalblock,terminalblock::terminalblock_1192_NG_ZW,terminalblock::terminalblock_1192_NG_ZW,1,five_view_mean,0.25671449,0.28708759,0,C1
terminalblock,terminalblock::terminalblock_1207_NG_ZW,terminalblock::terminalblock_1207_NG_ZW,1,five_view_mean,0.26027471,0.28708759,0,C4
terminalblock,terminalblock::terminalblock_1441_NG_ZW,terminalblock::terminalblock_1441_NG_ZW,1,five_view_mean,0.27748221,0.28708759,0,C1
